Nuclear binding energies (in MeV) predicted from DZ28 together with the radial basis function (RBF) approach 
and Garvey-Kelson (GK12) relations to capture the local corrections. 

Reference: Ning Wang and Min Liu, Phys. Rev. C 84, 051303(R) (2011)

Litao@gxnu.edu.cn
2026-6-22
------------------------------------------
A       Z       B(DZ28)       B(DZ28+RBF)
------------------------------------------
16,	8,	126.953,	127.184
17,	8,	131.625,	131.601
18,	8,	140.406,	139.988
19,	8,	144.447,	143.831
20,	8,	152.539,	151.871
21,	8,	155.100,	154.893
22,	8,	162.182,	162.206
23,	8,	163.893,	164.532
24,	8,	167.214,	168.353
25,	8,	166.706,	167.677
26,	8,	167.947,	168.673
27,	8,	165.959,	166.587
28,	8,	166.270,	167.139
29,	8,	163.981,	164.987
30,	8,	164.293,	165.623
31,	8,	162.264,	163.541
32,	8,	162.875,	164.109
33,	8,	159.357,	160.461
34,	8,	160.658,	161.610
17,	9,	127.722,	127.916
18,	9,	138.104,	137.900
19,	9,	148.525,	148.091
20,	9,	154.197,	153.970
21,	9,	163.518,	163.126
22,	9,	167.789,	167.489
23,	9,	175.781,	175.700
24,	9,	179.082,	179.109
25,	9,	183.153,	183.421
26,	9,	184.425,	184.536
27,	9,	186.366,	186.468
28,	9,	186.298,	186.356
29,	9,	187.229,	187.791
30,	9,	186.540,	187.536
31,	9,	186.932,	188.233
32,	9,	186.493,	187.880
33,	9,	187.004,	188.218
34,	9,	185.206,	186.240
35,	9,	185.217,	186.056
36,	9,	185.039,	185.702
37,	9,	185.290,	185.817
38,	9,	183.481,	183.917
39,	9,	180.663,	181.050
18,	10,	132.471,	132.300
19,	10,	144.493,	144.398
20,	10,	159.994,	160.263
21,	10,	166.756,	167.028
22,	10,	177.597,	177.919
23,	10,	182.718,	182.575
24,	10,	192.260,	192.115
25,	10,	196.171,	195.878
26,	10,	202.012,	201.644
27,	10,	203.814,	203.338
28,	10,	207.665,	206.978
29,	10,	208.067,	207.789
30,	10,	210.978,	211.111
31,	10,	210.339,	211.350
32,	10,	212.411,	213.786
33,	10,	211.852,	213.208
34,	10,	214.003,	215.164
35,	10,	212.895,	213.804
36,	10,	214.556,	215.220
37,	10,	213.108,	213.578
38,	10,	215.789,	216.116
39,	10,	212.690,	212.940
40,	10,	212.602,	212.829
41,	10,	208.073,	208.318
42,	10,	206.695,	206.979
43,	10,	201.036,	201.366
44,	10,	198.647,	199.019
19,	11,	131.620,	131.419
20,	11,	145.552,	145.603
21,	11,	162.173,	162.524
22,	11,	173.835,	174.298
23,	11,	186.006,	186.671
24,	11,	192.497,	192.756
25,	11,	203.049,	202.941
26,	11,	208.470,	208.080
27,	11,	215.331,	214.843
28,	11,	218.743,	218.186
29,	11,	223.494,	222.734
30,	11,	225.586,	225.095
31,	11,	229.247,	229.299
32,	11,	230.078,	230.799
33,	11,	232.490,	233.766
34,	11,	233.381,	234.767
35,	11,	235.693,	236.729
36,	11,	236.024,	236.751
37,	11,	237.695,	238.159
38,	11,	237.697,	237.904
39,	11,	239.298,	239.369
40,	11,	238.629,	238.653
41,	11,	237.611,	237.656
42,	11,	235.662,	235.773
43,	11,	233.314,	233.508
44,	11,	230.355,	230.631
45,	11,	226.936,	227.279
46,	11,	223.218,	223.609
47,	11,	219.009,	219.429
20,	12,	135.109,	134.748
21,	12,	150.291,	150.126
22,	12,	168.272,	168.672
23,	12,	181.264,	182.071
24,	12,	197.795,	198.286
25,	12,	205.206,	205.581
26,	12,	216.968,	217.097
27,	12,	223.279,	223.216
28,	12,	231.710,	231.556
29,	12,	235.872,	235.453
30,	12,	242.263,	241.797
31,	12,	244.985,	244.344
32,	12,	250.336,	250.021
33,	12,	251.467,	251.784
34,	12,	255.359,	256.132
35,	12,	256.380,	257.212
36,	12,	260.142,	260.647
37,	12,	260.473,	260.790
38,	12,	263.564,	263.678
39,	12,	264.156,	264.103
40,	12,	267.137,	266.896
41,	12,	265.698,	265.453
42,	12,	267.120,	266.969
43,	12,	264.331,	264.315
44,	12,	264.533,	264.659
45,	12,	260.664,	260.911
46,	12,	259.905,	260.244
47,	12,	255.207,	255.606
48,	12,	253.718,	254.151
49,	12,	248.409,	248.854
50,	12,	246.401,	246.842
51,	12,	241.622,	242.046
52,	12,	238.584,	238.982
53,	12,	233.445,	233.811
54,	12,	230.196,	230.524
21,	13,	131.848,	131.313
22,	13,	149.010,	148.740
23,	13,	167.931,	167.967
24,	13,	182.513,	182.832
25,	13,	199.984,	200.304
26,	13,	211.705,	212.035
27,	13,	224.567,	224.882
28,	13,	232.308,	232.386
29,	13,	241.960,	242.008
30,	13,	247.591,	247.610
31,	13,	255.022,	254.777
32,	13,	259.244,	258.923
33,	13,	265.455,	264.917
34,	13,	267.936,	267.614
35,	13,	272.358,	272.361
36,	13,	274.699,	274.719
37,	13,	278.801,	278.704
38,	13,	280.442,	280.369
39,	13,	283.733,	283.431
40,	13,	285.555,	284.995
41,	13,	288.546,	287.917
42,	13,	288.667,	288.141
43,	13,	289.569,	289.267
44,	13,	289.090,	288.987
45,	13,	288.682,	288.783
46,	13,	287.223,	287.482
47,	13,	285.764,	286.133
48,	13,	283.546,	283.980
49,	13,	281.277,	281.742
50,	13,	278.498,	278.970
51,	13,	275.620,	276.080
52,	13,	272.471,	272.909
53,	13,	270.253,	270.661
54,	13,	266.574,	266.946
55,	13,	263.025,	263.356
22,	14,	133.718,	133.215
23,	14,	151.829,	151.594
24,	14,	172.180,	172.067
25,	14,	187.782,	187.815
26,	14,	206.333,	206.536
27,	14,	219.164,	219.551
28,	14,	235.826,	236.123
29,	14,	244.657,	244.922
30,	14,	255.709,	255.743
31,	14,	262.240,	262.366
32,	14,	271.111,	271.336
33,	14,	276.073,	276.085
34,	14,	283.744,	283.432
35,	14,	286.685,	286.396
36,	14,	292.427,	291.988
37,	14,	295.058,	294.704
38,	14,	300.450,	300.031
39,	14,	302.251,	301.796
40,	14,	306.822,	306.362
41,	14,	308.634,	307.787
42,	14,	312.845,	311.822
43,	14,	313.796,	312.854
44,	14,	316.268,	315.853
45,	14,	315.289,	315.146
46,	14,	317.151,	317.296
47,	14,	315.092,	315.421
48,	14,	315.983,	316.427
49,	14,	313.065,	313.565
50,	14,	313.196,	313.714
51,	14,	309.638,	310.147
52,	14,	309.199,	309.685
53,	14,	305.180,	305.635
54,	14,	304.542,	304.961
55,	14,	300.553,	300.932
56,	14,	298.494,	298.829
57,	14,	294.736,	295.022
58,	14,	292.907,	293.141
59,	14,	289.009,	289.186
60,	14,	287.050,	287.167
61,	14,	283.671,	283.725
62,	14,	282.223,	282.211
63,	14,	278.994,	278.916
64,	14,	277.805,	277.661
23,	15,	128.697,	128.279
24,	15,	148.688,	148.269
25,	15,	169.769,	169.513
26,	15,	187.111,	187.014
27,	15,	206.622,	206.564
28,	15,	221.043,	221.172
29,	15,	238.815,	238.971
30,	15,	251.286,	251.006
31,	15,	263.258,	262.988
32,	15,	270.779,	270.559
33,	15,	280.520,	280.749
34,	15,	286.612,	286.929
35,	15,	295.073,	295.272
36,	15,	299.334,	299.044
37,	15,	305.876,	305.662
38,	15,	309.867,	309.482
39,	15,	315.949,	315.755
40,	15,	319.160,	319.118
41,	15,	324.331,	324.174
42,	15,	327.563,	326.716
43,	15,	332.274,	331.138
44,	15,	334.256,	333.299
45,	15,	336.797,	336.388
46,	15,	337.028,	337.070
47,	15,	338.280,	338.564
48,	15,	338.121,	338.594
49,	15,	338.362,	338.931
50,	15,	337.474,	338.071
51,	15,	336.905,	337.491
52,	15,	335.457,	336.010
53,	15,	334.268,	334.781
54,	15,	332.439,	332.911
55,	15,	330.991,	331.419
56,	15,	328.482,	328.867
57,	15,	327.203,	327.542
58,	15,	324.955,	325.244
59,	15,	323.086,	323.320
60,	15,	320.698,	320.872
61,	15,	318.639,	318.749
62,	15,	316.750,	316.793
63,	15,	315.132,	315.105
64,	15,	313.383,	313.285
65,	15,	311.944,	311.776
66,	15,	308.266,	308.029
67,	15,	303.847,	303.544
24,	16,	126.166,	125.871
25,	16,	146.947,	146.739
26,	16,	169.728,	169.523
27,	16,	188.110,	188.064
28,	16,	209.101,	209.180
29,	16,	224.772,	224.921
30,	16,	243.834,	243.838
31,	16,	257.235,	256.949
32,	16,	272.717,	272.033
33,	16,	280.998,	280.661
34,	16,	291.819,	291.887
35,	16,	298.621,	299.061
36,	16,	308.272,	308.632
37,	16,	313.244,	313.455
38,	16,	321.105,	320.981
39,	16,	325.706,	325.632
40,	16,	333.138,	333.063
41,	16,	336.869,	337.188
42,	16,	343.430,	343.455
43,	16,	347.072,	346.632
44,	16,	353.183,	352.204
45,	16,	355.185,	354.503
46,	16,	358.896,	358.594
47,	16,	359.717,	359.911
48,	16,	362.259,	362.807
49,	16,	361.560,	362.256
50,	16,	363.711,	364.453
51,	16,	362.223,	362.940
52,	16,	363.664,	364.323
53,	16,	361.556,	362.149
54,	16,	362.467,	363.000
55,	16,	359.908,	360.389
56,	16,	360.620,	361.054
57,	16,	357.371,	357.760
58,	16,	357.552,	357.895
59,	16,	355.204,	355.495
60,	16,	354.835,	355.070
61,	16,	352.297,	352.469
62,	16,	351.748,	351.852
63,	16,	349.639,	349.671
64,	16,	349.501,	349.458
65,	16,	347.462,	347.343
66,	16,	347.484,	347.290
67,	16,	343.265,	342.998
68,	16,	340.146,	339.810
25,	17,	118.045,	117.813
26,	17,	140.906,	140.736
27,	17,	164.387,	164.335
28,	17,	184.619,	184.683
29,	17,	206.450,	206.551
30,	17,	223.762,	224.038
31,	17,	243.783,	243.777
32,	17,	258.314,	258.053
33,	17,	274.576,	274.111
34,	17,	286.367,	285.901
35,	17,	298.198,	298.133
36,	17,	306.040,	306.353
37,	17,	316.591,	316.917
38,	17,	322.753,	322.945
39,	17,	331.474,	331.323
40,	17,	337.275,	336.989
41,	17,	345.447,	345.329
42,	17,	350.418,	350.542
43,	17,	357.619,	357.914
44,	17,	362.491,	362.318
45,	17,	369.112,	368.709
46,	17,	372.154,	371.739
47,	17,	376.115,	376.315
48,	17,	378.046,	378.652
49,	17,	380.808,	381.734
50,	17,	381.339,	382.332
51,	17,	383.110,	384.059
52,	17,	383.442,	384.278
53,	17,	384.433,	385.147
54,	17,	384.235,	384.847
55,	17,	384.616,	385.152
56,	17,	384.037,	384.515
57,	17,	384.139,	384.570
58,	17,	382.950,	383.339
59,	17,	382.482,	382.826
60,	17,	381.483,	381.778
61,	17,	381.814,	382.052
62,	17,	380.646,	380.818
63,	17,	380.047,	380.147
64,	17,	379.268,	379.290
65,	17,	379.010,	378.950
66,	17,	378.301,	378.160
67,	17,	378.123,	377.901
68,	17,	375.084,	374.785
69,	17,	371.645,	371.273
27,	18,	136.405,	136.304
28,	18,	161.736,	161.709
29,	18,	182.908,	183.048
30,	18,	206.329,	206.503
31,	18,	224.721,	224.994
32,	18,	246.102,	246.336
33,	18,	261.513,	261.632
34,	18,	278.765,	278.744
35,	18,	291.576,	291.517
36,	18,	306.767,	306.820
37,	18,	315.439,	315.821
38,	18,	327.070,	327.422
39,	18,	334.012,	334.242
40,	18,	343.913,	343.765
41,	18,	350.384,	350.041
42,	18,	359.746,	359.313
43,	18,	365.287,	365.164
44,	18,	373.708,	373.720
45,	18,	379.030,	378.891
46,	18,	386.871,	386.852
47,	18,	390.113,	390.160
48,	18,	395.184,	395.707
49,	18,	397.295,	398.290
50,	18,	401.247,	402.622
51,	18,	402.438,	403.840
52,	18,	405.470,	406.545
53,	18,	405.431,	406.334
54,	18,	408.232,	408.951
55,	18,	407.594,	408.186
56,	18,	409.855,	410.365
57,	18,	408.766,	409.223
58,	18,	410.798,	411.216
59,	18,	409.049,	409.434
60,	18,	410.571,	410.918
61,	18,	408.912,	409.213
62,	18,	410.553,	410.797
63,	18,	409.295,	409.469
64,	18,	410.056,	410.152
65,	18,	409.117,	409.129
66,	18,	410.189,	410.111
67,	18,	409.250,	409.084
68,	18,	410.382,	410.128
69,	18,	406.983,	406.647
70,	18,	404.814,	404.402
71,	18,	400.696,	400.213
72,	18,	397.797,	397.251
73,	18,	393.048,	392.446
74,	18,	389.510,	388.857
29,	19,	154.175,	154.192
30,	19,	177.277,	177.383
31,	19,	201.458,	201.658
32,	19,	221.540,	221.799
33,	19,	243.741,	244.078
34,	19,	260.442,	260.793
35,	19,	278.444,	278.665
36,	19,	292.415,	292.676
37,	19,	308.436,	308.697
38,	19,	320.428,	320.697
39,	19,	333.059,	333.605
40,	19,	341.071,	341.071
41,	19,	351.892,	351.753
42,	19,	359.433,	358.775
43,	19,	369.575,	369.020
44,	19,	376.226,	375.681
45,	19,	385.307,	385.183
46,	19,	391.719,	391.701
47,	19,	400.110,	400.341
48,	19,	404.342,	404.837
49,	19,	409.803,	410.841
50,	19,	412.964,	414.496
51,	19,	417.266,	419.126
52,	19,	419.567,	421.320
53,	19,	422.909,	424.243
54,	19,	424.070,	424.909
55,	19,	426.611,	427.273
56,	19,	427.683,	428.199
57,	19,	429.614,	430.063
58,	19,	430.285,	430.700
59,	19,	431.897,	432.291
60,	19,	431.988,	432.366
61,	19,	433.020,	433.372
62,	19,	433.221,	433.533
63,	19,	434.272,	434.527
64,	19,	434.234,	434.414
65,	19,	435.625,	435.720
66,	19,	435.906,	435.907
67,	19,	436.898,	436.801
68,	19,	437.159,	436.964
69,	19,	438.141,	437.851
70,	19,	435.912,	435.534
71,	19,	433.553,	433.095
72,	19,	430.635,	430.104
73,	19,	427.556,	426.962
74,	19,	424.038,	423.388
75,	19,	420.319,	419.621
29,	20,	122.033,	121.994
30,	20,	149.974,	150.003
31,	20,	173.876,	173.980
32,	20,	199.707,	199.883
33,	20,	220.699,	220.951
34,	20,	244.310,	244.595
35,	20,	261.831,	262.215
36,	20,	280.953,	281.365
37,	20,	295.854,	296.203
38,	20,	312.875,	313.267
39,	20,	325.867,	326.455
40,	20,	341.638,	341.802
41,	20,	350.510,	350.621
42,	20,	362.361,	361.892
43,	20,	370.632,	370.108
44,	20,	381.814,	381.006
45,	20,	389.075,	388.601
46,	20,	399.227,	398.796
47,	20,	406.128,	406.093
48,	20,	415.579,	415.857
49,	20,	420.141,	420.788
50,	20,	426.652,	427.610
51,	20,	430.113,	431.630
52,	20,	435.515,	437.472
53,	20,	438.066,	439.617
54,	20,	442.558,	443.612
55,	20,	444.389,	445.064
56,	20,	448.130,	448.541
57,	20,	448.932,	449.325
58,	20,	452.553,	452.916
59,	20,	452.884,	453.238
60,	20,	456.226,	456.589
61,	20,	455.897,	456.271
62,	20,	458.709,	459.073
63,	20,	458.390,	458.721
64,	20,	461.241,	461.513
65,	20,	460.603,	460.794
66,	20,	463.184,	463.279
67,	20,	463.356,	463.345
68,	20,	465.557,	465.437
69,	20,	465.648,	465.420
70,	20,	467.820,	467.489
71,	20,	465.361,	464.936
72,	20,	464.222,	463.713
73,	20,	461.084,	460.501
74,	20,	459.265,	458.619
75,	20,	455.517,	454.817
76,	20,	453.088,	452.342
77,	20,	448.819,	448.035
78,	20,	445.861,	445.042
79,	20,	441.152,	440.304
80,	20,	437.743,	436.869
32,	21,	166.225,	166.310
33,	21,	192.486,	192.632
34,	21,	215.028,	215.227
35,	21,	239.199,	239.458
36,	21,	258.200,	258.440
37,	21,	278.102,	278.416
38,	21,	294.313,	294.601
39,	21,	312.175,	312.492
40,	21,	326.336,	326.503
41,	21,	342.967,	343.167
42,	21,	354.879,	354.596
43,	21,	367.630,	367.233
44,	21,	376.781,	376.075
45,	21,	388.723,	388.320
46,	21,	396.904,	396.331
47,	21,	407.716,	407.614
48,	21,	415.527,	415.349
49,	21,	425.528,	425.815
50,	21,	431.060,	431.429
51,	21,	438.091,	438.935
52,	21,	442.572,	443.612
53,	21,	448.434,	449.757
54,	21,	452.045,	453.210
55,	21,	456.957,	457.673
56,	21,	459.878,	460.280
57,	21,	463.989,	464.180
58,	21,	465.951,	466.145
59,	21,	469.402,	469.630
60,	21,	471.344,	471.648
61,	21,	474.445,	474.763
62,	21,	475.686,	476.066
63,	21,	478.088,	478.477
64,	21,	479.369,	479.731
65,	21,	481.720,	482.019
66,	21,	482.722,	482.929
67,	21,	484.703,	484.800
68,	21,	485.915,	485.892
69,	21,	488.626,	488.480
70,	21,	489.757,	489.491
71,	21,	491.789,	491.410
72,	21,	490.480,	490.000
73,	21,	489.291,	488.724
74,	21,	487.333,	486.691
75,	21,	485.444,	484.741
76,	21,	482.916,	482.162
77,	21,	480.407,	479.612
78,	21,	477.378,	476.549
79,	21,	474.340,	473.481
80,	21,	470.891,	470.007
81,	21,	467.372,	466.465
83,	21,	459.655,	458.707
85,	21,	451.298,	450.311
31,	22,	105.041,	105.002
32,	22,	134.913,	134.919
33,	22,	160.954,	161.008
34,	22,	188.695,	188.795
35,	22,	211.817,	211.957
36,	22,	237.278,	237.444
37,	22,	257.119,	257.318
38,	22,	278.301,	278.453
39,	22,	295.402,	295.576
40,	22,	314.384,	314.486
41,	22,	329.475,	329.650
42,	22,	347.086,	346.919
43,	22,	359.898,	359.689
44,	22,	375.509,	375.234
45,	22,	385.360,	385.200
46,	22,	398.162,	397.989
47,	22,	406.943,	407.003
48,	22,	418.645,	418.614
49,	22,	426.956,	426.902
50,	22,	437.847,	437.838
51,	22,	443.849,	444.010
52,	22,	451.870,	452.116
53,	22,	456.751,	457.321
54,	22,	463.653,	464.254
55,	22,	467.624,	468.263
56,	22,	473.596,	473.892
57,	22,	476.827,	476.874
58,	22,	482.038,	481.996
59,	22,	484.670,	484.849
60,	22,	489.271,	489.346
61,	22,	491.023,	491.281
62,	22,	495.694,	495.930
63,	22,	496.595,	497.042
64,	22,	500.537,	500.971
65,	22,	501.398,	501.808
66,	22,	505.309,	505.645
67,	22,	505.791,	506.017
68,	22,	509.382,	509.481
69,	22,	509.984,	509.945
70,	22,	513.715,	513.537
71,	22,	514.706,	514.394
72,	22,	517.788,	517.351
73,	22,	516.379,	515.835
74,	22,	516.380,	515.746
75,	22,	514.302,	513.594
76,	22,	513.633,	512.868
77,	22,	510.975,	510.164
78,	22,	509.716,	508.870
79,	22,	506.557,	505.683
80,	22,	504.769,	503.870
81,	22,	501.170,	500.251
82,	22,	498.932,	497.994
83,	22,	494.953,	493.998
84,	22,	492.334,	491.363
85,	22,	488.036,	487.047
86,	22,	485.097,	484.091
88,	22,	477.320,	476.278
36,	23,	205.266,	205.338
37,	23,	231.147,	231.231
38,	23,	252.518,	252.597
39,	23,	274.390,	274.445
40,	23,	292.831,	292.801
41,	23,	312.533,	312.493
42,	23,	328.814,	328.522
43,	23,	347.175,	346.939
44,	23,	360.967,	360.800
45,	23,	377.288,	377.137
46,	23,	389.949,	389.911
47,	23,	403.551,	403.749
48,	23,	413.142,	413.210
49,	23,	425.544,	425.710
50,	23,	434.665,	434.513
51,	23,	446.136,	446.074
52,	23,	453.028,	452.927
53,	23,	461.629,	461.828
54,	23,	467.441,	467.613
55,	23,	474.862,	475.229
56,	23,	479.793,	479.945
57,	23,	486.235,	486.323
58,	23,	490.456,	490.392
59,	23,	496.077,	495.959
60,	23,	499.719,	499.506
61,	23,	504.670,	504.714
62,	23,	507.492,	507.606
63,	23,	512.023,	512.320
64,	23,	514.354,	514.717
65,	23,	518.016,	518.610
66,	23,	520.327,	520.755
67,	23,	523.878,	524.250
68,	23,	525.850,	526.092
69,	23,	528.981,	529.079
70,	23,	531.093,	531.034
71,	23,	534.284,	534.067
72,	23,	536.235,	535.866
73,	23,	539.787,	539.281
74,	23,	539.448,	538.828
75,	23,	539.460,	538.748
76,	23,	538.491,	537.710
77,	23,	537.812,	536.980
78,	23,	536.294,	535.424
79,	23,	535.005,	534.108
80,	23,	532.996,	532.078
81,	23,	531.188,	530.252
82,	23,	528.749,	527.799
83,	23,	526.461,	525.497
84,	23,	523.672,	522.695
85,	23,	520.973,	519.983
86,	23,	517.875,	516.870
87,	23,	514.836,	513.816
88,	23,	511.487,	510.451
89,	23,	508.139,	507.084
91,	23,	501.002,	499.908
35,	24,	146.602,	146.576
36,	24,	176.083,	176.077
37,	24,	201.145,	201.149
38,	24,	228.306,	228.310
39,	24,	250.407,	250.394
40,	24,	273.609,	273.560
41,	24,	292.820,	292.715
42,	24,	313.682,	313.448
43,	24,	330.773,	330.611
44,	24,	350.134,	349.813
45,	24,	364.696,	364.534
46,	24,	381.827,	381.920
47,	24,	395.289,	395.608
48,	24,	411.540,	411.744
49,	24,	421.771,	422.249
50,	24,	434.953,	435.163
51,	24,	444.604,	444.509
52,	24,	456.875,	456.689
53,	24,	464.277,	464.322
54,	24,	473.788,	473.990
55,	24,	480.060,	480.311
56,	24,	488.421,	488.672
57,	24,	493.752,	494.002
58,	24,	501.164,	501.262
59,	24,	505.725,	505.662
60,	24,	512.346,	512.145
61,	24,	516.298,	516.351
62,	24,	522.269,	522.326
63,	24,	525.721,	525.798
64,	24,	531.292,	531.662
65,	24,	533.413,	533.876
66,	24,	538.475,	539.111
67,	24,	540.476,	541.067
68,	24,	545.447,	545.849
69,	24,	547.049,	547.301
70,	24,	551.630,	551.723
71,	24,	553.282,	553.198
72,	24,	557.933,	557.669
73,	24,	559.344,	558.907
74,	24,	563.836,	563.247
75,	24,	563.467,	562.757
76,	24,	564.579,	563.779
77,	24,	563.560,	562.699
78,	24,	564.011,	563.109
79,	24,	562.423,	561.494
80,	24,	562.294,	561.348
81,	24,	560.205,	559.247
82,	24,	559.557,	558.589
83,	24,	557.028,	556.052
84,	24,	555.930,	554.944
85,	24,	553.011,	552.016
86,	24,	551.522,	550.517
87,	24,	548.274,	547.257
88,	24,	546.445,	545.415
89,	24,	542.926,	541.881
90,	24,	540.798,	539.735
91,	24,	537.059,	535.978
92,	24,	534.691,	533.589
93,	24,	530.762,	529.639
94,	24,	528.163,	527.019
95,	24,	524.135,	522.968
96,	24,	521.686,	520.497
97,	24,	517.608,	516.397
98,	24,	515.079,	513.847
99,	24,	511.240,	509.989
100,	24,	508.942,	507.672
102,	24,	502.824,	501.523
104,	24,	497.297,	495.970
40,	25,	244.327,	244.235
41,	25,	268.158,	268.026
42,	25,	288.759,	288.570
43,	25,	310.261,	310.006
44,	25,	328.572,	328.115
45,	25,	348.593,	348.308
46,	25,	364.175,	363.939
47,	25,	381.936,	382.121
48,	25,	396.288,	396.479
49,	25,	413.189,	413.627
50,	25,	426.040,	426.216
51,	25,	439.952,	440.297
52,	25,	450.343,	450.321
53,	25,	463.244,	463.190
54,	25,	471.476,	471.492
55,	25,	481.627,	481.997
56,	25,	488.749,	489.134
57,	25,	497.670,	498.105
58,	25,	503.891,	504.241
59,	25,	511.803,	512.102
60,	25,	517.284,	517.452
61,	25,	524.345,	524.435
62,	25,	529.227,	529.225
63,	25,	535.588,	535.571
64,	25,	539.980,	540.009
65,	25,	545.901,	545.946
66,	25,	548.972,	549.340
67,	25,	553.874,	554.447
68,	25,	557.205,	557.657
69,	25,	561.937,	562.395
70,	25,	564.888,	565.097
71,	25,	569.159,	569.244
72,	25,	572.191,	572.080
73,	25,	576.432,	576.114
74,	25,	579.243,	578.723
75,	25,	583.255,	582.564
76,	25,	583.866,	583.050
77,	25,	585.528,	584.629
78,	25,	585.539,	584.592
79,	25,	586.040,	585.068
80,	25,	585.512,	584.527
81,	25,	585.403,	584.414
82,	25,	584.394,	583.403
83,	25,	583.756,	582.762
84,	25,	582.317,	581.321
85,	25,	581.199,	580.198
86,	25,	579.400,	578.394
87,	25,	577.871,	576.858
88,	25,	575.753,	574.730
89,	25,	573.854,	572.819
90,	25,	571.466,	570.416
91,	25,	569.257,	568.191
92,	25,	566.638,	565.553
93,	25,	564.160,	563.053
94,	25,	561.371,	560.242
95,	25,	558.622,	557.471
96,	25,	555.694,	554.518
97,	25,	553.025,	551.826
98,	25,	550.037,	548.815
99,	25,	547.258,	546.014
100,	25,	544.499,	543.235
101,	25,	541.901,	540.617
102,	25,	539.152,	537.851
103,	25,	536.523,	535.207
105,	25,	531.676,	530.334
37,	26,	129.680,	129.574
38,	26,	160.791,	160.686
39,	26,	187.643,	187.532
40,	26,	216.384,	216.258
41,	26,	240.736,	240.583
42,	26,	265.957,	265.767
43,	26,	287.238,	287.002
44,	26,	309.940,	309.657
45,	26,	328.961,	328.697
46,	26,	350.012,	349.618
47,	26,	366.274,	366.277
48,	26,	384.885,	384.863
49,	26,	399.947,	400.179
50,	26,	417.578,	417.777
51,	26,	431.179,	431.562
52,	26,	447.561,	447.675
53,	26,	458.532,	458.501
54,	26,	472.143,	472.108
55,	26,	480.955,	481.122
56,	26,	491.926,	492.241
57,	26,	499.558,	500.010
58,	26,	509.339,	509.764
59,	26,	516.000,	516.563
60,	26,	524.802,	525.190
61,	26,	530.663,	531.069
62,	26,	538.645,	538.772
63,	26,	543.856,	544.031
64,	26,	551.147,	551.057
65,	26,	555.829,	555.806
66,	26,	562.690,	562.486
67,	26,	566.321,	566.442
68,	26,	572.163,	572.459
69,	26,	575.324,	575.754
70,	26,	581.346,	581.665
71,	26,	584.047,	584.329
72,	26,	589.638,	589.696
73,	26,	592.330,	592.214
74,	26,	597.931,	597.559
75,	26,	600.322,	599.701
76,	26,	605.704,	604.887
77,	26,	605.895,	604.952
78,	26,	608.547,	607.537
79,	26,	608.558,	607.522
80,	26,	610.109,	609.071
81,	26,	609.561,	608.528
82,	26,	610.522,	609.499
83,	26,	609.473,	608.458
84,	26,	609.925,	608.915
85,	26,	608.426,	607.419
86,	26,	608.418,	607.410
87,	26,	606.539,	605.529
88,	26,	606.130,	605.115
89,	26,	603.912,	602.889
90,	26,	603.143,	602.110
91,	26,	600.635,	599.587
92,	26,	599.556,	598.491
93,	26,	596.797,	595.713
94,	26,	595.459,	594.352
95,	26,	592.490,	591.359
96,	26,	590.891,	589.735
97,	26,	587.733,	586.551
98,	26,	586.174,	584.967
99,	26,	582.916,	581.684
100,	26,	581.247,	579.992
101,	26,	578.178,	576.902
102,	26,	576.680,	575.383
103,	26,	573.581,	572.266
104,	26,	572.042,	570.712
105,	26,	569.194,	567.849
106,	26,	567.885,	566.528
107,	26,	565.077,	563.710
108,	26,	563.818,	562.442
43,	27,	259.726,	259.493
44,	27,	282.407,	282.137
45,	27,	305.639,	305.334
46,	27,	325.880,	325.559
47,	27,	347.491,	347.172
48,	27,	364.773,	364.451
49,	27,	383.914,	383.763
50,	27,	399.876,	399.725
51,	27,	418.067,	417.834
52,	27,	432.468,	432.229
53,	27,	449.440,	449.263
54,	27,	462.831,	462.576
55,	27,	477.113,	476.859
56,	27,	486.664,	486.489
57,	27,	498.305,	498.367
58,	27,	506.707,	506.714
59,	27,	517.078,	517.292
60,	27,	524.539,	524.676
61,	27,	533.871,	534.152
62,	27,	540.562,	540.725
63,	27,	549.004,	549.161
64,	27,	555.055,	555.180
65,	27,	562.766,	562.763
66,	27,	568.308,	568.078
67,	27,	575.529,	575.320
68,	27,	580.010,	579.808
69,	27,	586.142,	586.196
70,	27,	590.183,	590.405
71,	27,	596.075,	596.252
72,	27,	600.016,	600.193
73,	27,	605.407,	605.562
74,	27,	609.349,	609.244
75,	27,	614.660,	614.215
76,	27,	618.341,	617.615
77,	27,	623.353,	622.338
78,	27,	624.914,	623.843
79,	27,	627.206,	626.081
80,	27,	628.157,	627.039
81,	27,	630.238,	629.147
82,	27,	630.660,	629.595
83,	27,	631.691,	630.649
84,	27,	631.633,	630.607
85,	27,	632.124,	631.109
86,	27,	631.645,	630.637
87,	27,	631.657,	630.651
88,	27,	630.808,	629.802
89,	27,	630.389,	629.381
90,	27,	629.211,	628.196
91,	27,	628.412,	627.387
92,	27,	626.954,	625.915
93,	27,	625.825,	624.768
94,	27,	624.126,	623.048
95,	27,	622.708,	621.605
96,	27,	620.809,	619.680
97,	27,	619.100,	617.944
98,	27,	616.982,	615.797
99,	27,	615.263,	614.050
100,	27,	613.045,	611.805
101,	27,	611.186,	609.921
102,	27,	609.157,	607.869
103,	27,	607.419,	606.110
104,	27,	605.360,	604.032
105,	27,	603.551,	602.207
106,	27,	601.723,	600.365
107,	27,	600.104,	598.734
108,	27,	598.296,	596.915
109,	27,	596.697,	595.309
110,	27,	592.258,	590.864
111,	27,	587.570,	586.170
41,	28,	172.731,	172.537
42,	28,	202.842,	202.630
43,	28,	229.374,	229.137
44,	28,	256.515,	256.250
45,	28,	279.766,	279.471
46,	28,	304.218,	303.897
47,	28,	325.039,	324.706
48,	28,	347.700,	347.367
49,	28,	365.562,	365.258
50,	28,	385.573,	385.205
51,	28,	402.145,	401.799
52,	28,	421.086,	420.739
53,	28,	436.137,	435.782
54,	28,	453.779,	453.347
55,	28,	467.830,	467.515
56,	28,	484.412,	484.146
57,	28,	494.583,	494.303
58,	28,	506.954,	506.662
59,	28,	515.906,	515.741
60,	28,	527.047,	526.896
61,	28,	534.988,	535.131
62,	28,	545.110,	545.180
63,	28,	552.221,	552.528
64,	28,	561.483,	561.660
65,	28,	567.904,	568.226
66,	28,	576.455,	576.616
67,	28,	582.307,	582.472
68,	28,	590.378,	590.165
69,	28,	595.119,	595.030
70,	28,	602.111,	602.119
71,	28,	606.682,	606.754
72,	28,	613.454,	613.620
73,	28,	617.235,	617.533
74,	28,	623.836,	624.053
75,	28,	627.558,	627.551
76,	28,	634.109,	633.712
77,	28,	637.481,	636.556
78,	28,	643.762,	642.627
79,	28,	644.993,	643.652
80,	28,	648.645,	647.465
81,	28,	649.226,	648.040
82,	28,	652.237,	651.120
83,	28,	652.679,	651.606
84,	28,	654.700,	653.660
85,	28,	654.642,	653.623
86,	28,	656.133,	655.128
87,	28,	655.634,	654.637
88,	28,	656.666,	655.673
89,	28,	655.777,	654.785
90,	28,	656.398,	655.404
91,	28,	655.150,	654.151
92,	28,	655.411,	654.403
93,	28,	653.863,	652.840
94,	28,	653.794,	652.752
95,	28,	651.985,	650.920
96,	28,	651.627,	650.534
97,	28,	649.588,	648.465
98,	28,	648.959,	647.805
99,	28,	646.661,	645.474
100,	28,	646.002,	644.785
101,	28,	643.584,	642.337
102,	28,	642.775,	641.501
103,	28,	640.506,	639.208
104,	28,	639.828,	638.507
105,	28,	637.489,	636.149
106,	28,	636.731,	635.374
107,	28,	634.592,	633.221
108,	28,	634.003,	632.620
109,	28,	631.855,	630.462
110,	28,	631.276,	629.876
111,	28,	626.507,	625.101
112,	28,	622.879,	621.468
48,	29,	319.148,	318.794
49,	29,	342.210,	341.844
50,	29,	361.161,	360.787
51,	29,	381.682,	381.301
52,	29,	399.244,	398.802
53,	29,	418.745,	418.233
54,	29,	434.696,	434.216
55,	29,	452.938,	452.617
56,	29,	467.809,	467.262
57,	29,	485.001,	484.560
58,	29,	497.432,	496.824
59,	29,	510.443,	509.965
60,	29,	520.025,	519.541
61,	29,	531.756,	531.576
62,	29,	540.387,	540.249
63,	29,	551.049,	551.226
64,	29,	558.890,	559.049
65,	29,	568.652,	568.994
66,	29,	575.843,	576.143
67,	29,	584.844,	585.228
68,	29,	591.496,	591.569
69,	29,	599.977,	599.967
70,	29,	605.539,	605.330
71,	29,	612.900,	612.980
72,	29,	618.301,	618.386
73,	29,	625.383,	625.625
74,	29,	630.044,	630.355
75,	29,	636.585,	636.947
76,	29,	641.487,	641.608
77,	29,	647.888,	647.522
78,	29,	652.480,	651.433
79,	29,	658.541,	657.218
80,	29,	660.982,	659.563
81,	29,	664.324,	662.980
82,	29,	666.175,	665.005
83,	29,	668.846,	667.745
84,	29,	670.158,	669.111
85,	29,	672.669,	671.659
86,	29,	673.531,	672.540
87,	29,	675.082,	674.102
88,	29,	675.513,	674.540
89,	29,	676.585,	675.614
90,	29,	676.646,	675.677
91,	29,	677.287,	676.317
92,	29,	677.019,	676.044
93,	29,	677.280,	676.297
94,	29,	676.712,	675.713
95,	29,	676.623,	675.604
96,	29,	675.814,	674.768
97,	29,	675.416,	674.337
98,	29,	674.377,	673.264
99,	29,	673.679,	672.529
100,	29,	672.390,	671.204
101,	29,	671.631,	670.411
102,	29,	670.223,	668.970
103,	29,	669.284,	668.002
104,	29,	668.015,	666.707
105,	29,	667.167,	665.835
106,	29,	665.828,	664.477
107,	29,	664.860,	663.491
108,	29,	663.701,	662.318
109,	29,	662.882,	661.488
110,	29,	661.704,	660.300
111,	29,	660.865,	659.454
112,	29,	657.076,	655.660
113,	29,	653.188,	651.768
114,	29,	649.039,	647.617
49,	30,	314.847,	314.475
50,	30,	338.959,	338.571
51,	30,	358.470,	358.069
52,	30,	379.971,	379.557
53,	30,	398.143,	397.734
54,	30,	418.524,	418.162
55,	30,	435.135,	434.786
56,	30,	454.167,	453.708
57,	30,	469.708,	469.342
58,	30,	487.610,	487.083
59,	30,	500.671,	500.127
60,	30,	515.872,	515.216
61,	30,	526.004,	525.535
62,	30,	538.395,	538.076
63,	30,	547.526,	547.592
64,	30,	558.898,	558.892
65,	30,	567.199,	567.583
66,	30,	577.711,	577.907
67,	30,	585.312,	585.720
68,	30,	595.093,	595.283
69,	30,	602.125,	602.264
70,	30,	611.406,	611.133
71,	30,	617.308,	617.259
72,	30,	625.489,	625.456
73,	30,	631.170,	631.460
74,	30,	639.092,	639.337
75,	30,	644.283,	644.713
76,	30,	651.674,	652.179
77,	30,	656.486,	656.759
78,	30,	664.037,	663.750
79,	30,	668.459,	667.594
80,	30,	675.700,	674.245
81,	30,	677.891,	676.382
82,	30,	682.443,	681.223
83,	30,	683.994,	682.792
84,	30,	687.935,	686.940
85,	30,	688.917,	687.922
86,	30,	692.308,	691.356
87,	30,	693.190,	692.247
88,	30,	695.681,	694.743
89,	30,	696.132,	695.195
90,	30,	698.164,	697.226
91,	30,	698.215,	697.278
92,	30,	699.827,	698.889
93,	30,	699.528,	698.588
94,	30,	700.779,	699.831
95,	30,	700.161,	699.197
96,	30,	701.082,	700.094
97,	30,	700.193,	699.173
98,	30,	700.805,	699.747
99,	30,	699.676,	698.577
100,	30,	699.988,	698.846
101,	30,	698.579,	697.396
102,	30,	698.820,	697.599
103,	30,	697.262,	696.004
104,	30,	697.333,	696.043
105,	30,	695.874,	694.557
106,	30,	696.026,	694.684
107,	30,	694.467,	693.105
108,	30,	694.499,	693.119
109,	30,	693.090,	691.696
110,	30,	693.251,	691.846
111,	30,	691.783,	690.369
112,	30,	691.904,	690.483
113,	30,	687.845,	686.420
114,	30,	684.967,	683.539
115,	30,	680.538,	679.109
116,	30,	677.300,	675.870
117,	30,	672.531,	671.103
118,	30,	668.932,	667.507
53,	31,	374.370,	373.940
54,	31,	393.572,	393.134
55,	31,	414.463,	413.989
56,	31,	432.014,	431.661
57,	31,	451.586,	451.080
58,	31,	467.977,	467.498
59,	31,	486.439,	485.775
60,	31,	500.200,	499.378
61,	31,	515.951,	515.241
62,	31,	528.263,	527.704
63,	31,	541.304,	540.957
64,	31,	551.076,	550.841
65,	31,	563.047,	563.100
66,	31,	572.028,	572.023
67,	31,	583.080,	583.317
68,	31,	591.401,	591.581
69,	31,	601.672,	601.834
70,	31,	609.444,	609.408
71,	31,	619.175,	618.905
72,	31,	625.827,	625.643
73,	31,	634.408,	634.552
74,	31,	640.859,	641.152
75,	31,	649.121,	649.533
76,	31,	655.102,	655.617
77,	31,	662.783,	663.296
78,	31,	668.395,	668.825
79,	31,	675.886,	675.786
80,	31,	681.408,	680.611
81,	31,	688.499,	687.274
82,	31,	691.810,	690.470
83,	31,	696.162,	694.932
84,	31,	698.883,	697.878
85,	31,	702.594,	701.688
86,	31,	704.796,	703.960
87,	31,	707.907,	707.043
88,	31,	709.649,	708.772
89,	31,	712.640,	711.757
90,	31,	713.961,	713.071
91,	31,	716.083,	715.187
92,	31,	717.034,	716.136
93,	31,	718.716,	717.820
94,	31,	719.337,	718.442
95,	31,	720.628,	719.727
96,	31,	720.940,	720.021
97,	31,	721.871,	720.924
98,	31,	721.932,	720.947
99,	31,	722.544,	721.512
100,	31,	722.355,	721.274
101,	31,	722.637,	721.505
102,	31,	722.168,	720.989
103,	31,	722.339,	721.116
104,	31,	721.721,	720.458
105,	31,	721.692,	720.395
106,	31,	721.173,	719.847
107,	31,	721.185,	719.833
108,	31,	720.566,	719.194
109,	31,	720.428,	719.038
110,	31,	719.939,	718.535
111,	31,	719.890,	718.476
112,	31,	719.342,	717.919
113,	31,	719.223,	717.794
114,	31,	716.115,	714.682
115,	31,	713.036,	711.601
116,	31,	709.577,	708.142
117,	31,	706.129,	704.694
118,	31,	702.350,	700.918
119,	31,	698.551,	697.123
51,	32,	301.255,	300.863
52,	32,	326.847,	326.437
53,	32,	348.018,	347.593
54,	32,	371.029,	370.591
55,	32,	390.791,	390.343
56,	32,	412.602,	412.144
57,	32,	430.754,	430.279
58,	32,	451.155,	450.666
59,	32,	468.166,	467.562
60,	32,	487.358,	486.687
61,	32,	501.719,	501.052
62,	32,	518.100,	517.417
63,	32,	531.062,	530.585
64,	32,	546.213,	545.891
65,	32,	556.545,	556.490
66,	32,	569.166,	569.068
67,	32,	578.657,	578.882
68,	32,	590.409,	590.365
69,	32,	599.180,	599.469
70,	32,	610.181,	610.111
71,	32,	618.363,	618.272
72,	32,	628.844,	628.400
73,	32,	635.866,	635.752
74,	32,	645.197,	645.216
75,	32,	651.968,	652.363
76,	32,	660.990,	661.251
77,	32,	667.241,	667.754
78,	32,	675.702,	676.178
79,	32,	681.804,	682.207
80,	32,	690.085,	690.115
81,	32,	695.507,	694.878
82,	32,	703.668,	702.596
83,	32,	706.819,	705.629
84,	32,	712.301,	711.322
85,	32,	714.822,	713.927
86,	32,	719.704,	719.006
87,	32,	721.665,	720.864
88,	32,	726.006,	725.287
89,	32,	727.458,	726.618
90,	32,	731.309,	730.505
91,	32,	732.700,	731.867
92,	32,	735.712,	734.864
93,	32,	736.703,	735.850
94,	32,	739.305,	738.458
95,	32,	739.936,	739.098
96,	32,	742.157,	741.317
97,	32,	742.469,	741.610
98,	32,	744.350,	743.456
99,	32,	744.371,	743.429
100,	32,	745.933,	744.933
101,	32,	745.694,	744.634
102,	32,	746.936,	745.816
103,	32,	746.367,	745.192
104,	32,	747.488,	746.263
105,	32,	746.750,	745.482
106,	32,	747.661,	746.356
107,	32,	746.983,	745.647
108,	32,	747.934,	746.573
109,	32,	747.125,	745.743
110,	32,	747.927,	746.528
111,	32,	747.218,	745.806
112,	32,	748.089,	746.667
113,	32,	747.291,	745.861
114,	32,	748.082,	746.647
115,	32,	744.744,	743.306
116,	32,	742.645,	741.206
117,	32,	738.956,	737.517
118,	32,	736.508,	735.070
119,	32,	732.499,	731.065
120,	32,	729.700,	728.270
57,	33,	407.031,	406.557
58,	33,	426.153,	425.655
59,	33,	447.054,	446.520
60,	33,	464.935,	464.347
61,	33,	484.637,	483.999
62,	33,	499.758,	499.022
63,	33,	516.649,	516.087
64,	33,	530.311,	529.724
65,	33,	546.022,	545.818
66,	33,	558.464,	558.314
67,	33,	571.715,	571.736
68,	33,	581.846,	581.770
69,	33,	594.178,	594.340
70,	33,	603.619,	603.520
71,	33,	615.150,	615.165
72,	33,	624.022,	623.658
73,	33,	634.983,	634.593
74,	33,	642.705,	642.447
75,	33,	652.466,	652.583
76,	33,	659.947,	660.131
77,	33,	669.339,	669.667
78,	33,	676.310,	676.659
79,	33,	685.092,	685.509
80,	33,	691.923,	692.249
81,	33,	700.464,	700.450
82,	33,	706.636,	706.124
83,	33,	714.727,	713.872
84,	33,	718.908,	717.965
85,	33,	724.290,	723.556
86,	33,	727.901,	727.286
87,	33,	732.633,	732.071
88,	33,	735.724,	735.212
89,	33,	739.875,	739.205
90,	33,	742.507,	741.851
91,	33,	746.118,	745.319
92,	33,	748.339,	747.614
93,	33,	751.841,	751.036
94,	33,	753.692,	752.881
95,	33,	756.384,	755.596
96,	33,	757.885,	757.119
97,	33,	760.186,	759.426
98,	33,	761.378,	760.597
99,	33,	763.299,	762.472
100,	33,	764.211,	763.319
101,	33,	765.802,	764.838
102,	33,	766.463,	765.424
103,	33,	767.705,	766.595
104,	33,	768.026,	766.853
105,	33,	769.097,	767.869
106,	33,	769.249,	767.974
107,	33,	770.090,	768.777
108,	33,	770.292,	768.947
109,	33,	771.143,	769.773
110,	33,	771.204,	769.814
111,	33,	771.866,	770.459
112,	33,	772.027,	770.608
113,	33,	772.728,	771.300
114,	33,	772.790,	771.355
115,	33,	773.371,	771.932
116,	33,	770.953,	769.511
117,	33,	768.694,	767.252
118,	33,	765.945,	764.505
119,	33,	763.327,	761.889
120,	33,	760.268,	758.834
121,	33,	757.309,	755.880
55,	34,	334.616,	334.191
56,	34,	359.137,	358.697
57,	34,	380.479,	380.023
58,	34,	403.730,	403.255
59,	34,	423.392,	422.893
60,	34,	445.163,	444.634
61,	34,	463.594,	463.030
62,	34,	484.076,	483.484
63,	34,	499.757,	499.176
64,	34,	517.328,	516.703
65,	34,	531.600,	531.257
66,	34,	547.941,	547.540
67,	34,	561.013,	560.915
68,	34,	576.314,	576.315
69,	34,	586.985,	587.092
70,	34,	599.957,	599.875
71,	34,	609.898,	609.984
72,	34,	622.110,	621.800
73,	34,	631.421,	631.170
74,	34,	643.072,	642.510
75,	34,	651.194,	651.020
76,	34,	661.655,	661.545
77,	34,	669.476,	669.660
78,	34,	679.578,	679.573
79,	34,	686.849,	687.129
80,	34,	696.351,	696.529
81,	34,	703.422,	703.693
82,	34,	712.683,	712.596
83,	34,	719.305,	718.823
84,	34,	728.136,	727.466
85,	34,	732.247,	731.573
86,	34,	738.669,	738.223
87,	34,	742.160,	741.742
88,	34,	747.982,	747.710
89,	34,	750.923,	750.517
90,	34,	756.194,	755.697
91,	34,	758.626,	758.004
92,	34,	763.417,	762.813
93,	34,	765.388,	764.677
94,	34,	769.730,	768.994
95,	34,	771.641,	770.870
96,	34,	775.213,	774.461
97,	34,	776.764,	776.115
98,	34,	779.935,	779.285
99,	34,	781.157,	780.477
100,	34,	783.968,	783.223
101,	34,	784.890,	784.057
102,	34,	787.371,	786.444
103,	34,	788.012,	786.994
104,	34,	790.164,	789.062
105,	34,	790.425,	789.251
106,	34,	792.386,	791.152
107,	34,	792.438,	791.155
108,	34,	794.169,	792.847
109,	34,	794.251,	792.897
110,	34,	795.982,	794.604
111,	34,	795.893,	794.496
112,	34,	797.435,	796.023
113,	34,	797.406,	795.983
114,	34,	798.967,	797.536
115,	34,	798.809,	797.372
116,	34,	800.260,	798.819
117,	34,	797.652,	796.209
118,	34,	796.343,	794.901
119,	34,	793.404,	791.964
120,	34,	791.736,	790.299
121,	34,	788.487,	787.055
122,	34,	786.499,	785.072
123,	34,	782.950,	781.529
124,	34,	780.651,	779.237
125,	34,	776.823,	775.416
126,	34,	774.234,	772.835
128,	34,	767.277,	765.894
130,	34,	759.830,	758.464
132,	34,	751.902,	750.554
61,	35,	439.692,	439.187
62,	35,	459.033,	458.509
63,	35,	479.985,	479.447
64,	35,	496.466,	495.933
65,	35,	514.517,	514.019
66,	35,	529.529,	528.993
67,	35,	546.390,	546.137
68,	35,	560.152,	559.885
69,	35,	576.003,	575.912
70,	35,	588.704,	588.678
71,	35,	602.296,	602.410
72,	35,	612.857,	612.793
73,	35,	625.629,	625.636
74,	35,	635.580,	635.194
75,	35,	647.741,	647.462
76,	35,	656.513,	656.289
77,	35,	667.434,	667.532
78,	35,	675.905,	675.896
79,	35,	686.407,	686.506
80,	35,	694.338,	694.389
81,	35,	704.200,	704.408
82,	35,	711.941,	711.992
83,	35,	721.492,	721.466
84,	35,	728.794,	728.464
85,	35,	737.865,	737.448
86,	35,	742.706,	742.267
87,	35,	749.098,	748.897
88,	35,	753.599,	753.512
89,	35,	759.351,	759.337
90,	35,	763.332,	763.157
91,	35,	768.493,	768.266
92,	35,	772.015,	771.599
93,	35,	776.646,	776.127
94,	35,	779.748,	779.119
95,	35,	783.879,	783.102
96,	35,	786.600,	785.959
97,	35,	790.642,	789.974
98,	35,	793.013,	792.490
99,	35,	796.294,	795.783
100,	35,	798.346,	797.793
101,	35,	801.247,	800.597
102,	35,	802.999,	802.229
103,	35,	805.550,	804.658
104,	35,	807.031,	806.027
105,	35,	809.213,	808.112
106,	35,	810.304,	809.123
107,	35,	812.255,	811.011
108,	35,	813.147,	811.853
109,	35,	814.828,	813.496
110,	35,	815.740,	814.378
111,	35,	817.391,	816.007
112,	35,	818.132,	816.731
113,	35,	819.564,	818.149
114,	35,	820.355,	818.930
115,	35,	821.787,	820.355
116,	35,	822.438,	821.001
117,	35,	823.709,	822.270
118,	35,	821.991,	820.551
119,	35,	820.552,	819.113
120,	35,	818.513,	817.077
121,	35,	816.725,	815.293
122,	35,	814.376,	812.949
123,	35,	812.258,	810.836
124,	35,	809.629,	808.214
125,	35,	807.190,	805.783
126,	35,	804.302,	802.902
127,	35,	801.553,	800.161
128,	35,	798.424,	797.041
129,	35,	795.396,	794.021
130,	35,	792.027,	790.661
131,	35,	788.729,	787.371
132,	35,	785.140,	783.791
133,	35,	781.581,	780.242
134,	35,	777.783,	776.452
59,	36,	367.547,	367.119
60,	36,	392.218,	391.777
61,	36,	413.380,	412.925
62,	36,	436.501,	436.034
63,	36,	456.352,	455.877
64,	36,	478.104,	477.629
65,	36,	495.105,	494.645
66,	36,	513.897,	513.469
67,	36,	529.458,	529.096
68,	36,	546.989,	546.561
69,	36,	561.351,	561.202
70,	36,	577.812,	577.660
71,	36,	591.133,	591.351
72,	36,	606.685,	606.801
73,	36,	617.776,	617.987
74,	36,	631.168,	631.233
75,	36,	641.609,	641.611
76,	36,	654.410,	654.104
77,	36,	663.602,	663.557
78,	36,	675.163,	675.065
79,	36,	684.014,	684.063
80,	36,	695.176,	694.939
81,	36,	703.427,	703.447
82,	36,	713.949,	713.819
83,	36,	721.970,	721.978
84,	36,	732.191,	732.028
85,	36,	739.713,	739.496
86,	36,	749.454,	749.243
87,	36,	754.766,	754.676
88,	36,	761.887,	761.956
89,	36,	766.348,	766.405
90,	36,	773.100,	773.349
91,	36,	777.001,	777.071
92,	36,	783.212,	783.245
93,	36,	786.604,	786.366
94,	36,	792.315,	791.893
95,	36,	795.247,	794.580
96,	36,	800.498,	799.927
97,	36,	802.999,	802.236
98,	36,	807.841,	807.507
99,	36,	810.302,	809.931
100,	36,	814.413,	814.217
101,	36,	816.525,	816.059
102,	36,	820.266,	819.734
103,	36,	822.058,	821.346
104,	36,	825.449,	824.582
105,	36,	826.940,	825.940
106,	36,	829.982,	828.872
107,	36,	831.043,	829.848
108,	36,	833.824,	832.566
109,	36,	834.646,	833.340
110,	36,	837.167,	835.826
111,	36,	837.989,	836.621
112,	36,	840.470,	839.083
113,	36,	841.091,	839.689
114,	36,	843.353,	841.939
115,	36,	843.994,	842.572
116,	36,	846.246,	844.817
117,	36,	846.717,	845.284
118,	36,	848.798,	847.364
119,	36,	846.940,	845.505
120,	36,	846.401,	844.969
121,	36,	844.202,	842.773
122,	36,	843.324,	841.899
123,	36,	840.825,	839.406
124,	36,	839.627,	838.214
125,	36,	836.838,	835.432
126,	36,	835.339,	833.941
127,	36,	832.281,	830.890
128,	36,	830.482,	829.100
129,	36,	827.163,	825.790
130,	36,	825.095,	823.730
131,	36,	821.536,	820.180
132,	36,	819.208,	817.860
133,	36,	815.409,	814.071
134,	36,	812.830,	811.501
135,	36,	808.822,	807.502
136,	36,	806.003,	804.692
64,	37,	450.601,	450.182
65,	37,	472.773,	472.363
66,	37,	490.614,	490.227
67,	37,	509.856,	509.505
68,	37,	526.207,	525.910
69,	37,	544.228,	544.029
70,	37,	559.300,	559.089
71,	37,	576.281,	576.405
72,	37,	590.262,	590.381
73,	37,	606.344,	606.771
74,	37,	619.375,	619.838
75,	37,	633.367,	633.709
76,	37,	644.398,	644.497
77,	37,	657.739,	657.791
78,	37,	667.541,	667.494
79,	37,	679.582,	679.680
80,	37,	689.043,	688.988
81,	37,	700.625,	700.550
82,	37,	709.496,	709.291
83,	37,	720.398,	720.258
84,	37,	729.029,	728.920
85,	37,	739.580,	739.457
86,	37,	747.732,	747.809
87,	37,	757.743,	757.938
88,	37,	763.715,	763.909
89,	37,	771.126,	771.398
90,	37,	776.297,	776.662
91,	37,	783.039,	783.461
92,	37,	787.910,	788.343
93,	37,	794.071,	794.375
94,	37,	798.473,	798.542
95,	37,	804.094,	803.763
96,	37,	808.066,	807.501
97,	37,	813.187,	812.535
98,	37,	816.768,	816.446
99,	37,	821.430,	821.224
100,	37,	824.651,	824.631
101,	37,	829.232,	829.190
102,	37,	832.124,	831.951
103,	37,	835.975,	835.449
104,	37,	838.567,	837.894
105,	37,	842.048,	841.186
106,	37,	844.339,	843.324
107,	37,	847.441,	846.309
108,	37,	849.292,	848.075
109,	37,	852.074,	850.797
110,	37,	853.695,	852.377
111,	37,	856.196,	854.849
112,	37,	857.798,	856.429
113,	37,	860.229,	858.844
114,	37,	861.640,	860.243
115,	37,	863.822,	862.415
116,	37,	865.243,	863.828
117,	37,	867.375,	865.954
118,	37,	868.626,	867.202
119,	37,	870.567,	869.142
120,	37,	869.539,	868.114
121,	37,	868.920,	867.498
122,	37,	867.581,	866.163
123,	37,	866.613,	865.200
124,	37,	864.984,	863.577
125,	37,	863.676,	862.275
126,	37,	861.767,	860.374
127,	37,	860.148,	858.763
128,	37,	857.990,	856.612
129,	37,	856.071,	854.702
130,	37,	853.663,	852.301
131,	37,	851.454,	850.101
132,	37,	848.805,	847.461
133,	37,	846.337,	845.002
134,	37,	843.468,	842.142
135,	37,	840.729,	839.413
136,	37,	837.651,	836.343
137,	37,	834.662,	833.363
138,	37,	831.374,	830.084
139,	37,	828.155,	826.874
63,	38,	400.998,	400.621
64,	38,	425.459,	425.086
65,	38,	446.690,	446.328
66,	38,	469.702,	469.358
67,	38,	488.033,	487.720
68,	38,	508.045,	507.775
69,	38,	524.916,	524.706
70,	38,	543.637,	543.510
71,	38,	559.269,	559.255
72,	38,	576.890,	576.978
73,	38,	591.441,	591.857
74,	38,	608.123,	608.537
75,	38,	621.754,	622.282
76,	38,	637.616,	638.011
77,	38,	649.167,	649.626
78,	38,	663.098,	663.087
79,	38,	673.350,	673.525
80,	38,	685.991,	685.907
81,	38,	695.853,	695.748
82,	38,	708.034,	707.624
83,	38,	717.265,	717.111
84,	38,	728.777,	728.370
85,	38,	737.718,	737.549
86,	38,	748.879,	748.718
87,	38,	757.291,	757.481
88,	38,	767.932,	768.311
89,	38,	774.154,	774.699
90,	38,	782.235,	782.716
91,	38,	787.866,	788.238
92,	38,	795.328,	795.908
93,	38,	800.179,	800.707
94,	38,	807.300,	807.962
95,	38,	811.632,	811.902
96,	38,	818.253,	818.156
97,	38,	822.125,	821.612
98,	38,	828.286,	827.839
99,	38,	831.717,	831.513
100,	38,	837.449,	837.515
101,	38,	840.480,	840.792
102,	38,	845.822,	845.959
103,	38,	848.803,	848.705
104,	38,	853.454,	853.147
105,	38,	856.106,	855.438
106,	38,	860.387,	859.501
107,	38,	862.728,	861.679
108,	38,	866.640,	865.472
109,	38,	868.471,	867.226
110,	38,	872.053,	870.759
111,	38,	873.634,	872.308
112,	38,	876.925,	875.577
113,	38,	878.467,	877.103
114,	38,	881.688,	880.313
115,	38,	882.999,	881.614
116,	38,	885.971,	884.577
117,	38,	887.262,	885.861
118,	38,	890.184,	888.777
119,	38,	891.285,	889.875
120,	38,	894.006,	892.595
121,	38,	892.868,	891.457
122,	38,	893.099,	891.691
123,	38,	891.640,	890.237
124,	38,	891.542,	890.144
125,	38,	889.783,	888.392
126,	38,	889.355,	887.970
127,	38,	887.316,	885.939
128,	38,	886.597,	885.228
129,	38,	884.279,	882.917
130,	38,	883.270,	881.916
131,	38,	880.702,	879.356
132,	38,	879.413,	878.075
133,	38,	876.604,	875.275
134,	38,	875.056,	873.735
135,	38,	872.007,	870.696
136,	38,	870.208,	868.906
137,	38,	866.940,	865.646
138,	38,	864.901,	863.617
139,	38,	861.413,	860.137
140,	38,	859.134,	857.867
141,	38,	855.445,	854.187
142,	38,	852.947,	851.696
143,	38,	849.048,	847.805
144,	38,	846.329,	845.094
67,	39,	463.261,	462.982
68,	39,	482.472,	482.230
69,	39,	502.904,	502.711
70,	39,	520.585,	520.457
71,	39,	539.756,	539.712
72,	39,	556.128,	556.186
73,	39,	574.229,	574.410
74,	39,	589.471,	589.734
75,	39,	606.652,	607.127
76,	39,	620.923,	621.330
77,	39,	637.295,	637.874
78,	39,	650.696,	650.919
79,	39,	665.207,	665.490
80,	39,	676.009,	676.177
81,	39,	689.150,	689.106
82,	39,	699.572,	699.398
83,	39,	712.213,	711.770
84,	39,	722.014,	721.453
85,	39,	733.926,	733.580
86,	39,	743.447,	742.949
87,	39,	754.958,	754.782
88,	39,	763.960,	763.962
89,	39,	774.901,	775.375
90,	39,	781.753,	782.086
91,	39,	790.144,	790.474
92,	39,	796.415,	796.628
93,	39,	804.157,	804.518
94,	39,	809.698,	810.262
95,	39,	816.830,	817.484
96,	39,	822.091,	822.471
97,	39,	828.682,	828.530
98,	39,	833.514,	832.943
99,	39,	839.605,	839.024
100,	39,	844.036,	843.767
101,	39,	849.658,	849.552
102,	39,	853.719,	853.750
103,	39,	858.901,	858.976
104,	39,	862.612,	862.462
105,	39,	867.703,	867.220
106,	39,	871.115,	870.437
107,	39,	875.506,	874.585
108,	39,	878.607,	877.471
109,	39,	882.609,	881.413
110,	39,	885.180,	883.910
111,	39,	888.792,	887.488
112,	39,	891.123,	889.799
113,	39,	894.424,	893.087
114,	39,	896.706,	895.359
115,	39,	899.907,	898.552
116,	39,	901.968,	900.605
117,	39,	904.890,	903.518
118,	39,	906.921,	905.542
119,	39,	909.773,	908.387
120,	39,	911.594,	910.204
121,	39,	914.215,	912.824
122,	39,	913.877,	912.486
123,	39,	914.048,	912.660
124,	39,	913.400,	912.016
125,	39,	913.231,	911.853
126,	39,	912.302,	910.931
127,	39,	911.804,	910.440
128,	39,	910.595,	909.238
129,	39,	909.786,	908.437
130,	39,	908.328,	906.985
131,	39,	907.219,	905.884
132,	39,	905.521,	904.193
133,	39,	904.122,	902.802
134,	39,	902.183,	900.872
135,	39,	900.515,	899.212
136,	39,	898.346,	897.051
137,	39,	896.417,	895.132
138,	39,	894.039,	892.762
139,	39,	891.850,	890.582
140,	39,	889.262,	888.002
141,	39,	886.833,	885.582
142,	39,	884.044,	882.801
143,	39,	881.376,	880.140
144,	39,	878.387,	877.159
145,	39,	875.489,	874.268
67,	40,	434.989,	434.739
68,	40,	459.240,	459.021
69,	40,	478.891,	478.713
70,	40,	500.133,	500.008
71,	40,	518.284,	518.225
72,	40,	538.195,	538.217
73,	40,	555.077,	555.193
74,	40,	573.848,	574.069
75,	40,	589.620,	589.947
76,	40,	607.421,	607.818
77,	40,	622.232,	622.678
78,	40,	639.184,	639.628
79,	40,	653.155,	653.614
80,	40,	669.446,	669.913
81,	40,	680.728,	681.058
82,	40,	694.419,	694.234
83,	40,	705.271,	705.006
84,	40,	718.462,	717.931
85,	40,	728.643,	728.226
86,	40,	741.125,	740.461
87,	40,	750.976,	750.528
88,	40,	763.067,	762.526
89,	40,	772.349,	772.213
90,	40,	783.880,	783.921
91,	40,	791.002,	791.167
92,	40,	800.023,	800.009
93,	40,	806.554,	806.437
94,	40,	814.946,	814.932
95,	40,	820.927,	821.102
96,	40,	828.749,	829.068
97,	40,	834.010,	834.160
98,	40,	841.521,	841.169
99,	40,	846.303,	845.522
100,	40,	853.344,	852.624
101,	40,	857.695,	857.079
102,	40,	864.297,	864.101
103,	40,	868.228,	867.949
104,	40,	874.430,	874.295
105,	40,	877.981,	877.645
106,	40,	883.802,	883.392
107,	40,	887.294,	886.555
108,	40,	892.455,	891.500
109,	40,	895.616,	894.445
110,	40,	900.388,	899.079
111,	40,	902.979,	901.719
112,	40,	907.331,	906.039
113,	40,	909.652,	908.349
114,	40,	913.703,	912.395
115,	40,	915.945,	914.631
116,	40,	919.896,	918.576
117,	40,	921.898,	920.569
118,	40,	925.569,	924.230
119,	40,	927.510,	926.162
120,	40,	931.092,	929.735
121,	40,	932.813,	931.450
122,	40,	936.174,	934.808
123,	40,	935.746,	934.380
124,	40,	936.727,	935.364
125,	40,	935.989,	934.630
126,	40,	936.640,	935.288
127,	40,	935.601,	934.256
128,	40,	935.943,	934.604
129,	40,	934.634,	933.302
130,	40,	934.665,	933.339
131,	40,	933.087,	931.767
132,	40,	932.838,	931.525
133,	40,	931.010,	929.703
134,	40,	930.491,	929.192
135,	40,	928.402,	927.111
136,	40,	927.624,	926.340
137,	40,	925.305,	924.030
138,	40,	924.266,	923.000
139,	40,	921.718,	920.460
140,	40,	920.439,	919.190
141,	40,	917.671,	916.429
142,	40,	916.142,	914.909
143,	40,	913.163,	911.938
144,	40,	911.405,	910.187
145,	40,	908.216,	907.005
146,	40,	906.238,	905.033
147,	40,	902.839,	901.640
148,	40,	900.640,	899.448
149,	40,	897.042,	895.855
150,	40,	894.623,	893.441
151,	40,	890.834,	889.658
152,	40,	888.256,	887.084
153,	40,	884.317,	883.151
154,	40,	881.689,	880.527
155,	40,	877.810,	876.654
156,	40,	875.221,	874.071
71,	41,	493.322,	493.255
72,	41,	512.323,	512.321
73,	41,	532.634,	532.707
74,	41,	550.286,	550.442
75,	41,	569.487,	569.730
76,	41,	585.969,	586.294
77,	41,	604.210,	604.607
78,	41,	619.681,	620.125
79,	41,	637.083,	637.576
80,	41,	651.654,	652.140
81,	41,	668.435,	668.864
82,	41,	681.487,	681.648
83,	41,	695.708,	696.013
84,	41,	707.090,	706.769
85,	41,	720.771,	720.404
86,	41,	731.502,	731.082
87,	41,	744.424,	744.180
88,	41,	754.835,	754.398
89,	41,	767.327,	767.030
90,	41,	777.178,	776.996
91,	41,	789.059,	789.134
92,	41,	796.761,	796.777
93,	41,	806.102,	806.005
94,	41,	813.223,	812.942
95,	41,	821.915,	821.737
96,	41,	828.506,	828.386
97,	41,	836.588,	836.586
98,	41,	842.499,	842.330
99,	41,	850.020,	849.428
100,	41,	855.682,	854.934
101,	41,	862.693,	861.923
102,	41,	867.944,	867.478
103,	41,	874.486,	874.094
104,	41,	879.357,	879.197
105,	41,	885.449,	885.225
106,	41,	889.960,	889.729
107,	41,	895.631,	895.219
108,	41,	899.813,	899.214
109,	41,	905.384,	904.450
110,	41,	909.256,	908.178
111,	41,	914.127,	912.892
112,	41,	917.438,	916.145
113,	41,	921.880,	920.650
114,	41,	924.931,	923.674
115,	41,	929.042,	927.787
116,	41,	932.024,	930.764
117,	41,	936.005,	934.737
118,	41,	938.737,	937.458
119,	41,	942.418,	941.126
120,	41,	945.099,	943.792
121,	41,	948.671,	947.351
122,	41,	951.122,	949.793
123,	41,	954.433,	953.099
124,	41,	954.755,	953.420
125,	41,	955.686,	954.355
126,	41,	955.718,	954.391
127,	41,	956.309,	954.989
128,	41,	956.050,	954.737
129,	41,	956.322,	955.014
130,	41,	955.793,	954.491
131,	41,	955.754,	954.457
132,	41,	954.976,	953.683
133,	41,	954.637,	953.349
134,	41,	953.619,	952.336
135,	41,	953.000,	951.724
136,	41,	951.741,	950.472
137,	41,	950.843,	949.581
138,	41,	949.354,	948.100
139,	41,	948.196,	946.950
140,	41,	946.487,	945.250
141,	41,	945.068,	943.839
142,	41,	943.150,	941.929
143,	41,	941.481,	940.268
144,	41,	939.352,	938.146
145,	41,	937.434,	936.235
146,	41,	935.105,	933.912
147,	41,	932.947,	931.760
148,	41,	930.418,	929.237
149,	41,	928.029,	926.853
150,	41,	925.301,	924.129
151,	41,	922.682,	921.515
152,	41,	919.753,	918.591
153,	41,	916.965,	915.807
154,	41,	913.906,	912.753
155,	41,	911.058,	909.908
156,	41,	908.059,	906.915
157,	41,	905.240,	904.101
158,	41,	902.162,	901.028
70,	42,	445.548,	445.433
71,	42,	466.529,	466.459
72,	42,	488.981,	488.963
73,	42,	508.412,	508.455
74,	42,	529.483,	529.595
75,	42,	547.585,	547.770
76,	42,	567.476,	567.736
77,	42,	584.438,	584.767
78,	42,	603.309,	603.699
79,	42,	619.270,	619.705
80,	42,	637.252,	637.706
81,	42,	652.333,	652.834
82,	42,	669.635,	670.139
83,	42,	683.226,	683.736
84,	42,	699.157,	699.101
85,	42,	710.999,	710.973
86,	42,	725.210,	725.195
87,	42,	736.361,	736.325
88,	42,	749.833,	749.692
89,	42,	760.614,	760.597
90,	42,	773.656,	773.489
91,	42,	783.847,	783.887
92,	42,	796.298,	796.407
93,	42,	804.290,	804.439
94,	42,	814.211,	814.207
95,	42,	821.592,	821.435
96,	42,	830.884,	830.643
97,	42,	837.705,	837.458
98,	42,	846.417,	846.149
99,	42,	852.738,	852.297
100,	42,	860.909,	860.398
101,	42,	866.561,	865.851
102,	42,	874.432,	873.918
103,	42,	879.633,	879.355
104,	42,	887.075,	886.960
105,	42,	891.856,	891.801
106,	42,	898.878,	898.897
107,	42,	903.259,	903.170
108,	42,	909.890,	909.684
109,	42,	913.902,	913.511
110,	42,	920.153,	919.549
111,	42,	924.105,	923.107
112,	42,	929.686,	928.635
113,	42,	933.067,	931.970
114,	42,	938.239,	937.078
115,	42,	941.340,	940.179
116,	42,	946.191,	944.994
117,	42,	949.193,	948.022
118,	42,	953.914,	952.722
119,	42,	956.656,	955.447
120,	42,	961.077,	959.845
121,	42,	963.728,	962.474
122,	42,	968.040,	966.766
123,	42,	970.441,	969.154
124,	42,	974.502,	973.208
125,	42,	974.754,	973.458
126,	42,	976.435,	975.143
127,	42,	976.377,	975.090
128,	42,	977.738,	976.458
129,	42,	977.389,	976.115
130,	42,	978.441,	977.171
131,	42,	977.812,	976.545
132,	42,	978.564,	977.299
133,	42,	977.675,	976.413
134,	42,	978.146,	976.887
135,	42,	976.998,	975.743
136,	42,	977.199,	975.949
137,	42,	975.800,	974.556
138,	42,	975.742,	974.504
139,	42,	974.103,	972.873
140,	42,	973.785,	972.562
141,	42,	971.926,	970.712
142,	42,	971.347,	970.141
143,	42,	969.259,	968.060
144,	42,	968.440,	967.249
145,	42,	966.131,	964.947
146,	42,	965.083,	963.905
147,	42,	962.554,	961.382
148,	42,	961.266,	960.098
149,	42,	958.527,	957.364
150,	42,	957.008,	955.850
151,	42,	954.070,	952.915
152,	42,	952.321,	951.171
153,	42,	949.162,	948.015
154,	42,	947.244,	946.100
155,	42,	943.965,	942.825
156,	42,	942.007,	940.870
157,	42,	938.768,	937.636
158,	42,	936.829,	935.701
159,	42,	933.501,	932.377
160,	42,	931.452,	930.334
161,	42,	928.154,	927.041
162,	42,	926.115,	925.009
75,	43,	523.153,	523.294
76,	43,	542.034,	542.240
77,	43,	562.305,	562.576
78,	43,	579.987,	580.317
79,	43,	599.258,	599.639
80,	43,	615.889,	616.308
81,	43,	634.291,	634.729
82,	43,	649.982,	650.417
83,	43,	667.714,	668.062
84,	43,	681.875,	682.208
85,	43,	698.276,	698.422
86,	43,	711.808,	711.906
87,	43,	726.529,	726.416
88,	43,	738.190,	738.251
89,	43,	752.132,	752.306
90,	43,	763.433,	763.451
91,	43,	776.905,	777.019
92,	43,	787.626,	787.708
93,	43,	800.457,	800.749
94,	43,	808.979,	809.130
95,	43,	819.240,	819.363
96,	43,	827.171,	827.102
97,	43,	836.763,	836.680
98,	43,	844.164,	843.930
99,	43,	853.146,	852.902
100,	43,	860.057,	859.682
101,	43,	868.488,	867.960
102,	43,	874.750,	874.279
103,	43,	882.651,	882.273
104,	43,	888.683,	888.470
105,	43,	896.094,	896.054
106,	43,	901.735,	901.801
107,	43,	908.697,	908.688
108,	43,	913.978,	914.037
109,	43,	920.499,	920.421
110,	43,	925.431,	925.233
111,	43,	931.542,	931.162
112,	43,	936.154,	935.610
113,	43,	942.135,	941.321
114,	43,	946.216,	945.359
115,	43,	951.498,	950.515
116,	43,	955.289,	954.283
117,	43,	960.230,	959.147
118,	43,	963.942,	962.865
119,	43,	968.733,	967.639
120,	43,	972.175,	971.054
121,	43,	976.646,	975.488
122,	43,	980.007,	978.817
123,	43,	984.339,	983.121
124,	43,	987.460,	986.224
125,	43,	991.512,	990.265
126,	43,	992.463,	991.214
127,	43,	994.114,	992.870
128,	43,	994.766,	993.528
129,	43,	996.087,	994.856
130,	43,	996.468,	995.242
131,	43,	997.460,	996.235
132,	43,	997.581,	996.356
133,	43,	998.273,	997.046
134,	43,	998.134,	996.907
135,	43,	998.535,	997.309
136,	43,	998.157,	996.932
137,	43,	998.268,	997.047
138,	43,	997.659,	996.443
139,	43,	997.491,	996.280
140,	43,	996.652,	995.449
141,	43,	996.224,	995.027
142,	43,	995.155,	993.967
143,	43,	994.466,	993.285
144,	43,	993.188,	992.014
145,	43,	992.239,	991.072
146,	43,	990.740,	989.580
147,	43,	989.552,	988.397
148,	43,	987.843,	986.693
149,	43,	986.405,	985.259
150,	43,	984.496,	983.354
151,	43,	982.807,	981.668
152,	43,	980.689,	979.553
153,	43,	978.770,	977.637
154,	43,	976.442,	975.311
155,	43,	974.333,	973.205
156,	43,	971.904,	970.778
157,	43,	969.766,	968.643
158,	43,	967.387,	966.267
159,	43,	965.248,	964.132
160,	43,	962.760,	961.647
161,	43,	960.501,	959.393
162,	43,	958.053,	956.950
163,	43,	955.784,	954.687
164,	43,	953.235,	952.145
165,	43,	950.837,	949.754
74,	44,	476.359,	476.416
75,	44,	497.020,	497.129
76,	44,	519.232,	519.397
77,	44,	538.513,	538.735
78,	44,	559.494,	559.772
79,	44,	577.596,	577.925
80,	44,	597.527,	597.899
81,	44,	614.588,	614.991
82,	44,	633.590,	634.006
83,	44,	649.741,	650.149
84,	44,	668.013,	668.378
85,	44,	682.674,	682.983
86,	44,	699.575,	699.633
87,	44,	713.617,	713.724
88,	44,	729.968,	729.980
89,	44,	742.079,	742.340
90,	44,	756.531,	756.694
91,	44,	768.232,	768.441
92,	44,	782.224,	782.391
93,	44,	793.315,	793.528
94,	44,	806.676,	806.877
95,	44,	815.508,	815.791
96,	44,	826.299,	826.427
97,	44,	834.501,	834.570
98,	44,	844.652,	844.611
99,	44,	852.303,	852.272
100,	44,	861.855,	861.646
101,	44,	868.996,	868.794
102,	44,	878.007,	877.638
103,	44,	884.679,	884.351
104,	44,	893.180,	892.878
105,	44,	899.212,	899.090
106,	44,	907.453,	907.384
107,	44,	913.054,	913.125
108,	44,	920.866,	920.977
109,	44,	926.067,	926.131
110,	44,	933.468,	933.554
111,	44,	938.290,	938.365
112,	44,	945.321,	945.221
113,	44,	949.763,	949.556
114,	44,	956.394,	955.985
115,	44,	960.575,	960.113
116,	44,	966.557,	965.852
117,	44,	970.438,	969.621
118,	44,	976.079,	975.105
119,	44,	979.841,	978.995
120,	44,	985.342,	984.348
121,	44,	988.824,	987.852
122,	44,	994.005,	992.921
123,	44,	997.386,	996.270
124,	44,	1002.438,	1001.287
125,	44,	1005.539,	1004.365
126,	44,	1010.311,	1009.120
127,	44,	1011.202,	1010.010
128,	44,	1013.563,	1012.378
129,	44,	1014.145,	1012.968
130,	44,	1016.186,	1015.016
131,	44,	1016.487,	1015.319
132,	44,	1018.219,	1017.048
133,	44,	1018.250,	1017.073
134,	44,	1019.692,	1018.509
135,	44,	1019.463,	1018.275
136,	44,	1020.624,	1019.433
137,	44,	1020.136,	1018.944
138,	44,	1021.017,	1019.827
139,	44,	1020.288,	1019.102
140,	44,	1020.910,	1019.729
141,	44,	1019.941,	1018.767
142,	44,	1020.313,	1019.145
143,	44,	1019.104,	1017.944
144,	44,	1019.215,	1018.062
145,	44,	1017.787,	1016.641
146,	44,	1017.658,	1016.518
147,	44,	1016.000,	1014.865
148,	44,	1015.621,	1014.491
149,	44,	1013.752,	1012.626
150,	44,	1013.134,	1012.011
151,	44,	1011.045,	1009.925
152,	44,	1010.186,	1009.068
153,	44,	1007.878,	1006.761
154,	44,	1006.789,	1005.674
155,	44,	1004.261,	1003.147
156,	44,	1002.982,	1001.870
157,	44,	1000.373,	999.263
158,	44,	999.095,	997.986
159,	44,	996.496,	995.389
160,	44,	995.227,	994.123
161,	44,	992.519,	991.418
162,	44,	991.120,	990.023
163,	44,	988.432,	987.339
164,	44,	987.023,	985.936
165,	44,	984.214,	983.133
166,	44,	982.676,	981.602
167,	44,	979.887,	978.821
168,	44,	978.338,	977.281
79,	45,	553.263,	553.547
80,	45,	572.105,	572.432
81,	45,	592.386,	592.750
82,	45,	610.137,	610.527
83,	45,	629.509,	629.909
84,	45,	646.290,	646.682
85,	45,	664.962,	665.322
86,	45,	680.213,	680.524
87,	45,	697.544,	697.822
88,	45,	712.136,	712.274
89,	45,	728.937,	729.258
90,	45,	742.679,	742.927
91,	45,	757.610,	758.051
92,	45,	769.811,	770.164
93,	45,	784.253,	784.600
94,	45,	795.854,	796.164
95,	45,	809.625,	810.042
96,	45,	818.947,	819.227
97,	45,	830.088,	830.433
98,	45,	838.810,	839.009
99,	45,	849.281,	849.522
100,	45,	857.452,	857.616
101,	45,	867.314,	867.489
102,	45,	874.995,	874.987
103,	45,	884.276,	884.245
104,	45,	891.508,	891.381
105,	45,	900.269,	900.137
106,	45,	906.891,	906.832
107,	45,	915.142,	915.140
108,	45,	921.543,	921.631
109,	45,	929.335,	929.393
110,	45,	935.366,	935.528
111,	45,	942.717,	942.768
112,	45,	948.389,	948.536
113,	45,	955.320,	955.352
114,	45,	960.662,	960.627
115,	45,	967.163,	967.023
116,	45,	971.994,	971.720
117,	45,	978.386,	977.919
118,	45,	982.927,	982.313
119,	45,	988.699,	987.974
120,	45,	993.140,	992.368
121,	45,	998.741,	997.877
122,	45,	1002.903,	1002.001
123,	45,	1008.164,	1007.224
124,	45,	1012.225,	1011.191
125,	45,	1017.337,	1016.279
126,	45,	1021.128,	1020.034
127,	45,	1025.940,	1024.815
128,	45,	1027.481,	1026.361
129,	45,	1029.822,	1028.713
130,	45,	1031.084,	1029.986
131,	45,	1033.095,	1032.002
132,	45,	1034.086,	1032.990
133,	45,	1035.778,	1034.670
134,	45,	1036.509,	1035.388
135,	45,	1037.901,	1036.765
136,	45,	1038.382,	1037.236
137,	45,	1039.483,	1038.330
138,	45,	1039.725,	1038.568
139,	45,	1040.546,	1039.389
140,	45,	1040.547,	1039.393
141,	45,	1041.099,	1039.950
142,	45,	1040.870,	1039.727
143,	45,	1041.152,	1040.016
144,	45,	1040.703,	1039.574
145,	45,	1040.724,	1039.602
146,	45,	1040.056,	1038.940
147,	45,	1039.817,	1038.707
148,	45,	1038.939,	1037.833
149,	45,	1038.440,	1037.338
150,	45,	1037.351,	1036.252
151,	45,	1036.603,	1035.505
152,	45,	1035.294,	1034.198
153,	45,	1034.295,	1033.200
154,	45,	1032.787,	1031.692
155,	45,	1031.538,	1030.443
156,	45,	1029.810,	1028.714
157,	45,	1028.371,	1027.276
158,	45,	1026.582,	1025.487
159,	45,	1025.154,	1024.059
160,	45,	1023.395,	1022.301
161,	45,	1021.956,	1020.864
162,	45,	1020.078,	1018.988
163,	45,	1018.489,	1017.403
164,	45,	1016.631,	1015.548
165,	45,	1015.022,	1013.944
166,	45,	1013.053,	1011.982
167,	45,	1011.295,	1010.230
168,	45,	1009.326,	1008.269
169,	45,	1007.548,	1006.499
170,	45,	1005.459,	1004.420
171,	45,	1003.540,	1002.511
78,	46,	506.920,	507.118
79,	46,	527.361,	527.605
80,	46,	549.412,	549.700
81,	46,	568.624,	568.950
82,	46,	589.575,	589.934
83,	46,	607.716,	608.098
84,	46,	627.708,	628.101
85,	46,	644.909,	645.300
86,	46,	664.131,	664.505
87,	46,	679.842,	680.191
88,	46,	697.703,	698.030
89,	46,	712.765,	713.089
90,	46,	730.056,	730.399
91,	46,	744.288,	744.801
92,	46,	760.809,	761.283
93,	46,	773.440,	774.003
94,	46,	788.372,	788.854
95,	46,	800.363,	800.800
96,	46,	814.644,	815.063
97,	46,	824.286,	824.706
98,	46,	835.917,	836.239
99,	46,	844.929,	845.269
100,	46,	855.910,	856.177
101,	46,	864.351,	864.676
102,	46,	874.733,	874.929
103,	46,	882.664,	882.905
104,	46,	892.495,	892.504
105,	46,	899.947,	900.013
106,	46,	909.268,	909.166
107,	46,	916.270,	916.213
108,	46,	925.111,	925.013
109,	46,	931.512,	931.503
110,	46,	940.094,	940.045
111,	46,	946.085,	946.066
112,	46,	954.257,	954.235
113,	46,	959.858,	959.814
114,	46,	967.649,	967.597
115,	46,	972.871,	972.782
116,	46,	980.252,	980.130
117,	46,	984.963,	984.832
118,	46,	992.015,	991.745
119,	46,	996.666,	996.220
120,	46,	1003.108,	1002.574
121,	46,	1007.639,	1006.972
122,	46,	1013.920,	1013.197
123,	46,	1018.152,	1017.412
124,	46,	1024.113,	1023.192
125,	46,	1028.214,	1027.324
126,	46,	1034.016,	1033.034
127,	46,	1037.837,	1036.848
128,	46,	1043.359,	1042.343
129,	46,	1044.850,	1043.780
130,	46,	1047.851,	1046.862
131,	46,	1049.063,	1048.070
132,	46,	1051.744,	1050.750
133,	46,	1052.675,	1051.665
134,	46,	1055.057,	1054.022
135,	46,	1055.718,	1054.658
136,	46,	1057.820,	1056.736
137,	46,	1058.211,	1057.109
138,	46,	1060.032,	1058.919
139,	46,	1060.184,	1059.064
140,	46,	1061.735,	1060.614
141,	46,	1061.637,	1060.517
142,	46,	1062.928,	1061.813
143,	46,	1062.599,	1061.491
144,	46,	1063.631,	1062.529
145,	46,	1063.062,	1061.967
146,	46,	1063.843,	1062.755
147,	46,	1063.045,	1061.962
148,	46,	1063.576,	1062.498
149,	46,	1062.558,	1061.483
150,	46,	1062.849,	1061.777
151,	46,	1061.600,	1060.529
152,	46,	1061.642,	1060.571
153,	46,	1060.183,	1059.112
154,	46,	1059.984,	1058.913
155,	46,	1058.296,	1057.223
156,	46,	1057.857,	1056.783
157,	46,	1055.949,	1054.873
158,	46,	1055.310,	1054.232
159,	46,	1053.361,	1052.282
160,	46,	1052.773,	1051.693
161,	46,	1050.834,	1049.754
162,	46,	1050.236,	1049.156
163,	46,	1048.177,	1047.099
164,	46,	1047.428,	1046.352
165,	46,	1045.360,	1044.287
166,	46,	1044.591,	1043.523
167,	46,	1042.402,	1041.340
168,	46,	1041.484,	1040.428
169,	46,	1039.285,	1038.237
170,	46,	1038.337,	1037.297
171,	46,	1036.008,	1034.978
172,	46,	1034.919,	1033.900
173,	46,	1030.131,	1029.122
174,	46,	1026.472,	1025.476
84,	47,	602.536,	602.914
85,	47,	622.857,	623.249
86,	47,	640.688,	641.085
87,	47,	660.270,	660.664
88,	47,	676.591,	676.980
89,	47,	694.842,	695.232
90,	47,	710.474,	710.879
91,	47,	728.165,	728.609
92,	47,	742.927,	743.413
93,	47,	759.878,	760.486
94,	47,	774.079,	774.587
95,	47,	789.481,	790.060
96,	47,	801.952,	802.401
97,	47,	816.673,	817.112
98,	47,	826.765,	827.103
99,	47,	838.756,	839.087
100,	47,	848.238,	848.468
101,	47,	859.549,	859.833
102,	47,	868.470,	868.769
103,	47,	879.172,	879.439
104,	47,	887.593,	887.828
105,	47,	897.714,	897.881
106,	47,	905.676,	905.795
107,	47,	915.267,	915.278
108,	47,	922.799,	922.747
109,	47,	931.890,	931.756
110,	47,	938.851,	938.718
111,	47,	947.463,	947.293
112,	47,	954.214,	954.050
113,	47,	962.366,	962.155
114,	47,	968.767,	968.578
115,	47,	976.498,	976.217
116,	47,	982.540,	982.328
117,	47,	989.841,	989.592
118,	47,	995.432,	995.331
119,	47,	1002.384,	1002.140
120,	47,	1007.675,	1007.510
121,	47,	1014.517,	1014.123
122,	47,	1019.698,	1019.338
123,	47,	1026.109,	1025.516
124,	47,	1031.001,	1030.392
125,	47,	1037.062,	1036.416
126,	47,	1041.843,	1041.172
127,	47,	1047.735,	1046.926
128,	47,	1052.226,	1051.379
129,	47,	1057.808,	1056.953
130,	47,	1059.919,	1059.008
131,	47,	1062.910,	1061.976
132,	47,	1064.742,	1063.912
133,	47,	1067.413,	1066.545
134,	47,	1068.985,	1068.077
135,	47,	1071.346,	1070.393
136,	47,	1072.657,	1071.661
137,	47,	1074.719,	1073.687
138,	47,	1075.790,	1074.733
139,	47,	1077.561,	1076.488
140,	47,	1078.393,	1077.311
141,	47,	1079.894,	1078.810
142,	47,	1080.496,	1079.413
143,	47,	1081.717,	1080.639
144,	47,	1082.098,	1081.027
145,	47,	1083.050,	1081.986
146,	47,	1083.211,	1082.154
147,	47,	1083.902,	1082.851
148,	47,	1083.834,	1082.787
149,	47,	1084.275,	1083.232
150,	47,	1083.997,	1082.956
151,	47,	1084.178,	1083.138
152,	47,	1083.679,	1082.639
153,	47,	1083.611,	1082.570
154,	47,	1082.902,	1081.859
155,	47,	1082.583,	1081.538
156,	47,	1081.655,	1080.606
157,	47,	1081.086,	1080.034
158,	47,	1079.938,	1078.882
159,	47,	1079.159,	1078.100
160,	47,	1078.020,	1076.958
161,	47,	1077.312,	1076.247
162,	47,	1076.183,	1075.117
163,	47,	1075.435,	1074.368
164,	47,	1074.186,	1073.119
165,	47,	1073.287,	1072.222
166,	47,	1072.039,	1070.976
167,	47,	1071.110,	1070.051
168,	47,	1069.731,	1068.678
169,	47,	1068.633,	1067.585
170,	47,	1067.244,	1066.204
171,	47,	1066.106,	1065.074
172,	47,	1064.577,	1063.556
173,	47,	1063.288,	1062.278
174,	47,	1059.240,	1058.241
175,	47,	1055.311,	1054.325
81,	48,	514.849,	515.107
82,	48,	537.930,	538.224
83,	48,	558.222,	558.548
84,	48,	580.153,	580.508
85,	48,	599.335,	599.712
86,	48,	620.276,	620.670
87,	48,	638.487,	638.893
88,	48,	658.639,	659.052
89,	48,	675.360,	675.781
90,	48,	694.161,	694.595
91,	48,	710.223,	710.680
92,	48,	728.434,	728.928
93,	48,	743.646,	744.182
94,	48,	761.067,	761.644
95,	48,	775.748,	776.382
96,	48,	792.680,	793.249
97,	48,	805.561,	806.106
98,	48,	820.772,	821.228
99,	48,	831.184,	831.582
100,	48,	843.625,	843.865
101,	48,	853.397,	853.584
102,	48,	865.178,	865.284
103,	48,	874.389,	874.584
104,	48,	885.561,	885.633
105,	48,	894.242,	894.419
106,	48,	904.864,	904.906
107,	48,	913.065,	913.204
108,	48,	923.166,	923.095
109,	48,	930.918,	930.908
110,	48,	940.539,	940.338
111,	48,	947.870,	947.733
112,	48,	957.042,	956.811
113,	48,	963.803,	963.627
114,	48,	972.715,	972.429
115,	48,	979.076,	978.811
116,	48,	987.597,	987.256
117,	48,	993.579,	993.273
118,	48,	1001.690,	1001.425
119,	48,	1007.211,	1007.052
120,	48,	1015.033,	1014.883
121,	48,	1020.224,	1020.196
122,	48,	1027.716,	1027.567
123,	48,	1033.007,	1032.856
124,	48,	1040.078,	1039.752
125,	48,	1045.060,	1044.825
126,	48,	1051.801,	1051.489
127,	48,	1056.653,	1056.229
128,	48,	1063.214,	1062.794
129,	48,	1067.775,	1067.332
130,	48,	1074.037,	1073.411
131,	48,	1076.108,	1075.537
132,	48,	1079.719,	1079.072
133,	48,	1081.511,	1080.790
134,	48,	1084.812,	1084.118
135,	48,	1086.324,	1085.518
136,	48,	1089.335,	1088.464
137,	48,	1090.586,	1089.652
138,	48,	1093.308,	1092.326
139,	48,	1094.309,	1093.295
140,	48,	1096.760,	1095.727
141,	48,	1097.512,	1096.469
142,	48,	1099.703,	1098.658
143,	48,	1100.215,	1099.172
144,	48,	1102.136,	1101.099
145,	48,	1102.417,	1101.388
146,	48,	1104.089,	1103.066
147,	48,	1104.140,	1103.124
148,	48,	1105.561,	1104.551
149,	48,	1105.383,	1104.376
150,	48,	1106.554,	1105.550
151,	48,	1106.156,	1105.152
152,	48,	1107.077,	1106.072
153,	48,	1106.458,	1105.452
154,	48,	1107.140,	1106.130
155,	48,	1106.291,	1105.277
156,	48,	1106.733,	1105.714
157,	48,	1105.654,	1104.630
158,	48,	1105.855,	1104.826
159,	48,	1104.557,	1103.522
160,	48,	1104.548,	1103.508
161,	48,	1103.279,	1102.235
162,	48,	1103.381,	1102.332
163,	48,	1102.112,	1101.060
164,	48,	1102.184,	1101.129
165,	48,	1100.775,	1099.720
166,	48,	1100.696,	1099.641
167,	48,	1099.278,	1098.224
168,	48,	1099.169,	1098.119
169,	48,	1097.610,	1096.565
170,	48,	1097.332,	1096.292
171,	48,	1095.743,	1094.711
172,	48,	1095.425,	1094.402
173,	48,	1093.696,	1092.683
174,	48,	1093.227,	1092.226
175,	48,	1088.879,	1087.890
176,	48,	1085.700,	1084.724
87,	49,	614.425,	614.823
88,	49,	633.276,	633.690
89,	49,	653.738,	654.166
90,	49,	671.089,	671.532
91,	49,	690.240,	690.702
92,	49,	706.892,	707.379
93,	49,	725.473,	725.992
94,	49,	741.235,	741.787
95,	49,	759.066,	759.650
96,	49,	774.247,	774.837
97,	49,	791.599,	792.232
98,	49,	806.010,	806.549
99,	49,	821.682,	822.244
100,	49,	832.503,	832.896
101,	49,	845.314,	845.498
102,	49,	855.516,	855.483
103,	49,	867.647,	867.596
104,	49,	877.298,	877.232
105,	49,	888.790,	888.796
106,	49,	897.931,	897.815
107,	49,	908.853,	908.809
108,	49,	917.534,	917.482
109,	49,	927.905,	927.855
110,	49,	936.157,	936.090
111,	49,	946.038,	945.907
112,	49,	953.879,	953.808
113,	49,	963.281,	963.118
114,	49,	970.582,	970.546
115,	49,	979.524,	979.350
116,	49,	986.625,	986.508
117,	49,	995.136,	994.855
118,	49,	1001.878,	1001.690
119,	49,	1009.959,	1009.676
120,	49,	1016.301,	1016.260
121,	49,	1024.082,	1024.009
122,	49,	1030.123,	1030.209
123,	49,	1037.535,	1037.632
124,	49,	1043.446,	1043.568
125,	49,	1050.917,	1050.924
126,	49,	1056.539,	1056.647
127,	49,	1063.420,	1063.437
128,	49,	1068.922,	1069.034
129,	49,	1075.603,	1075.625
130,	49,	1080.814,	1080.843
131,	49,	1087.186,	1087.188
132,	49,	1089.837,	1089.605
133,	49,	1093.438,	1093.214
134,	49,	1095.820,	1095.381
135,	49,	1099.111,	1098.572
136,	49,	1101.223,	1100.534
137,	49,	1104.214,	1103.426
138,	49,	1106.085,	1105.207
139,	49,	1108.777,	1107.841
140,	49,	1110.408,	1109.435
141,	49,	1112.829,	1111.835
142,	49,	1114.231,	1113.228
143,	49,	1116.362,	1115.359
144,	49,	1117.544,	1116.544
145,	49,	1119.415,	1118.423
146,	49,	1120.366,	1119.382
147,	49,	1121.978,	1121.001
148,	49,	1122.709,	1121.739
149,	49,	1124.061,	1123.095
150,	49,	1124.582,	1123.619
151,	49,	1125.673,	1124.711
152,	49,	1125.975,	1125.011
153,	49,	1126.816,	1125.849
154,	49,	1126.907,	1125.937
155,	49,	1127.499,	1126.522
156,	49,	1127.370,	1126.387
157,	49,	1127.702,	1126.712
158,	49,	1127.363,	1126.365
159,	49,	1127.444,	1126.439
160,	49,	1126.896,	1125.883
161,	49,	1126.767,	1125.747
162,	49,	1126.278,	1125.251
163,	49,	1126.290,	1125.257
164,	49,	1125.801,	1124.763
165,	49,	1125.773,	1124.731
166,	49,	1125.154,	1124.110
167,	49,	1124.955,	1123.910
168,	49,	1124.327,	1123.282
169,	49,	1124.088,	1123.046
170,	49,	1123.320,	1122.282
171,	49,	1122.911,	1121.879
172,	49,	1122.122,	1121.098
173,	49,	1121.644,	1120.629
174,	49,	1120.705,	1119.700
175,	49,	1120.076,	1119.084
176,	49,	1116.428,	1115.448
177,	49,	1112.979,	1112.013
85,	50,	545.930,	546.258
86,	50,	568.821,	569.176
87,	50,	589.013,	589.391
88,	50,	610.884,	611.284
89,	50,	630.065,	630.484
90,	50,	651.117,	651.554
91,	50,	668.838,	669.294
92,	50,	688.560,	689.036
93,	50,	705.601,	706.101
94,	50,	724.712,	725.239
95,	50,	740.904,	741.458
96,	50,	759.215,	759.793
97,	50,	774.846,	775.440
98,	50,	792.658,	793.263
99,	50,	807.539,	808.138
100,	50,	824.691,	825.243
101,	50,	835.852,	836.216
102,	50,	849.063,	849.074
103,	50,	859.585,	859.466
104,	50,	872.136,	871.855
105,	50,	882.067,	881.910
106,	50,	894.009,	893.733
107,	50,	903.420,	903.364
108,	50,	914.792,	914.546
109,	50,	923.723,	923.677
110,	50,	934.584,	934.405
111,	50,	943.056,	943.072
112,	50,	953.427,	953.249
113,	50,	961.488,	961.510
114,	50,	971.400,	971.277
115,	50,	979.061,	979.122
116,	50,	988.543,	988.441
117,	50,	995.654,	995.599
118,	50,	1004.895,	1004.695
119,	50,	1011.617,	1011.481
120,	50,	1020.448,	1020.298
121,	50,	1026.770,	1026.696
122,	50,	1035.371,	1035.376
123,	50,	1041.362,	1041.533
124,	50,	1049.624,	1049.820
125,	50,	1055.455,	1055.738
126,	50,	1063.546,	1063.779
127,	50,	1069.298,	1069.611
128,	50,	1076.829,	1077.131
129,	50,	1082.431,	1082.793
130,	50,	1089.782,	1090.094
131,	50,	1095.083,	1095.416
132,	50,	1102.125,	1102.543
133,	50,	1104.736,	1104.952
134,	50,	1108.927,	1108.875
135,	50,	1111.259,	1111.065
136,	50,	1115.140,	1114.728
137,	50,	1117.222,	1116.612
138,	50,	1120.813,	1120.061
139,	50,	1122.624,	1121.793
140,	50,	1125.946,	1125.049
141,	50,	1127.517,	1126.582
142,	50,	1130.569,	1129.615
143,	50,	1131.900,	1130.940
144,	50,	1134.691,	1133.733
145,	50,	1135.793,	1134.842
146,	50,	1138.324,	1137.382
147,	50,	1139.195,	1138.262
148,	50,	1141.487,	1140.561
149,	50,	1142.128,	1141.209
150,	50,	1144.170,	1143.253
151,	50,	1144.591,	1143.675
152,	50,	1146.382,	1145.465
153,	50,	1146.584,	1145.663
154,	50,	1148.135,	1147.209
155,	50,	1148.116,	1147.184
156,	50,	1149.418,	1148.477
157,	50,	1149.179,	1148.229
158,	50,	1150.241,	1149.281
159,	50,	1149.772,	1148.802
160,	50,	1150.593,	1149.613
161,	50,	1149.905,	1148.914
162,	50,	1150.516,	1149.516
163,	50,	1149.927,	1148.918
164,	50,	1150.729,	1149.711
165,	50,	1150.130,	1149.106
166,	50,	1150.902,	1149.872
167,	50,	1150.153,	1149.119
168,	50,	1150.764,	1149.729
169,	50,	1150.006,	1148.970
170,	50,	1150.567,	1149.533
171,	50,	1149.649,	1148.618
172,	50,	1150.040,	1149.015
173,	50,	1149.091,	1148.074
174,	50,	1149.433,	1148.425
175,	50,	1148.324,	1147.327
176,	50,	1148.495,	1147.511
177,	50,	1144.567,	1143.596
178,	50,	1141.818,	1140.862
179,	50,	1137.770,	1136.829
180,	50,	1134.901,	1133.977
94,	51,	699.600,	700.102
95,	51,	719.031,	719.555
96,	51,	735.753,	736.296
97,	51,	754.414,	754.972
98,	51,	770.525,	771.089
99,	51,	788.667,	789.230
100,	51,	803.988,	804.522
101,	51,	821.490,	821.961
102,	51,	835.531,	835.753
103,	51,	848.672,	848.685
104,	51,	859.264,	858.897
105,	51,	871.955,	871.638
106,	51,	882.186,	881.962
107,	51,	894.468,	894.326
108,	51,	904.369,	904.164
109,	51,	916.111,	916.055
110,	51,	925.532,	925.394
111,	51,	936.733,	936.716
112,	51,	945.715,	945.676
113,	51,	956.406,	956.422
114,	51,	964.978,	964.909
115,	51,	975.179,	975.154
116,	51,	983.360,	983.343
117,	51,	993.112,	993.008
118,	51,	1000.763,	1000.703
119,	51,	1010.054,	1009.873
120,	51,	1017.496,	1017.414
121,	51,	1026.337,	1026.197
122,	51,	1033.389,	1033.426
123,	51,	1041.930,	1041.903
124,	51,	1048.661,	1048.857
125,	51,	1056.823,	1056.999
126,	51,	1063.404,	1063.706
127,	51,	1071.355,	1071.565
128,	51,	1077.637,	1077.974
129,	51,	1085.458,	1085.709
130,	51,	1091.600,	1091.885
131,	51,	1098.981,	1099.291
132,	51,	1104.812,	1105.234
133,	51,	1112.364,	1112.635
134,	51,	1115.315,	1115.628
135,	51,	1119.397,	1119.499
136,	51,	1122.378,	1122.254
137,	51,	1126.349,	1125.969
138,	51,	1129.071,	1128.538
139,	51,	1132.742,	1132.029
140,	51,	1135.213,	1134.424
141,	51,	1138.595,	1137.726
142,	51,	1140.836,	1139.948
143,	51,	1143.928,	1143.020
144,	51,	1145.939,	1145.028
145,	51,	1148.760,	1147.855
146,	51,	1150.542,	1149.646
147,	51,	1153.093,	1152.208
148,	51,	1154.644,	1153.769
149,	51,	1156.936,	1156.068
150,	51,	1158.267,	1157.404
151,	51,	1160.299,	1159.437
152,	51,	1161.410,	1160.547
153,	51,	1163.171,	1162.304
154,	51,	1164.073,	1163.199
155,	51,	1165.574,	1164.692
156,	51,	1166.255,	1165.363
157,	51,	1167.507,	1166.603
158,	51,	1167.958,	1167.043
159,	51,	1168.950,	1168.021
160,	51,	1169.181,	1168.240
161,	51,	1169.912,	1168.958
162,	51,	1169.924,	1168.956
163,	51,	1170.425,	1169.445
164,	51,	1170.517,	1169.525
165,	51,	1171.168,	1170.166
166,	51,	1171.239,	1170.228
167,	51,	1171.831,	1170.812
168,	51,	1171.772,	1170.748
169,	51,	1172.183,	1171.156
170,	51,	1172.085,	1171.057
171,	51,	1172.436,	1171.409
172,	51,	1172.178,	1171.154
173,	51,	1172.339,	1171.321
174,	51,	1172.040,	1171.030
175,	51,	1172.122,	1171.121
176,	51,	1171.663,	1170.674
177,	51,	1172.624,	1171.648
178,	51,	1169.506,	1168.544
179,	51,	1166.677,	1165.731
180,	51,	1163.489,	1162.559
181,	51,	1160.560,	1159.648
95,	52,	695.329,	695.824
96,	52,	715.290,	715.802
97,	52,	732.382,	732.906
98,	52,	751.513,	752.044
99,	52,	768.004,	768.531
100,	52,	786.576,	787.080
101,	52,	802.277,	802.735
102,	52,	820.159,	820.535
103,	52,	834.130,	834.321
104,	52,	848.781,	848.688
105,	52,	859.843,	859.683
106,	52,	873.154,	872.931
107,	52,	883.936,	883.783
108,	52,	896.747,	896.611
109,	52,	906.988,	907.014
110,	52,	919.230,	919.106
111,	52,	928.971,	929.112
112,	52,	940.672,	940.588
113,	52,	949.954,	950.058
114,	52,	961.155,	961.047
115,	52,	969.987,	969.981
116,	52,	980.718,	980.554
117,	52,	989.139,	989.040
118,	52,	999.421,	999.164
119,	52,	1007.442,	1007.237
120,	52,	1017.283,	1017.022
121,	52,	1024.755,	1024.612
122,	52,	1034.316,	1034.194
123,	52,	1041.328,	1041.344
124,	52,	1050.589,	1050.623
125,	52,	1057.250,	1057.361
126,	52,	1066.142,	1066.330
127,	52,	1072.613,	1072.807
128,	52,	1081.304,	1081.461
129,	52,	1087.426,	1087.624
130,	52,	1095.767,	1095.932
131,	52,	1101.939,	1102.082
132,	52,	1109.850,	1109.913
133,	52,	1115.681,	1115.819
134,	52,	1123.253,	1123.459
135,	52,	1126.584,	1126.695
136,	52,	1131.516,	1131.510
137,	52,	1134.567,	1134.381
138,	52,	1139.188,	1138.877
139,	52,	1141.970,	1141.452
140,	52,	1146.301,	1145.618
141,	52,	1148.822,	1148.117
142,	52,	1152.864,	1152.020
143,	52,	1155.135,	1154.293
144,	52,	1158.907,	1158.029
145,	52,	1160.928,	1160.090
146,	52,	1164.429,	1163.586
147,	52,	1166.211,	1165.380
148,	52,	1169.452,	1168.632
149,	52,	1170.993,	1170.184
150,	52,	1173.975,	1173.172
151,	52,	1175.276,	1174.476
152,	52,	1177.998,	1177.196
153,	52,	1179.079,	1178.272
154,	52,	1181.540,	1180.726
155,	52,	1182.382,	1181.558
156,	52,	1184.583,	1183.747
157,	52,	1185.195,	1184.345
158,	52,	1187.146,	1186.282
159,	52,	1187.507,	1186.628
160,	52,	1189.199,	1188.303
161,	52,	1189.330,	1188.418
162,	52,	1190.771,	1189.844
163,	52,	1190.653,	1189.709
164,	52,	1191.864,	1190.905
165,	52,	1191.796,	1190.822
166,	52,	1193.127,	1192.140
167,	52,	1193.028,	1192.030
168,	52,	1194.290,	1193.282
169,	52,	1194.031,	1193.016
170,	52,	1195.112,	1194.093
171,	52,	1194.794,	1193.772
172,	52,	1195.815,	1194.794
173,	52,	1195.317,	1194.298
174,	52,	1196.138,	1195.125
175,	52,	1195.589,	1194.585
176,	52,	1196.321,	1195.326
177,	52,	1195.572,	1194.589
178,	52,	1196.613,	1195.645
179,	52,	1193.415,	1192.462
180,	52,	1191.446,	1190.510
181,	52,	1188.178,	1187.259
182,	52,	1186.109,	1185.209
183,	52,	1182.730,	1181.849
184,	52,	1180.532,	1179.670
185,	52,	1177.033,	1176.191
186,	52,	1174.705,	1173.882
187,	52,	1171.066,	1170.263
188,	52,	1168.577,	1167.793
189,	52,	1164.799,	1164.032
190,	52,	1162.130,	1161.381
191,	52,	1158.191,	1157.459
192,	52,	1155.343,	1154.626
98,	53,	726.191,	726.692
99,	53,	745.632,	746.133
100,	53,	762.624,	763.113
101,	53,	781.525,	781.985
102,	53,	797.676,	798.082
103,	53,	815.878,	816.195
104,	53,	829.959,	830.169
105,	53,	845.080,	845.139
106,	53,	857.772,	857.693
107,	53,	871.643,	871.602
108,	53,	882.875,	882.872
109,	53,	896.096,	896.043
110,	53,	906.807,	906.823
111,	53,	919.429,	919.440
112,	53,	929.650,	929.647
113,	53,	941.701,	941.728
114,	53,	951.463,	951.568
115,	53,	962.994,	962.979
116,	53,	972.336,	972.313
117,	53,	983.357,	983.289
118,	53,	992.288,	992.219
119,	53,	1002.840,	1002.751
120,	53,	1011.371,	1011.250
121,	53,	1021.462,	1021.392
122,	53,	1029.464,	1029.487
123,	53,	1039.065,	1039.110
124,	53,	1046.757,	1046.924
125,	53,	1055.998,	1056.168
126,	53,	1063.349,	1063.623
127,	53,	1072.191,	1072.365
128,	53,	1079.362,	1079.619
129,	53,	1087.964,	1088.057
130,	53,	1094.795,	1094.963
131,	53,	1103.006,	1103.063
132,	53,	1109.658,	1109.728
133,	53,	1117.859,	1117.834
134,	53,	1124.190,	1124.224
135,	53,	1131.792,	1131.825
136,	53,	1135.733,	1135.701
137,	53,	1140.775,	1140.724
138,	53,	1144.446,	1144.302
139,	53,	1149.167,	1148.923
140,	53,	1152.579,	1152.179
141,	53,	1157.000,	1156.521
142,	53,	1160.151,	1159.499
143,	53,	1164.273,	1163.604
144,	53,	1167.184,	1166.471
145,	53,	1171.016,	1170.243
146,	53,	1173.687,	1172.892
147,	53,	1177.238,	1176.460
148,	53,	1179.700,	1178.950
149,	53,	1183.001,	1182.258
150,	53,	1185.203,	1184.468
151,	53,	1188.154,	1187.424
152,	53,	1190.115,	1189.385
153,	53,	1192.837,	1192.101
154,	53,	1194.578,	1193.833
155,	53,	1197.029,	1196.272
156,	53,	1198.541,	1197.769
157,	53,	1200.722,	1199.935
158,	53,	1202.004,	1201.199
159,	53,	1203.905,	1203.082
160,	53,	1204.956,	1204.115
161,	53,	1206.588,	1205.726
162,	53,	1207.389,	1206.508
163,	53,	1208.750,	1207.850
164,	53,	1209.312,	1208.392
165,	53,	1210.433,	1209.494
166,	53,	1211.015,	1210.058
167,	53,	1212.216,	1211.244
168,	53,	1212.757,	1211.771
169,	53,	1213.879,	1212.881
170,	53,	1214.250,	1213.244
171,	53,	1215.171,	1214.159
172,	53,	1215.493,	1214.477
173,	53,	1216.314,	1215.298
174,	53,	1216.456,	1215.442
175,	53,	1217.067,	1216.059
176,	53,	1217.138,	1216.138
177,	53,	1217.640,	1216.650
178,	53,	1217.521,	1216.545
179,	53,	1217.813,	1216.851
180,	53,	1215.454,	1214.509
181,	53,	1213.435,	1212.508
182,	53,	1210.997,	1210.089
183,	53,	1208.858,	1207.970
184,	53,	1206.309,	1205.442
185,	53,	1204.031,	1203.184
186,	53,	1201.362,	1200.536
187,	53,	1198.934,	1198.128
188,	53,	1196.125,	1195.340
189,	53,	1193.516,	1192.751
190,	53,	1190.558,	1189.812
191,	53,	1187.769,	1187.042
192,	53,	1184.650,	1183.941
193,	53,	1181.652,	1180.958
194,	53,	1178.353,	1177.675
99,	54,	721.740,	722.216
100,	54,	741.691,	742.162
101,	54,	759.023,	759.478
102,	54,	778.374,	778.798
103,	54,	794.885,	795.260
104,	54,	813.497,	813.801
105,	54,	827.728,	827.953
106,	54,	843.449,	843.576
107,	54,	856.701,	856.862
108,	54,	871.972,	872.014
109,	54,	883.604,	883.746
110,	54,	897.275,	897.318
111,	54,	908.356,	908.399
112,	54,	921.438,	921.454
113,	54,	932.009,	932.169
114,	54,	944.640,	944.673
115,	54,	954.792,	954.792
116,	54,	966.853,	966.835
117,	54,	976.465,	976.437
118,	54,	987.936,	987.852
119,	54,	997.017,	997.103
120,	54,	1008.009,	1007.994
121,	54,	1016.780,	1016.927
122,	54,	1027.382,	1027.458
123,	54,	1035.743,	1035.952
124,	54,	1045.874,	1046.104
125,	54,	1053.576,	1053.905
126,	54,	1063.487,	1063.772
127,	54,	1070.798,	1071.168
128,	54,	1080.320,	1080.622
129,	54,	1087.421,	1087.645
130,	54,	1096.713,	1096.845
131,	54,	1103.444,	1103.532
132,	54,	1112.355,	1112.405
133,	54,	1118.857,	1118.841
134,	54,	1127.538,	1127.505
135,	54,	1133.899,	1133.837
136,	54,	1142.001,	1141.930
137,	54,	1146.042,	1145.932
138,	54,	1151.704,	1151.560
139,	54,	1155.455,	1155.304
140,	54,	1160.806,	1160.643
141,	54,	1164.288,	1164.043
142,	54,	1169.339,	1169.005
143,	54,	1172.560,	1172.232
144,	54,	1177.322,	1176.872
145,	54,	1180.273,	1179.678
146,	54,	1184.755,	1184.127
147,	54,	1187.586,	1186.966
148,	54,	1191.907,	1191.215
149,	54,	1194.459,	1193.780
150,	54,	1198.440,	1197.786
151,	54,	1200.682,	1200.034
152,	54,	1204.323,	1203.675
153,	54,	1206.244,	1205.590
154,	54,	1209.546,	1208.881
155,	54,	1211.127,	1210.447
156,	54,	1214.108,	1213.411
157,	54,	1215.580,	1214.863
158,	54,	1218.431,	1217.694
159,	54,	1219.653,	1218.894
160,	54,	1222.244,	1221.464
161,	54,	1223.215,	1222.412
162,	54,	1225.527,	1224.701
163,	54,	1226.248,	1225.398
164,	54,	1228.279,	1227.406
165,	54,	1228.751,	1227.855
166,	54,	1230.542,	1229.624
167,	54,	1230.984,	1230.045
168,	54,	1232.835,	1231.877
169,	54,	1233.216,	1232.242
170,	54,	1234.988,	1233.999
171,	54,	1235.189,	1234.189
172,	54,	1236.751,	1235.743
173,	54,	1236.872,	1235.860
174,	54,	1238.333,	1237.320
175,	54,	1238.265,	1237.254
176,	54,	1239.506,	1238.501
177,	54,	1239.347,	1238.351
178,	54,	1240.479,	1239.494
179,	54,	1240.100,	1239.129
180,	54,	1241.022,	1240.067
181,	54,	1238.313,	1237.376
182,	54,	1236.984,	1236.067
183,	54,	1234.466,	1233.569
184,	54,	1233.157,	1232.281
185,	54,	1230.518,	1229.665
186,	54,	1229.080,	1228.248
187,	54,	1226.301,	1225.492
188,	54,	1224.693,	1223.906
189,	54,	1221.764,	1220.999
190,	54,	1219.985,	1219.241
191,	54,	1216.897,	1216.173
192,	54,	1214.928,	1214.224
193,	54,	1211.649,	1210.963
194,	54,	1209.481,	1208.812
195,	54,	1206.012,	1205.359
196,	54,	1203.644,	1203.005
197,	54,	1199.975,	1199.350
198,	54,	1197.376,	1196.763
102,	55,	752.662,	753.089
103,	55,	772.313,	772.712
104,	55,	789.304,	789.663
105,	55,	808.216,	808.524
106,	55,	822.767,	823.022
107,	55,	839.048,	839.255
108,	55,	852.780,	852.942
109,	55,	868.451,	868.690
110,	55,	881.473,	881.628
111,	55,	895.584,	895.815
112,	55,	907.085,	907.272
113,	55,	920.687,	920.834
114,	55,	931.848,	931.922
115,	55,	944.900,	945.066
116,	55,	955.541,	955.563
117,	55,	967.972,	967.939
118,	55,	978.094,	977.996
119,	55,	989.905,	989.878
120,	55,	999.476,	999.591
121,	55,	1010.678,	1010.768
122,	55,	1019.719,	1019.995
123,	55,	1030.461,	1030.727
124,	55,	1039.312,	1039.728
125,	55,	1049.683,	1050.037
126,	55,	1057.875,	1058.350
127,	55,	1067.806,	1068.205
128,	55,	1075.767,	1076.195
129,	55,	1085.279,	1085.601
130,	55,	1093.030,	1093.320
131,	55,	1102.272,	1102.319
132,	55,	1109.663,	1109.760
133,	55,	1118.484,	1118.444
134,	55,	1125.666,	1125.610
135,	55,	1134.217,	1134.084
136,	55,	1141.038,	1140.981
137,	55,	1149.410,	1149.271
138,	55,	1154.031,	1153.825
139,	55,	1159.823,	1159.619
140,	55,	1164.164,	1164.040
141,	55,	1169.635,	1169.550
142,	55,	1173.717,	1173.671
143,	55,	1178.878,	1178.819
144,	55,	1182.700,	1182.606
145,	55,	1187.551,	1187.313
146,	55,	1191.142,	1190.877
147,	55,	1195.904,	1195.432
148,	55,	1199.415,	1198.850
149,	55,	1203.836,	1203.307
150,	55,	1207.048,	1206.496
151,	55,	1211.109,	1210.558
152,	55,	1214.011,	1213.461
153,	55,	1217.712,	1217.156
154,	55,	1220.293,	1219.723
155,	55,	1223.625,	1223.036
156,	55,	1225.876,	1225.265
157,	55,	1228.837,	1228.203
158,	55,	1230.749,	1230.089
159,	55,	1233.350,	1232.665
160,	55,	1235.192,	1234.481
161,	55,	1237.753,	1237.016
162,	55,	1239.374,	1238.611
163,	55,	1241.646,	1240.855
164,	55,	1243.017,	1242.200
165,	55,	1244.999,	1244.154
166,	55,	1246.110,	1245.238
167,	55,	1247.831,	1246.934
168,	55,	1248.903,	1247.981
169,	55,	1250.644,	1249.699
170,	55,	1251.645,	1250.681
171,	55,	1253.277,	1252.296
172,	55,	1254.098,	1253.104
173,	55,	1255.510,	1254.506
174,	55,	1256.251,	1255.241
175,	55,	1257.542,	1256.531
176,	55,	1258.084,	1257.075
177,	55,	1259.135,	1258.132
178,	55,	1259.576,	1258.583
179,	55,	1260.498,	1259.516
180,	55,	1260.719,	1259.753
181,	55,	1261.411,	1260.462
182,	55,	1259.422,	1258.493
183,	55,	1257.833,	1256.925
184,	55,	1256.045,	1255.159
185,	55,	1254.676,	1253.813
186,	55,	1252.847,	1252.008
187,	55,	1251.329,	1250.513
188,	55,	1249.350,	1248.559
189,	55,	1247.662,	1246.894
190,	55,	1245.533,	1244.788
191,	55,	1243.644,	1242.922
192,	55,	1241.346,	1240.644
193,	55,	1239.267,	1238.586
194,	55,	1236.789,	1236.127
195,	55,	1234.490,	1233.846
196,	55,	1231.811,	1231.184
197,	55,	1229.293,	1228.681
198,	55,	1226.414,	1225.816
199,	55,	1223.665,	1223.080
103,	56,	748.031,	748.435
104,	56,	768.162,	768.543
105,	56,	785.493,	785.844
106,	56,	804.835,	805.149
107,	56,	819.746,	820.025
108,	56,	836.537,	836.789
109,	56,	850.689,	850.933
110,	56,	866.800,	867.018
111,	56,	880.252,	880.585
112,	56,	895.713,	895.902
113,	56,	907.774,	908.047
114,	56,	921.896,	922.087
115,	56,	933.457,	933.721
116,	56,	946.999,	946.972
117,	56,	958.000,	958.132
118,	56,	970.931,	970.754
119,	56,	981.373,	981.323
120,	56,	993.684,	993.518
121,	56,	1003.555,	1003.559
122,	56,	1015.247,	1015.245
123,	56,	1024.548,	1024.739
124,	56,	1035.640,	1035.758
125,	56,	1044.391,	1044.740
126,	56,	1055.242,	1055.541
127,	56,	1063.754,	1064.201
128,	56,	1074.165,	1074.537
129,	56,	1082.136,	1082.560
130,	56,	1092.278,	1092.547
131,	56,	1100.009,	1100.209
132,	56,	1109.891,	1109.944
133,	56,	1117.212,	1117.178
134,	56,	1126.693,	1126.611
135,	56,	1133.775,	1133.610
136,	56,	1142.986,	1142.847
137,	56,	1149.668,	1149.515
138,	56,	1158.499,	1158.355
139,	56,	1163.240,	1163.020
140,	56,	1169.622,	1169.422
141,	56,	1174.073,	1173.936
142,	56,	1180.134,	1180.073
143,	56,	1184.306,	1184.337
144,	56,	1190.067,	1190.067
145,	56,	1193.969,	1194.057
146,	56,	1199.430,	1199.310
147,	56,	1203.291,	1202.982
148,	56,	1208.713,	1208.277
149,	56,	1212.314,	1211.894
150,	56,	1217.395,	1216.937
151,	56,	1220.677,	1220.246
152,	56,	1225.408,	1224.976
153,	56,	1228.350,	1227.912
154,	56,	1232.721,	1232.266
155,	56,	1235.312,	1234.832
156,	56,	1239.314,	1238.805
157,	56,	1241.565,	1241.025
158,	56,	1245.186,	1244.615
159,	56,	1247.088,	1246.485
160,	56,	1250.339,	1249.706
161,	56,	1251.891,	1251.228
162,	56,	1254.832,	1254.139
163,	56,	1256.393,	1255.671
164,	56,	1259.325,	1258.571
165,	56,	1260.626,	1259.842
166,	56,	1263.258,	1262.442
167,	56,	1264.289,	1263.442
168,	56,	1266.670,	1265.793
169,	56,	1267.622,	1266.716
170,	56,	1269.983,	1269.051
171,	56,	1270.844,	1269.889
172,	56,	1273.106,	1272.130
173,	56,	1273.767,	1272.776
174,	56,	1275.799,	1274.796
175,	56,	1276.360,	1275.351
176,	56,	1278.271,	1277.260
177,	56,	1278.613,	1277.604
178,	56,	1280.284,	1279.281
179,	56,	1280.515,	1279.523
180,	56,	1282.047,	1281.068
181,	56,	1282.038,	1281.076
182,	56,	1283.330,	1282.386
183,	56,	1281.211,	1280.289
184,	56,	1280.352,	1279.453
185,	56,	1278.284,	1277.409
186,	56,	1277.725,	1276.875
187,	56,	1275.807,	1274.982
188,	56,	1275.088,	1274.289
189,	56,	1273.019,	1272.246
190,	56,	1272.121,	1271.372
191,	56,	1269.882,	1269.158
192,	56,	1268.803,	1268.103
193,	56,	1266.375,	1265.697
194,	56,	1265.086,	1264.430
195,	56,	1262.468,	1261.832
196,	56,	1260.969,	1260.352
197,	56,	1258.140,	1257.541
198,	56,	1256.412,	1255.828
199,	56,	1253.363,	1252.793
200,	56,	1251.404,	1250.847
201,	56,	1248.136,	1247.590
202,	56,	1245.937,	1245.400
203,	56,	1242.429,	1241.899
204,	56,	1239.990,	1239.467
106,	57,	778.962,	779.305
107,	57,	798.594,	798.911
108,	57,	814.025,	814.319
109,	57,	831.177,	831.454
110,	57,	845.818,	846.090
111,	57,	862.299,	862.576
112,	57,	876.221,	876.508
113,	57,	892.232,	892.602
114,	57,	905.713,	906.051
115,	57,	920.305,	920.572
116,	57,	932.326,	932.603
117,	57,	946.288,	946.515
118,	57,	957.759,	957.843
119,	57,	971.080,	971.126
120,	57,	981.992,	981.944
121,	57,	994.663,	994.633
122,	57,	1004.994,	1004.958
123,	57,	1017.016,	1017.024
124,	57,	1026.787,	1026.746
125,	57,	1038.169,	1038.226
126,	57,	1047.390,	1047.526
127,	57,	1058.131,	1058.397
128,	57,	1066.963,	1067.285
129,	57,	1077.584,	1077.987
130,	57,	1086.025,	1086.414
131,	57,	1096.187,	1096.512
132,	57,	1104.528,	1104.682
133,	57,	1114.390,	1114.429
134,	57,	1122.351,	1122.353
135,	57,	1131.772,	1131.639
136,	57,	1139.484,	1139.310
137,	57,	1148.605,	1148.364
138,	57,	1155.937,	1155.840
139,	57,	1164.628,	1164.512
140,	57,	1169.919,	1169.763
141,	57,	1176.651,	1176.469
142,	57,	1181.672,	1181.640
143,	57,	1187.873,	1187.821
144,	57,	1192.615,	1192.610
145,	57,	1198.496,	1198.588
146,	57,	1202.968,	1202.977
147,	57,	1208.669,	1208.573
148,	57,	1213.200,	1212.903
149,	57,	1218.762,	1218.400
150,	57,	1222.993,	1222.638
151,	57,	1228.184,	1227.914
152,	57,	1232.096,	1231.794
153,	57,	1236.917,	1236.658
154,	57,	1240.499,	1240.148
155,	57,	1244.930,	1244.599
156,	57,	1248.161,	1247.777
157,	57,	1252.213,	1251.785
158,	57,	1255.094,	1254.624
159,	57,	1258.746,	1258.236
160,	57,	1261.277,	1260.730
161,	57,	1264.538,	1263.957
162,	57,	1266.720,	1266.105
163,	57,	1269.601,	1268.953
164,	57,	1271.432,	1270.751
165,	57,	1274.224,	1273.508
166,	57,	1276.155,	1275.404
167,	57,	1278.747,	1277.960
168,	57,	1280.408,	1279.585
169,	57,	1282.739,	1281.882
170,	57,	1284.291,	1283.400
171,	57,	1286.552,	1285.630
172,	57,	1288.013,	1287.065
173,	57,	1290.155,	1289.183
174,	57,	1291.416,	1290.426
175,	57,	1293.318,	1292.315
176,	57,	1294.479,	1293.468
177,	57,	1296.230,	1295.217
178,	57,	1297.172,	1296.161
179,	57,	1298.663,	1297.659
180,	57,	1299.485,	1298.492
181,	57,	1300.826,	1299.848
182,	57,	1301.397,	1300.438
183,	57,	1302.479,	1301.541
184,	57,	1301.070,	1300.155
185,	57,	1300.101,	1299.212
186,	57,	1298.603,	1297.739
187,	57,	1297.994,	1297.158
188,	57,	1296.846,	1296.037
189,	57,	1296.067,	1295.286
190,	57,	1294.768,	1294.014
191,	57,	1293.800,	1293.072
192,	57,	1292.321,	1291.620
193,	57,	1291.152,	1290.476
194,	57,	1289.494,	1288.841
195,	57,	1288.105,	1287.475
196,	57,	1286.247,	1285.637
197,	57,	1284.628,	1284.038
198,	57,	1282.559,	1281.988
199,	57,	1280.701,	1280.146
200,	57,	1278.422,	1277.882
201,	57,	1276.313,	1275.786
202,	57,	1273.805,	1273.289
203,	57,	1271.446,	1270.940
204,	57,	1268.708,	1268.209
205,	57,	1266.089,	1265.596
107,	58,	774.171,	774.506
108,	58,	794.263,	794.578
109,	58,	810.074,	810.374
110,	58,	827.716,	828.004
111,	58,	842.757,	843.041
112,	58,	859.678,	859.965
113,	58,	874.120,	874.416
114,	58,	890.641,	890.929
115,	58,	904.592,	904.938
116,	58,	920.534,	920.807
117,	58,	932.965,	933.217
118,	58,	947.387,	947.568
119,	58,	959.238,	959.322
120,	58,	973.019,	973.067
121,	58,	984.271,	984.216
122,	58,	997.402,	997.305
123,	58,	1008.053,	1007.943
124,	58,	1020.545,	1020.316
125,	58,	1030.596,	1030.418
126,	58,	1042.438,	1042.187
127,	58,	1051.909,	1051.790
128,	58,	1063.110,	1062.968
129,	58,	1072.012,	1072.145
130,	58,	1082.743,	1082.881
131,	58,	1091.485,	1091.786
132,	58,	1102.106,	1102.312
133,	58,	1110.457,	1110.623
134,	58,	1120.929,	1120.901
135,	58,	1128.850,	1128.820
136,	58,	1138.891,	1138.753
137,	58,	1146.543,	1146.254
138,	58,	1156.294,	1156.063
139,	58,	1163.516,	1163.322
140,	58,	1172.857,	1172.730
141,	58,	1178.088,	1177.970
142,	58,	1185.370,	1185.298
143,	58,	1190.501,	1190.377
144,	58,	1197.272,	1197.190
145,	58,	1202.124,	1202.060
146,	58,	1208.575,	1208.485
147,	58,	1213.147,	1213.118
148,	58,	1219.568,	1219.405
149,	58,	1224.229,	1223.991
150,	58,	1230.411,	1230.149
151,	58,	1234.742,	1234.642
152,	58,	1240.574,	1240.471
153,	58,	1244.565,	1244.481
154,	58,	1250.016,	1249.912
155,	58,	1253.658,	1253.501
156,	58,	1258.729,	1258.459
157,	58,	1261.990,	1261.706
158,	58,	1266.672,	1266.322
159,	58,	1269.573,	1269.168
160,	58,	1273.865,	1273.412
161,	58,	1276.386,	1275.892
162,	58,	1280.287,	1279.756
163,	58,	1282.439,	1281.872
164,	58,	1285.950,	1285.347
165,	58,	1287.741,	1287.102
166,	58,	1290.873,	1290.196
167,	58,	1292.574,	1291.858
168,	58,	1295.796,	1295.039
169,	58,	1297.397,	1296.599
170,	58,	1300.348,	1299.510
171,	58,	1301.800,	1300.923
172,	58,	1304.671,	1303.759
173,	58,	1306.012,	1305.068
174,	58,	1308.754,	1307.783
175,	58,	1309.875,	1308.884
176,	58,	1312.367,	1311.360
177,	58,	1313.368,	1312.353
178,	58,	1315.729,	1314.711
179,	58,	1316.481,	1315.465
180,	58,	1318.582,	1317.575
181,	58,	1319.204,	1318.209
182,	58,	1321.135,	1320.158
183,	58,	1321.496,	1320.539
184,	58,	1323.168,	1322.234
185,	58,	1321.639,	1320.731
186,	58,	1321.380,	1320.500
187,	58,	1319.722,	1318.870
188,	58,	1319.763,	1318.941
189,	58,	1318.545,	1317.752
190,	58,	1318.536,	1317.773
191,	58,	1317.147,	1316.414
192,	58,	1316.949,	1316.243
193,	58,	1315.370,	1314.692
194,	58,	1314.961,	1314.310
195,	58,	1313.193,	1312.566
196,	58,	1312.564,	1311.961
197,	58,	1310.586,	1310.005
198,	58,	1309.727,	1309.166
199,	58,	1307.518,	1306.977
200,	58,	1306.430,	1305.905
201,	58,	1303.991,	1303.482
202,	58,	1302.653,	1302.156
203,	58,	1299.974,	1299.489
204,	58,	1298.375,	1297.900
205,	58,	1295.447,	1294.979
206,	58,	1293.598,	1293.137
207,	58,	1290.419,	1289.962
208,	58,	1288.301,	1287.845
209,	58,	1284.872,	1284.417
210,	58,	1282.494,	1282.037
110,	59,	803.443,	803.739
111,	59,	821.425,	821.711
112,	59,	836.976,	837.257
113,	59,	854.267,	854.547
114,	59,	869.319,	869.599
115,	59,	886.250,	886.529
116,	59,	900.681,	900.950
117,	59,	917.043,	917.290
118,	59,	930.814,	931.007
119,	59,	945.676,	945.809
120,	59,	957.967,	958.036
121,	59,	972.148,	972.140
122,	59,	983.840,	983.766
123,	59,	997.351,	997.221
124,	59,	1008.443,	1008.274
125,	59,	1021.264,	1021.041
126,	59,	1031.755,	1031.486
127,	59,	1043.907,	1043.596
128,	59,	1053.818,	1053.496
129,	59,	1065.299,	1064.997
130,	59,	1074.651,	1074.497
131,	59,	1085.612,	1085.602
132,	59,	1094.354,	1094.499
133,	59,	1105.135,	1105.311
134,	59,	1113.926,	1114.063
135,	59,	1124.428,	1124.472
136,	59,	1132.929,	1132.894
137,	59,	1142.960,	1142.845
138,	59,	1151.202,	1150.965
139,	59,	1160.903,	1160.640
140,	59,	1168.735,	1168.615
141,	59,	1177.986,	1177.963
142,	59,	1183.937,	1183.878
143,	59,	1191.179,	1191.150
144,	59,	1196.840,	1196.876
145,	59,	1203.951,	1203.901
146,	59,	1209.343,	1209.248
147,	59,	1215.934,	1215.820
148,	59,	1221.056,	1221.003
149,	59,	1227.717,	1227.577
150,	59,	1232.978,	1232.902
151,	59,	1239.310,	1239.350
152,	59,	1244.241,	1244.384
153,	59,	1250.193,	1250.401
154,	59,	1254.794,	1254.978
155,	59,	1260.345,	1260.406
156,	59,	1264.587,	1264.638
157,	59,	1269.738,	1269.663
158,	59,	1273.609,	1273.396
159,	59,	1278.351,	1278.059
160,	59,	1281.862,	1281.511
161,	59,	1286.184,	1285.781
162,	59,	1289.315,	1288.870
163,	59,	1293.236,	1292.753
164,	59,	1295.998,	1295.478
165,	59,	1299.509,	1298.952
166,	59,	1301.910,	1301.315
167,	59,	1305.022,	1304.386
168,	59,	1307.063,	1306.383
169,	59,	1310.105,	1309.379
170,	59,	1312.316,	1311.544
171,	59,	1315.227,	1314.408
172,	59,	1317.259,	1316.395
173,	59,	1320.040,	1319.135
174,	59,	1321.962,	1321.020
175,	59,	1324.613,	1323.641
176,	59,	1326.304,	1325.308
177,	59,	1328.696,	1327.683
178,	59,	1330.267,	1329.244
179,	59,	1332.488,	1331.463
180,	59,	1333.820,	1332.798
181,	59,	1335.771,	1334.759
182,	59,	1336.963,	1335.965
183,	59,	1338.724,	1337.746
184,	59,	1339.655,	1338.700
185,	59,	1341.137,	1340.208
186,	59,	1340.278,	1339.378
187,	59,	1339.929,	1339.059
188,	59,	1338.951,	1338.112
189,	59,	1338.782,	1337.975
190,	59,	1338.294,	1337.518
191,	59,	1338.235,	1337.492
192,	59,	1337.576,	1336.864
193,	59,	1337.318,	1336.636
194,	59,	1336.479,	1335.826
195,	59,	1335.991,	1335.365
196,	59,	1334.952,	1334.353
197,	59,	1334.233,	1333.659
198,	59,	1332.985,	1332.433
199,	59,	1332.026,	1331.496
200,	59,	1330.557,	1330.047
201,	59,	1329.339,	1328.845
202,	59,	1327.640,	1327.162
203,	59,	1326.162,	1325.697
204,	59,	1324.213,	1323.761
205,	59,	1322.474,	1322.032
206,	59,	1320.286,	1319.851
207,	59,	1318.267,	1317.838
208,	59,	1315.828,	1315.403
209,	59,	1313.540,	1313.117
210,	59,	1310.841,	1310.418
211,	59,	1308.273,	1307.847
212,	59,	1305.324,	1304.895
213,	59,	1302.485,	1302.050
112,	60,	817.044,	817.318
113,	60,	832.955,	833.221
114,	60,	850.816,	851.076
115,	60,	866.298,	866.550
116,	60,	883.709,	883.950
117,	60,	898.571,	898.792
118,	60,	915.372,	915.562
119,	60,	929.583,	929.726
120,	60,	945.745,	945.829
121,	60,	958.426,	958.445
122,	60,	973.037,	972.986
123,	60,	985.089,	984.967
124,	60,	999.030,	998.842
125,	60,	1010.442,	1010.191
126,	60,	1023.703,	1023.377
127,	60,	1034.494,	1034.154
128,	60,	1047.086,	1046.589
129,	60,	1057.257,	1056.820
130,	60,	1069.178,	1068.677
131,	60,	1078.760,	1078.273
132,	60,	1090.161,	1089.681
133,	60,	1099.103,	1098.958
134,	60,	1109.884,	1109.801
135,	60,	1118.975,	1118.981
136,	60,	1129.907,	1129.772
137,	60,	1138.428,	1138.339
138,	60,	1149.039,	1148.751
139,	60,	1157.251,	1156.947
140,	60,	1167.542,	1167.285
141,	60,	1175.314,	1175.184
142,	60,	1185.165,	1185.160
143,	60,	1191.096,	1191.126
144,	60,	1199.048,	1199.091
145,	60,	1204.659,	1204.673
146,	60,	1212.301,	1212.259
147,	60,	1217.812,	1217.695
148,	60,	1224.953,	1224.777
149,	60,	1230.185,	1230.054
150,	60,	1237.476,	1237.323
151,	60,	1242.857,	1242.880
152,	60,	1249.799,	1249.981
153,	60,	1254.840,	1255.250
154,	60,	1261.392,	1261.798
155,	60,	1266.073,	1266.421
156,	60,	1272.234,	1272.635
157,	60,	1276.536,	1276.717
158,	60,	1282.297,	1282.307
159,	60,	1286.218,	1286.098
160,	60,	1291.570,	1291.335
161,	60,	1295.101,	1294.800
162,	60,	1300.033,	1299.674
163,	60,	1303.184,	1302.784
164,	60,	1307.705,	1307.268
165,	60,	1310.457,	1309.984
166,	60,	1314.578,	1314.068
167,	60,	1316.950,	1316.400
168,	60,	1320.661,	1320.068
169,	60,	1322.662,	1322.021
170,	60,	1325.994,	1325.301
171,	60,	1328.125,	1327.379
172,	60,	1331.656,	1330.856
173,	60,	1333.598,	1332.745
174,	60,	1336.969,	1336.069
175,	60,	1338.781,	1337.838
176,	60,	1342.012,	1341.034
177,	60,	1343.583,	1342.579
178,	60,	1346.555,	1345.531
179,	60,	1347.986,	1346.952
180,	60,	1350.787,	1349.752
181,	60,	1351.969,	1350.938
182,	60,	1354.490,	1353.471
183,	60,	1355.502,	1354.500
184,	60,	1357.843,	1356.863
185,	60,	1358.584,	1357.631
186,	60,	1360.646,	1359.721
187,	60,	1359.677,	1358.784
188,	60,	1359.998,	1359.139
189,	60,	1358.920,	1358.094
190,	60,	1359.271,	1358.480
191,	60,	1358.713,	1357.956
192,	60,	1359.394,	1358.672
193,	60,	1358.655,	1357.966
194,	60,	1359.137,	1358.480
195,	60,	1358.198,	1357.572
196,	60,	1358.450,	1357.852
197,	60,	1357.311,	1356.741
198,	60,	1357.332,	1356.788
199,	60,	1355.964,	1355.443
200,	60,	1355.735,	1355.237
201,	60,	1354.136,	1353.658
202,	60,	1353.658,	1353.197
203,	60,	1351.809,	1351.364
204,	60,	1351.071,	1350.640
205,	60,	1348.962,	1348.543
206,	60,	1347.953,	1347.544
207,	60,	1345.595,	1345.193
208,	60,	1344.316,	1343.921
209,	60,	1341.697,	1341.306
210,	60,	1340.139,	1339.749
211,	60,	1337.250,	1336.860
212,	60,	1335.412,	1335.018
213,	60,	1332.263,	1331.865
214,	60,	1330.144,	1329.740
215,	60,	1326.736,	1326.323
216,	60,	1324.347,	1323.925
114,	61,	826.304,	826.548
115,	61,	844.565,	844.798
116,	61,	860.567,	860.785
117,	61,	878.348,	878.547
118,	61,	893.710,	893.882
119,	61,	910.891,	911.027
120,	61,	925.572,	925.660
121,	61,	942.124,	942.154
122,	61,	956.095,	956.061
123,	61,	971.126,	971.023
124,	61,	983.588,	983.413
125,	61,	997.909,	997.663
126,	61,	1009.741,	1009.426
127,	61,	1023.342,	1022.960
128,	61,	1034.553,	1034.121
129,	61,	1047.465,	1047.014
130,	61,	1058.056,	1057.519
131,	61,	1070.267,	1069.626
132,	61,	1080.259,	1079.571
133,	61,	1091.920,	1091.332
134,	61,	1101.292,	1100.827
135,	61,	1112.263,	1111.954
136,	61,	1121.444,	1121.261
137,	61,	1132.546,	1132.361
138,	61,	1141.497,	1141.244
139,	61,	1152.129,	1151.845
140,	61,	1160.900,	1160.530
141,	61,	1171.181,	1170.961
142,	61,	1179.523,	1179.535
143,	61,	1189.324,	1189.471
144,	61,	1195.915,	1196.047
145,	61,	1203.867,	1203.994
146,	61,	1210.168,	1210.297
147,	61,	1217.780,	1217.836
148,	61,	1223.801,	1223.774
149,	61,	1231.272,	1231.071
150,	61,	1237.024,	1236.843
151,	61,	1244.485,	1244.375
152,	61,	1250.446,	1250.453
153,	61,	1257.528,	1257.744
154,	61,	1263.139,	1263.543
155,	61,	1269.831,	1270.265
156,	61,	1275.082,	1275.430
157,	61,	1281.353,	1281.679
158,	61,	1286.235,	1286.410
159,	61,	1292.086,	1292.129
160,	61,	1296.588,	1296.428
161,	61,	1302.009,	1301.739
162,	61,	1306.120,	1305.826
163,	61,	1311.112,	1310.782
164,	61,	1314.833,	1314.472
165,	61,	1319.394,	1319.001
166,	61,	1322.726,	1322.300
167,	61,	1326.857,	1326.396
168,	61,	1329.809,	1329.308
169,	61,	1333.530,	1332.984
170,	61,	1336.101,	1335.502
171,	61,	1339.423,	1338.765
172,	61,	1341.874,	1341.155
173,	61,	1345.385,	1344.603
174,	61,	1347.887,	1347.044
175,	61,	1351.188,	1350.289
176,	61,	1353.570,	1352.622
177,	61,	1356.711,	1355.724
178,	61,	1358.842,	1357.825
179,	61,	1361.714,	1360.676
180,	61,	1363.705,	1362.657
181,	61,	1366.396,	1365.347
182,	61,	1368.128,	1367.085
183,	61,	1370.519,	1369.491
184,	61,	1372.091,	1371.083
185,	61,	1374.282,	1373.300
186,	61,	1375.573,	1374.621
187,	61,	1377.475,	1376.555
188,	61,	1377.146,	1376.261
189,	61,	1377.388,	1376.539
190,	61,	1376.959,	1376.148
191,	61,	1377.060,	1376.287
192,	61,	1377.182,	1376.446
193,	61,	1377.803,	1377.103
194,	61,	1377.784,	1377.120
195,	61,	1378.186,	1377.555
196,	61,	1377.967,	1377.369
197,	61,	1378.149,	1377.581
198,	61,	1377.710,	1377.171
199,	61,	1377.641,	1377.129
200,	61,	1376.983,	1376.495
201,	61,	1376.654,	1376.189
202,	61,	1375.765,	1375.321
203,	61,	1375.177,	1374.750
204,	61,	1374.028,	1373.618
205,	61,	1373.170,	1372.773
206,	61,	1371.771,	1371.387
207,	61,	1370.632,	1370.258
208,	61,	1368.974,	1368.607
209,	61,	1367.545,	1367.184
210,	61,	1365.637,	1365.279
211,	61,	1363.918,	1363.562
212,	61,	1361.739,	1361.382
213,	61,	1359.731,	1359.371
214,	61,	1357.282,	1356.917
215,	61,	1354.983,	1354.611
216,	61,	1352.275,	1351.893
217,	61,	1349.686,	1349.294
115,	62,	821.373,	821.590
116,	62,	840.154,	840.355
117,	62,	856.556,	856.736
118,	62,	874.817,	874.973
119,	62,	890.579,	890.703
120,	62,	908.210,	908.294
121,	62,	923.301,	923.336
122,	62,	940.273,	940.250
123,	62,	954.654,	954.567
124,	62,	970.935,	970.778
125,	62,	983.767,	983.537
126,	62,	998.498,	998.193
127,	62,	1010.660,	1010.280
128,	62,	1024.681,	1024.226
129,	62,	1036.192,	1035.667
130,	62,	1049.524,	1048.906
131,	62,	1060.385,	1059.781
132,	62,	1073.017,	1072.225
133,	62,	1083.258,	1082.475
134,	62,	1095.339,	1094.368
135,	62,	1104.931,	1104.124
136,	62,	1116.322,	1115.670
137,	62,	1125.663,	1125.258
138,	62,	1136.905,	1136.451
139,	62,	1146.126,	1145.742
140,	62,	1157.188,	1156.727
141,	62,	1165.969,	1165.516
142,	62,	1176.810,	1176.572
143,	62,	1185.122,	1185.131
144,	62,	1195.503,	1195.741
145,	62,	1202.104,	1202.352
146,	62,	1210.716,	1210.889
147,	62,	1216.997,	1217.113
148,	62,	1225.289,	1225.288
149,	62,	1231.270,	1231.159
150,	62,	1239.251,	1239.067
151,	62,	1245.123,	1244.927
152,	62,	1253.084,	1252.899
153,	62,	1259.175,	1259.151
154,	62,	1266.827,	1266.966
155,	62,	1272.558,	1272.865
156,	62,	1279.810,	1280.135
157,	62,	1285.171,	1285.487
158,	62,	1292.012,	1292.242
159,	62,	1296.974,	1297.151
160,	62,	1303.395,	1303.329
161,	62,	1307.957,	1307.786
162,	62,	1313.958,	1313.742
163,	62,	1318.109,	1317.871
164,	62,	1323.681,	1323.392
165,	62,	1327.432,	1327.108
166,	62,	1332.563,	1332.213
167,	62,	1335.905,	1335.527
168,	62,	1340.616,	1340.208
169,	62,	1343.568,	1343.122
170,	62,	1347.859,	1347.365
171,	62,	1350.410,	1349.859
172,	62,	1354.312,	1353.693
173,	62,	1356.563,	1355.872
174,	62,	1360.664,	1359.900
175,	62,	1363.086,	1362.250
176,	62,	1366.957,	1366.056
177,	62,	1369.239,	1368.282
178,	62,	1372.950,	1371.948
179,	62,	1374.981,	1373.946
180,	62,	1378.413,	1377.356
181,	62,	1380.284,	1379.217
182,	62,	1383.536,	1382.469
183,	62,	1385.137,	1384.080
184,	62,	1388.088,	1387.049
185,	62,	1389.510,	1388.495
186,	62,	1392.251,	1391.266
187,	62,	1393.382,	1392.431
188,	62,	1395.834,	1394.919
189,	62,	1395.415,	1394.540
190,	62,	1396.307,	1395.471
191,	62,	1395.768,	1394.973
192,	62,	1396.529,	1395.775
193,	62,	1396.331,	1395.617
194,	62,	1397.662,	1396.987
195,	62,	1397.563,	1396.926
196,	62,	1398.685,	1398.083
197,	62,	1398.366,	1397.798
198,	62,	1399.258,	1398.721
199,	62,	1398.719,	1398.212
200,	62,	1399.360,	1398.881
201,	62,	1398.592,	1398.138
202,	62,	1398.973,	1398.542
203,	62,	1397.954,	1397.545
204,	62,	1398.076,	1397.685
205,	62,	1396.797,	1396.422
206,	62,	1396.639,	1396.278
207,	62,	1395.100,	1394.752
208,	62,	1394.661,	1394.323
209,	62,	1392.853,	1392.522
210,	62,	1392.134,	1391.809
211,	62,	1390.046,	1389.723
212,	62,	1389.037,	1388.716
213,	62,	1386.678,	1386.356
214,	62,	1385.380,	1385.054
215,	62,	1382.741,	1382.409
216,	62,	1381.152,	1380.813
217,	62,	1378.234,	1377.884
218,	62,	1376.365,	1376.004
118,	63,	849.875,	850.017
119,	63,	868.486,	868.599
120,	63,	884.748,	884.825
121,	63,	902.739,	902.774
122,	63,	918.290,	918.274
123,	63,	935.622,	935.547
124,	63,	950.443,	950.304
125,	63,	967.095,	966.885
126,	63,	981.166,	980.882
127,	63,	996.287,	995.927
128,	63,	1008.849,	1008.409
129,	63,	1023.230,	1022.710
130,	63,	1035.131,	1034.532
131,	63,	1048.793,	1048.110
132,	63,	1060.054,	1059.284
133,	63,	1072.986,	1072.135
134,	63,	1083.627,	1082.627
135,	63,	1095.978,	1094.951
136,	63,	1105.970,	1105.010
137,	63,	1117.611,	1116.789
138,	63,	1127.332,	1126.589
139,	63,	1138.714,	1138.178
140,	63,	1148.195,	1147.765
141,	63,	1159.437,	1158.933
142,	63,	1168.638,	1168.222
143,	63,	1179.499,	1179.331
144,	63,	1188.351,	1188.546
145,	63,	1198.722,	1199.102
146,	63,	1205.943,	1206.298
147,	63,	1214.575,	1214.892
148,	63,	1221.506,	1221.687
149,	63,	1229.788,	1229.902
150,	63,	1236.439,	1236.381
151,	63,	1244.390,	1244.177
152,	63,	1250.752,	1250.638
153,	63,	1258.943,	1258.859
154,	63,	1265.585,	1265.627
155,	63,	1273.386,	1273.430
156,	63,	1279.667,	1279.847
157,	63,	1287.059,	1287.248
158,	63,	1292.960,	1293.073
159,	63,	1299.921,	1300.026
160,	63,	1305.433,	1305.434
161,	63,	1311.954,	1311.875
162,	63,	1317.066,	1316.854
163,	63,	1323.147,	1322.904
164,	63,	1327.858,	1327.587
165,	63,	1333.490,	1333.244
166,	63,	1337.791,	1337.491
167,	63,	1342.972,	1342.662
168,	63,	1346.874,	1346.546
169,	63,	1351.615,	1351.266
170,	63,	1355.117,	1354.734
171,	63,	1359.428,	1358.996
172,	63,	1362.539,	1362.042
173,	63,	1366.431,	1365.856
174,	63,	1369.162,	1368.502
175,	63,	1373.264,	1372.516
176,	63,	1376.225,	1375.393
177,	63,	1380.046,	1379.138
178,	63,	1382.878,	1381.905
179,	63,	1386.519,	1385.496
180,	63,	1389.090,	1388.031
181,	63,	1392.442,	1391.360
182,	63,	1394.853,	1393.763
183,	63,	1398.015,	1396.928
184,	63,	1400.156,	1399.083
185,	63,	1402.997,	1401.946
186,	63,	1404.959,	1403.936
187,	63,	1407.580,	1406.592
188,	63,	1409.241,	1408.292
189,	63,	1411.553,	1410.645
190,	63,	1411.754,	1410.889
191,	63,	1412.566,	1411.745
192,	63,	1412.657,	1411.881
193,	63,	1413.338,	1412.606
194,	63,	1413.510,	1412.820
195,	63,	1414.801,	1414.153
196,	63,	1415.372,	1414.764
197,	63,	1416.434,	1415.863
198,	63,	1416.805,	1416.270
199,	63,	1417.617,	1417.114
200,	63,	1417.758,	1417.286
201,	63,	1418.319,	1417.875
202,	63,	1418.231,	1417.813
203,	63,	1418.522,	1418.127
204,	63,	1418.184,	1417.810
205,	63,	1418.195,	1417.840
206,	63,	1417.596,	1417.258
207,	63,	1417.328,	1417.004
208,	63,	1416.469,	1416.157
209,	63,	1415.900,	1415.599
210,	63,	1414.772,	1414.477
211,	63,	1413.913,	1413.624
212,	63,	1412.515,	1412.228
213,	63,	1411.356,	1411.070
214,	63,	1409.677,	1409.390
215,	63,	1408.219,	1407.927
216,	63,	1406.260,	1405.962
217,	63,	1404.501,	1404.195
218,	63,	1402.273,	1401.956
219,	63,	1400.214,	1399.885
120,	64,	863.965,	864.037
121,	64,	880.587,	880.620
122,	64,	899.038,	899.027
123,	64,	914.969,	914.906
124,	64,	932.721,	932.599
125,	64,	947.932,	947.745
126,	64,	964.974,	964.716
127,	64,	979.445,	979.113
128,	64,	995.776,	995.365
129,	64,	1008.678,	1008.184
130,	64,	1023.449,	1022.871
131,	64,	1035.670,	1035.005
132,	64,	1049.722,	1048.965
133,	64,	1061.273,	1060.421
134,	64,	1074.595,	1073.643
135,	64,	1085.506,	1084.471
136,	64,	1098.247,	1097.077
137,	64,	1108.479,	1107.307
138,	64,	1120.520,	1119.291
139,	64,	1130.431,	1129.492
140,	64,	1142.203,	1141.329
141,	64,	1151.754,	1151.037
142,	64,	1163.396,	1162.759
143,	64,	1172.867,	1172.376
144,	64,	1184.138,	1183.839
145,	64,	1193.010,	1193.151
146,	64,	1203.911,	1204.263
147,	64,	1211.173,	1211.561
148,	64,	1220.424,	1220.674
149,	64,	1227.355,	1227.455
150,	64,	1236.287,	1236.249
151,	64,	1242.918,	1242.771
152,	64,	1251.529,	1251.303
153,	64,	1257.851,	1257.774
154,	64,	1266.382,	1266.383
155,	64,	1273.154,	1273.269
156,	64,	1281.505,	1281.616
157,	64,	1287.896,	1288.035
158,	64,	1295.838,	1295.968
159,	64,	1301.839,	1301.937
160,	64,	1309.340,	1309.449
161,	64,	1314.942,	1314.987
162,	64,	1322.013,	1321.970
163,	64,	1327.195,	1327.018
164,	64,	1333.826,	1333.644
165,	64,	1338.587,	1338.331
166,	64,	1344.769,	1344.534
167,	64,	1349.110,	1348.847
168,	64,	1354.851,	1354.592
169,	64,	1358.773,	1358.501
170,	64,	1364.074,	1363.795
171,	64,	1367.576,	1367.268
172,	64,	1372.447,	1372.088
173,	64,	1375.548,	1375.116
174,	64,	1380.000,	1379.476
175,	64,	1382.741,	1382.115
176,	64,	1387.403,	1386.671
177,	64,	1390.314,	1389.482
178,	64,	1394.675,	1393.754
179,	64,	1397.437,	1396.441
180,	64,	1401.618,	1400.566
181,	64,	1404.109,	1403.019
182,	64,	1408.001,	1406.889
183,	64,	1410.322,	1409.205
184,	64,	1414.014,	1412.903
185,	64,	1416.045,	1414.953
186,	64,	1419.436,	1418.372
187,	64,	1421.258,	1420.228
188,	64,	1424.429,	1423.439
189,	64,	1425.950,	1425.004
190,	64,	1428.802,	1427.902
191,	64,	1428.913,	1428.061
192,	64,	1430.355,	1429.551
193,	64,	1430.346,	1429.590
194,	64,	1431.657,	1430.949
195,	64,	1431.529,	1430.866
196,	64,	1433.370,	1432.751
197,	64,	1433.872,	1433.294
198,	64,	1435.613,	1435.075
199,	64,	1435.894,	1435.393
200,	64,	1437.386,	1436.918
201,	64,	1437.437,	1437.001
202,	64,	1438.668,	1438.261
203,	64,	1438.470,	1438.089
204,	64,	1439.441,	1439.084
205,	64,	1438.983,	1438.647
206,	64,	1439.684,	1439.367
207,	64,	1438.955,	1438.655
208,	64,	1439.367,	1439.081
209,	64,	1438.368,	1438.094
210,	64,	1438.489,	1438.225
211,	64,	1437.211,	1436.954
212,	64,	1437.032,	1436.781
213,	64,	1435.474,	1435.224
214,	64,	1434.995,	1434.746
215,	64,	1433.146,	1432.895
216,	64,	1432.378,	1432.122
217,	64,	1430.239,	1429.976
218,	64,	1429.170,	1428.898
219,	64,	1426.752,	1426.468
220,	64,	1425.373,	1425.076
221,	64,	1422.675,	1422.361
222,	64,	1421.006,	1420.675
223,	64,	1418.027,	1417.676
224,	64,	1416.069,	1415.696
225,	64,	1412.810,	1412.414
226,	64,	1410.582,	1410.161
227,	64,	1407.053,	1406.606
228,	64,	1405.174,	1404.700
122,	65,	873.776,	873.769
123,	65,	892.547,	892.494
124,	65,	908.948,	908.843
125,	65,	927.040,	926.875
126,	65,	942.691,	942.461
127,	65,	960.083,	959.782
128,	65,	974.954,	974.579
129,	65,	991.635,	991.181
130,	65,	1005.737,	1005.199
131,	65,	1020.878,	1020.253
132,	65,	1033.469,	1032.754
133,	65,	1047.861,	1047.051
134,	65,	1059.792,	1058.885
135,	65,	1073.434,	1072.427
136,	65,	1084.715,	1083.613
137,	65,	1097.756,	1096.568
138,	65,	1108.358,	1107.134
139,	65,	1120.669,	1119.433
140,	65,	1130.940,	1129.772
141,	65,	1142.922,	1141.931
142,	65,	1152.853,	1152.077
143,	65,	1164.695,	1163.988
144,	65,	1174.556,	1173.966
145,	65,	1186.007,	1185.809
146,	65,	1195.279,	1195.388
147,	65,	1206.210,	1206.543
148,	65,	1214.042,	1214.353
149,	65,	1223.343,	1223.559
150,	65,	1230.884,	1231.024
151,	65,	1239.836,	1239.759
152,	65,	1247.087,	1246.927
153,	65,	1255.698,	1255.474
154,	65,	1262.670,	1262.602
155,	65,	1270.951,	1271.135
156,	65,	1278.213,	1278.460
157,	65,	1286.904,	1287.041
158,	65,	1293.805,	1293.915
159,	65,	1301.887,	1301.887
160,	65,	1308.408,	1308.397
161,	65,	1316.039,	1315.999
162,	65,	1322.161,	1322.172
163,	65,	1329.342,	1329.252
164,	65,	1335.044,	1334.864
165,	65,	1341.765,	1341.453
166,	65,	1347.056,	1346.778
167,	65,	1353.308,	1353.004
168,	65,	1358.179,	1357.897
169,	65,	1363.981,	1363.739
170,	65,	1368.432,	1368.225
171,	65,	1373.773,	1373.577
172,	65,	1377.815,	1377.599
173,	65,	1382.716,	1382.448
174,	65,	1386.347,	1385.993
175,	65,	1390.809,	1390.343
176,	65,	1394.220,	1393.629
177,	65,	1398.902,	1398.183
178,	65,	1402.333,	1401.494
179,	65,	1406.664,	1405.721
180,	65,	1409.946,	1408.919
181,	65,	1414.077,	1412.988
182,	65,	1417.098,	1415.970
183,	65,	1420.930,	1419.782
184,	65,	1423.771,	1422.622
185,	65,	1427.393,	1426.257
186,	65,	1429.944,	1428.833
187,	65,	1433.245,	1432.168
188,	65,	1435.597,	1434.560
189,	65,	1438.658,	1437.667
190,	65,	1440.699,	1439.758
191,	65,	1443.431,	1442.541
192,	65,	1444.142,	1443.305
193,	65,	1445.514,	1444.729
194,	65,	1446.115,	1445.383
195,	65,	1447.346,	1446.665
196,	65,	1447.828,	1447.195
197,	65,	1449.239,	1448.653
198,	65,	1450.391,	1449.848
199,	65,	1452.072,	1451.570
200,	65,	1453.003,	1452.539
201,	65,	1454.425,	1453.995
202,	65,	1455.126,	1454.728
203,	65,	1456.287,	1455.919
204,	65,	1456.739,	1456.397
205,	65,	1457.620,	1457.302
206,	65,	1457.822,	1457.524
207,	65,	1458.413,	1458.135
208,	65,	1458.344,	1458.083
209,	65,	1458.646,	1458.399
210,	65,	1458.307,	1458.072
211,	65,	1458.298,	1458.073
212,	65,	1457.680,	1457.462
213,	65,	1457.381,	1457.168
214,	65,	1456.473,	1456.262
215,	65,	1455.864,	1455.653
216,	65,	1454.675,	1454.461
217,	65,	1453.747,	1453.527
218,	65,	1452.278,	1452.051
219,	65,	1451.040,	1450.802
220,	65,	1449.281,	1449.031
221,	65,	1447.742,	1447.477
222,	65,	1445.704,	1445.422
223,	65,	1443.865,	1443.564
224,	65,	1441.536,	1441.214
225,	65,	1439.398,	1439.053
226,	65,	1436.799,	1436.429
227,	65,	1434.371,	1433.975
228,	65,	1431.622,	1431.198
229,	65,	1429.593,	1429.141
230,	65,	1427.155,	1426.672
124,	66,	887.826,	887.735
125,	66,	904.577,	904.434
126,	66,	923.099,	922.896
127,	66,	939.110,	938.844
128,	66,	956.902,	956.565
129,	66,	972.143,	971.732
130,	66,	989.194,	988.705
131,	66,	1003.666,	1003.093
132,	66,	1019.977,	1019.318
133,	66,	1032.898,	1032.149
134,	66,	1047.660,	1046.817
135,	66,	1059.891,	1058.953
136,	66,	1073.903,	1072.868
137,	66,	1085.464,	1084.338
138,	66,	1098.885,	1097.676
139,	66,	1109.737,	1108.438
140,	66,	1122.428,	1121.076
141,	66,	1132.910,	1131.634
142,	66,	1145.261,	1144.018
143,	66,	1155.462,	1154.579
144,	66,	1167.704,	1166.789
145,	66,	1177.735,	1176.999
146,	66,	1189.576,	1189.034
147,	66,	1199.108,	1199.011
148,	66,	1210.449,	1210.560
149,	66,	1218.341,	1218.504
150,	66,	1228.212,	1228.226
151,	66,	1235.793,	1235.676
152,	66,	1245.335,	1245.103
153,	66,	1252.596,	1252.307
154,	66,	1261.827,	1261.495
155,	66,	1268.779,	1268.691
156,	66,	1277.710,	1277.790
157,	66,	1284.662,	1284.974
158,	66,	1293.833,	1294.033
159,	66,	1300.874,	1300.981
160,	66,	1309.466,	1309.411
161,	66,	1316.097,	1316.000
162,	66,	1324.239,	1324.167
163,	66,	1330.450,	1330.422
164,	66,	1338.151,	1338.099
165,	66,	1343.943,	1343.835
166,	66,	1351.184,	1350.986
167,	66,	1356.535,	1356.273
168,	66,	1363.317,	1363.066
169,	66,	1368.238,	1368.014
170,	66,	1374.570,	1374.410
171,	66,	1379.051,	1378.912
172,	66,	1384.932,	1384.858
173,	66,	1388.984,	1388.889
174,	66,	1394.425,	1394.270
175,	66,	1398.066,	1397.805
176,	66,	1403.068,	1402.669
177,	66,	1406.699,	1406.145
178,	66,	1411.931,	1411.220
179,	66,	1415.322,	1414.468
180,	66,	1420.173,	1419.197
181,	66,	1423.405,	1422.334
182,	66,	1428.066,	1426.930
183,	66,	1431.007,	1429.833
184,	66,	1435.379,	1434.190
185,	66,	1438.130,	1436.946
186,	66,	1442.292,	1441.128
187,	66,	1444.743,	1443.612
188,	66,	1448.574,	1447.485
189,	66,	1450.816,	1449.775
190,	66,	1454.407,	1453.418
191,	66,	1456.329,	1455.395
192,	66,	1459.600,	1458.724
193,	66,	1460.221,	1459.403
194,	66,	1462.193,	1461.431
195,	66,	1462.704,	1461.999
196,	66,	1464.535,	1463.885
197,	66,	1464.927,	1464.328
198,	66,	1466.618,	1466.068
199,	66,	1467.620,	1467.114
200,	66,	1469.941,	1469.478
201,	66,	1470.792,	1470.368
202,	66,	1472.864,	1472.474
203,	66,	1473.475,	1473.118
204,	66,	1475.286,	1474.958
205,	66,	1475.638,	1475.336
206,	66,	1477.169,	1476.891
207,	66,	1477.251,	1476.993
208,	66,	1478.502,	1478.264
209,	66,	1478.313,	1478.092
210,	66,	1479.265,	1479.057
211,	66,	1478.796,	1478.601
212,	66,	1479.448,	1479.262
213,	66,	1478.689,	1478.510
214,	66,	1479.040,	1478.866
215,	66,	1477.992,	1477.819
216,	66,	1478.033,	1477.860
217,	66,	1476.694,	1476.518
218,	66,	1476.426,	1476.243
219,	66,	1474.787,	1474.596
220,	66,	1474.219,	1474.017
221,	66,	1472.280,	1472.064
222,	66,	1471.401,	1471.170
223,	66,	1469.173,	1468.923
224,	66,	1468.004,	1467.734
225,	66,	1465.485,	1465.192
226,	66,	1464.017,	1463.699
227,	66,	1461.218,	1460.875
228,	66,	1459.450,	1459.078
229,	66,	1456.751,	1456.351
230,	66,	1455.392,	1454.961
231,	66,	1452.754,	1452.291
232,	66,	1451.145,	1450.650
126,	67,	897.556,	897.380
127,	67,	916.388,	916.154
128,	67,	932.839,	932.542
129,	67,	950.951,	950.585
130,	67,	966.612,	966.174
131,	67,	983.983,	983.468
132,	67,	998.855,	998.259
133,	67,	1015.496,	1014.816
134,	67,	1029.578,	1028.810
135,	67,	1044.689,	1043.831
136,	67,	1057.270,	1056.322
137,	67,	1071.612,	1070.574
138,	67,	1083.543,	1082.421
139,	67,	1097.254,	1096.057
140,	67,	1108.476,	1107.235
141,	67,	1121.447,	1120.139
142,	67,	1132.279,	1131.037
143,	67,	1144.860,	1143.796
144,	67,	1155.611,	1154.615
145,	67,	1168.073,	1167.136
146,	67,	1178.474,	1177.699
147,	67,	1190.515,	1190.037
148,	67,	1200.437,	1200.322
149,	67,	1211.948,	1212.055
150,	67,	1220.270,	1220.301
151,	67,	1230.221,	1230.250
152,	67,	1238.352,	1238.202
153,	67,	1247.944,	1247.749
154,	67,	1255.785,	1255.489
155,	67,	1265.047,	1264.711
156,	67,	1272.598,	1272.498
157,	67,	1281.519,	1281.580
158,	67,	1288.791,	1289.116
159,	67,	1297.912,	1298.131
160,	67,	1305.433,	1305.563
161,	67,	1314.335,	1314.220
162,	67,	1321.456,	1321.255
163,	67,	1329.738,	1329.469
164,	67,	1336.439,	1336.269
165,	67,	1344.250,	1344.115
166,	67,	1350.532,	1350.355
167,	67,	1357.883,	1357.698
168,	67,	1363.734,	1363.475
169,	67,	1370.606,	1370.398
170,	67,	1376.027,	1375.816
171,	67,	1382.429,	1382.319
172,	67,	1387.420,	1387.380
173,	67,	1393.351,	1393.386
174,	67,	1397.923,	1397.982
175,	67,	1403.404,	1403.387
176,	67,	1407.555,	1407.402
177,	67,	1412.727,	1412.401
178,	67,	1417.078,	1416.558
179,	67,	1422.340,	1421.629
180,	67,	1426.231,	1425.348
181,	67,	1431.072,	1430.049
182,	67,	1434.804,	1433.677
183,	67,	1439.435,	1438.241
184,	67,	1442.887,	1441.659
185,	67,	1447.208,	1445.974
186,	67,	1450.479,	1449.259
187,	67,	1454.571,	1453.381
188,	67,	1457.542,	1456.394
189,	67,	1461.303,	1460.206
190,	67,	1464.065,	1463.023
191,	67,	1467.566,	1466.584
192,	67,	1470.008,	1469.087
193,	67,	1473.169,	1472.311
194,	67,	1474.360,	1473.565
195,	67,	1476.272,	1475.538
196,	67,	1477.353,	1476.679
197,	67,	1479.124,	1478.508
198,	67,	1480.096,	1479.534
199,	67,	1481.717,	1481.206
200,	67,	1482.869,	1482.404
201,	67,	1485.140,	1484.719
202,	67,	1486.601,	1486.219
203,	67,	1488.613,	1488.266
204,	67,	1489.844,	1489.529
205,	67,	1491.575,	1491.289
206,	67,	1492.547,	1492.286
207,	67,	1493.998,	1493.761
208,	67,	1494.710,	1494.493
209,	67,	1495.861,	1495.663
210,	67,	1496.302,	1496.121
211,	67,	1497.154,	1496.987
212,	67,	1497.315,	1497.160
213,	67,	1497.857,	1497.711
214,	67,	1497.728,	1497.589
215,	67,	1497.959,	1497.825
216,	67,	1497.541,	1497.408
217,	67,	1497.462,	1497.328
218,	67,	1496.743,	1496.606
219,	67,	1496.345,	1496.200
220,	67,	1495.346,	1495.192
221,	67,	1494.628,	1494.462
222,	67,	1493.329,	1493.148
223,	67,	1492.300,	1492.102
224,	67,	1490.712,	1490.494
225,	67,	1489.373,	1489.134
226,	67,	1487.494,	1487.231
227,	67,	1485.856,	1485.566
228,	67,	1483.697,	1483.380
229,	67,	1481.799,	1481.452
230,	67,	1480.060,	1479.683
231,	67,	1478.531,	1478.122
232,	67,	1476.553,	1476.110
233,	67,	1474.754,	1474.277
234,	67,	1472.526,	1472.013
128,	68,	911.407,	911.147
129,	68,	928.198,	927.877
130,	68,	946.710,	946.322
131,	68,	962.711,	962.254
132,	68,	980.462,	979.931
133,	68,	995.684,	995.075
134,	68,	1012.675,	1011.986
135,	68,	1027.117,	1026.345
136,	68,	1043.358,	1042.502
137,	68,	1056.259,	1055.320
138,	68,	1070.951,	1069.930
139,	68,	1083.172,	1082.075
140,	68,	1097.243,	1096.081
141,	68,	1108.735,	1107.524
142,	68,	1122.076,	1120.846
143,	68,	1133.128,	1131.876
144,	68,	1146.339,	1145.151
145,	68,	1157.310,	1156.234
146,	68,	1170.132,	1169.186
147,	68,	1180.733,	1179.866
148,	68,	1193.144,	1192.476
149,	68,	1203.236,	1203.015
150,	68,	1215.127,	1215.119
151,	68,	1223.749,	1223.743
152,	68,	1234.130,	1233.877
153,	68,	1242.311,	1242.062
154,	68,	1252.473,	1252.061
155,	68,	1260.344,	1259.992
156,	68,	1270.176,	1269.770
157,	68,	1277.737,	1277.443
158,	68,	1287.258,	1287.166
159,	68,	1294.520,	1294.684
160,	68,	1303.861,	1304.060
161,	68,	1311.352,	1311.484
162,	68,	1320.724,	1320.667
163,	68,	1327.965,	1327.719
164,	68,	1336.727,	1336.379
165,	68,	1343.538,	1343.219
166,	68,	1351.839,	1351.588
167,	68,	1358.211,	1358.037
168,	68,	1366.052,	1365.908
169,	68,	1371.973,	1371.808
170,	68,	1379.345,	1379.271
171,	68,	1384.826,	1384.785
172,	68,	1391.738,	1391.810
173,	68,	1396.779,	1396.906
174,	68,	1403.220,	1403.481
175,	68,	1407.822,	1408.045
176,	68,	1413.813,	1413.990
177,	68,	1417.995,	1417.963
178,	68,	1424.106,	1423.859
179,	68,	1428.467,	1427.975
180,	68,	1434.269,	1433.545
181,	68,	1438.130,	1437.201
182,	68,	1443.481,	1442.393
183,	68,	1447.173,	1445.974
184,	68,	1452.324,	1451.063
185,	68,	1455.726,	1454.439
186,	68,	1460.557,	1459.276
187,	68,	1463.768,	1462.514
188,	68,	1468.380,	1467.168
189,	68,	1471.271,	1470.111
190,	68,	1475.542,	1474.442
191,	68,	1478.214,	1477.177
192,	68,	1482.245,	1481.274
193,	68,	1484.577,	1483.673
194,	68,	1488.258,	1487.423
195,	68,	1489.379,	1488.612
196,	68,	1491.861,	1491.159
197,	68,	1492.862,	1492.224
198,	68,	1495.203,	1494.626
199,	68,	1496.085,	1495.565
200,	68,	1498.296,	1497.829
201,	68,	1499.058,	1498.638
202,	68,	1501.739,	1501.363
203,	68,	1503.130,	1502.793
204,	68,	1505.752,	1505.449
205,	68,	1506.893,	1506.622
206,	68,	1509.245,	1509.001
207,	68,	1510.126,	1509.908
208,	68,	1512.197,	1512.002
209,	68,	1512.799,	1512.624
210,	68,	1514.580,	1514.423
211,	68,	1514.901,	1514.761
212,	68,	1516.383,	1516.257
213,	68,	1516.414,	1516.300
214,	68,	1517.596,	1517.491
215,	68,	1517.327,	1517.229
216,	68,	1518.198,	1518.105
217,	68,	1517.640,	1517.547
218,	68,	1518.191,	1518.097
219,	68,	1517.332,	1517.234
220,	68,	1517.564,	1517.458
221,	68,	1516.405,	1516.289
222,	68,	1516.327,	1516.197
223,	68,	1514.868,	1514.723
224,	68,	1514.479,	1514.315
225,	68,	1512.721,	1512.536
226,	68,	1512.022,	1511.814
227,	68,	1509.974,	1509.739
228,	68,	1508.975,	1508.713
229,	68,	1506.636,	1506.345
230,	68,	1505.818,	1505.496
231,	68,	1503.899,	1503.544
232,	68,	1503.030,	1502.642
233,	68,	1500.862,	1500.438
234,	68,	1499.733,	1499.274
235,	68,	1497.305,	1496.808
236,	68,	1495.926,	1495.392
130,	69,	920.917,	920.579
131,	69,	939.719,	939.317
132,	69,	956.140,	955.671
133,	69,	974.201,	973.663
134,	69,	989.813,	989.201
135,	69,	1007.114,	1006.427
136,	69,	1021.926,	1021.162
137,	69,	1038.487,	1037.646
138,	69,	1052.518,	1051.602
139,	69,	1067.550,	1066.562
140,	69,	1080.101,	1079.048
141,	69,	1094.502,	1093.394
142,	69,	1106.344,	1105.196
143,	69,	1119.975,	1118.810
144,	69,	1131.567,	1130.421
145,	69,	1145.198,	1144.099
146,	69,	1156.509,	1155.549
147,	69,	1169.581,	1168.561
148,	69,	1180.542,	1179.685
149,	69,	1193.174,	1192.804
150,	69,	1203.625,	1203.578
151,	69,	1215.726,	1215.814
152,	69,	1224.738,	1224.764
153,	69,	1235.319,	1235.205
154,	69,	1243.920,	1243.616
155,	69,	1254.152,	1253.886
156,	69,	1262.563,	1262.228
157,	69,	1272.445,	1272.086
158,	69,	1280.566,	1280.284
159,	69,	1290.107,	1289.965
160,	69,	1297.949,	1298.005
161,	69,	1307.160,	1307.308
162,	69,	1314.921,	1315.130
163,	69,	1324.283,	1324.274
164,	69,	1331.974,	1331.813
165,	69,	1341.036,	1340.658
166,	69,	1348.307,	1347.920
167,	69,	1356.738,	1356.381
168,	69,	1363.580,	1363.288
169,	69,	1371.521,	1371.285
170,	69,	1377.933,	1377.793
171,	69,	1385.394,	1385.345
172,	69,	1391.355,	1391.444
173,	69,	1398.347,	1398.551
174,	69,	1403.868,	1404.156
175,	69,	1410.379,	1410.787
176,	69,	1415.481,	1415.868
177,	69,	1421.522,	1421.860
178,	69,	1426.704,	1426.803
179,	69,	1432.875,	1432.699
180,	69,	1437.756,	1437.282
181,	69,	1443.588,	1442.814
182,	69,	1447.949,	1446.969
183,	69,	1453.290,	1452.110
184,	69,	1457.472,	1456.189
185,	69,	1462.613,	1461.278
186,	69,	1466.505,	1465.160
187,	69,	1471.316,	1469.993
188,	69,	1475.017,	1473.736
189,	69,	1479.589,	1478.363
190,	69,	1482.980,	1481.817
191,	69,	1487.211,	1486.116
192,	69,	1490.383,	1489.359
193,	69,	1494.344,	1493.392
194,	69,	1497.186,	1496.307
195,	69,	1500.787,	1499.981
196,	69,	1502.448,	1501.714
197,	69,	1504.870,	1504.206
198,	69,	1506.421,	1505.825
199,	69,	1508.703,	1508.170
200,	69,	1510.144,	1509.670
201,	69,	1512.285,	1511.866
202,	69,	1513.607,	1513.236
203,	69,	1515.688,	1515.360
204,	69,	1517.669,	1517.380
205,	69,	1520.231,	1519.975
206,	69,	1521.962,	1521.736
207,	69,	1524.244,	1524.044
208,	69,	1525.715,	1525.540
209,	69,	1527.706,	1527.553
210,	69,	1528.908,	1528.774
211,	69,	1530.599,	1530.483
212,	69,	1531.520,	1531.421
213,	69,	1532.912,	1532.826
214,	69,	1533.543,	1533.470
215,	69,	1534.615,	1534.551
216,	69,	1534.956,	1534.899
217,	69,	1535.707,	1535.655
218,	69,	1535.759,	1535.707
219,	69,	1536.190,	1536.137
220,	69,	1535.952,	1535.893
221,	69,	1536.053,	1535.986
222,	69,	1535.514,	1535.436
223,	69,	1535.296,	1535.203
224,	69,	1534.457,	1534.348
225,	69,	1533.928,	1533.799
226,	69,	1532.790,	1532.638
227,	69,	1531.941,	1531.764
228,	69,	1530.513,	1530.308
229,	69,	1529.354,	1529.120
230,	69,	1527.965,	1527.700
231,	69,	1527.197,	1526.899
232,	69,	1525.918,	1525.586
233,	69,	1524.889,	1524.521
234,	69,	1523.361,	1522.956
235,	69,	1522.072,	1521.630
236,	69,	1520.284,	1519.802
237,	69,	1518.735,	1518.214
238,	69,	1516.846,	1516.286
132,	70,	934.408,	933.998
133,	70,	951.149,	950.677
134,	70,	969.590,	969.052
135,	70,	985.532,	984.926
136,	70,	1003.193,	1002.518
137,	70,	1018.345,	1017.600
138,	70,	1035.246,	1034.432
139,	70,	1049.617,	1048.737
140,	70,	1065.749,	1064.806
141,	70,	1078.610,	1077.612
142,	70,	1093.342,	1092.299
143,	70,	1105.473,	1104.399
144,	70,	1119.674,	1118.586
145,	70,	1131.746,	1130.662
146,	70,	1145.717,	1144.607
147,	70,	1157.268,	1156.217
148,	70,	1170.690,	1169.689
149,	70,	1181.861,	1181.142
150,	70,	1194.863,	1194.298
151,	70,	1205.504,	1205.418
152,	70,	1217.965,	1218.057
153,	70,	1227.177,	1227.168
154,	70,	1238.148,	1237.926
155,	70,	1247.039,	1246.797
156,	70,	1257.681,	1257.239
157,	70,	1266.152,	1265.861
158,	70,	1276.564,	1276.175
159,	70,	1284.725,	1284.479
160,	70,	1294.826,	1294.568
161,	70,	1302.678,	1302.680
162,	70,	1312.459,	1312.516
163,	70,	1320.010,	1320.199
164,	70,	1329.652,	1329.744
165,	70,	1337.313,	1337.332
166,	70,	1346.835,	1346.609
167,	70,	1354.206,	1353.869
168,	70,	1363.107,	1362.755
169,	70,	1370.039,	1369.732
170,	70,	1378.450,	1378.205
171,	70,	1384.942,	1384.796
172,	70,	1392.883,	1392.919
173,	70,	1398.914,	1399.068
174,	70,	1406.386,	1406.752
175,	70,	1411.967,	1412.425
176,	70,	1418.968,	1419.508
177,	70,	1424.180,	1424.758
178,	70,	1431.211,	1431.687
179,	70,	1436.463,	1436.641
180,	70,	1443.134,	1443.063
181,	70,	1448.055,	1447.557
182,	70,	1454.407,	1453.609
183,	70,	1458.758,	1457.636
184,	70,	1464.589,	1463.365
185,	70,	1468.761,	1467.361
186,	70,	1474.382,	1472.992
187,	70,	1478.254,	1476.860
188,	70,	1483.555,	1482.202
189,	70,	1487.216,	1485.923
190,	70,	1492.288,	1491.062
191,	70,	1495.629,	1494.476
192,	70,	1500.361,	1499.283
193,	70,	1503.462,	1502.461
194,	70,	1507.933,	1507.009
195,	70,	1510.695,	1509.848
196,	70,	1514.806,	1514.036
197,	70,	1516.397,	1515.703
198,	70,	1519.359,	1518.738
199,	70,	1520.840,	1520.290
200,	70,	1523.672,	1523.188
201,	70,	1525.033,	1524.611
202,	70,	1527.734,	1527.367
203,	70,	1528.966,	1528.648
204,	70,	1531.527,	1531.251
205,	70,	1532.948,	1532.710
206,	70,	1536.090,	1535.883
207,	70,	1537.741,	1537.562
208,	70,	1540.613,	1540.458
209,	70,	1541.984,	1541.852
210,	70,	1544.565,	1544.454
211,	70,	1545.667,	1545.574
212,	70,	1547.958,	1547.883
213,	70,	1548.769,	1548.711
214,	70,	1550.761,	1550.716
215,	70,	1551.272,	1551.240
216,	70,	1552.954,	1552.931
217,	70,	1553.175,	1553.160
218,	70,	1554.536,	1554.525
219,	70,	1554.448,	1554.438
220,	70,	1555.489,	1555.477
221,	70,	1555.111,	1555.093
222,	70,	1555.832,	1555.805
223,	70,	1555.143,	1555.104
224,	70,	1555.545,	1555.490
225,	70,	1554.546,	1554.473
226,	70,	1554.637,	1554.543
227,	70,	1553.339,	1553.220
228,	70,	1553.120,	1552.974
229,	70,	1551.522,	1551.347
230,	70,	1551.253,	1551.047
231,	70,	1550.044,	1549.805
232,	70,	1549.926,	1549.652
233,	70,	1548.477,	1548.167
234,	70,	1548.098,	1547.750
235,	70,	1546.390,	1546.003
236,	70,	1545.751,	1545.325
237,	70,	1543.783,	1543.316
238,	70,	1542.884,	1542.376
239,	70,	1540.775,	1540.226
240,	70,	1539.787,	1539.195
241,	70,	1537.548,	1536.914
242,	70,	1536.410,	1535.733
243,	70,	1533.961,	1533.242
244,	70,	1532.602,	1531.841
245,	70,	1530.004,	1529.200
246,	70,	1528.475,	1527.629
247,	70,	1525.636,	1524.748
248,	70,	1523.858,	1522.928
249,	70,	1520.849,	1519.878
250,	70,	1518.881,	1517.869
251,	70,	1515.612,	1514.560
252,	70,	1513.373,	1512.281
143,	71,	1089.501,	1088.533
144,	71,	1101.962,	1100.972
145,	71,	1116.673,	1115.676
146,	71,	1129.105,	1128.118
147,	71,	1143.396,	1142.445
148,	71,	1155.327,	1154.421
149,	71,	1169.049,	1168.188
150,	71,	1180.600,	1179.944
151,	71,	1193.882,	1193.571
152,	71,	1204.923,	1204.919
153,	71,	1217.644,	1217.856
154,	71,	1227.206,	1227.327
155,	71,	1238.377,	1238.369
156,	71,	1247.628,	1247.460
157,	71,	1258.450,	1258.339
158,	71,	1267.301,	1267.072
159,	71,	1277.763,	1277.596
160,	71,	1286.424,	1286.283
161,	71,	1296.555,	1296.477
162,	71,	1304.927,	1304.972
163,	71,	1314.718,	1314.801
164,	71,	1322.810,	1323.033
165,	71,	1332.271,	1332.481
166,	71,	1340.342,	1340.481
167,	71,	1349.834,	1349.783
168,	71,	1357.645,	1357.563
169,	71,	1366.826,	1366.541
170,	71,	1374.208,	1373.927
171,	71,	1382.739,	1382.431
172,	71,	1389.671,	1389.443
173,	71,	1397.722,	1397.645
174,	71,	1404.213,	1404.348
175,	71,	1411.775,	1412.050
176,	71,	1417.816,	1418.245
177,	71,	1424.897,	1425.402
178,	71,	1430.769,	1431.295
179,	71,	1437.860,	1438.252
180,	71,	1443.582,	1443.796
181,	71,	1450.303,	1450.111
182,	71,	1455.694,	1455.106
183,	71,	1462.096,	1461.190
184,	71,	1466.967,	1465.814
185,	71,	1472.889,	1471.525
186,	71,	1477.590,	1476.151
187,	71,	1483.281,	1481.775
188,	71,	1487.683,	1486.278
189,	71,	1493.044,	1491.688
190,	71,	1497.255,	1495.973
191,	71,	1502.367,	1501.162
192,	71,	1506.258,	1505.133
193,	71,	1511.020,	1509.974
194,	71,	1514.671,	1513.705
195,	71,	1519.162,	1518.276
196,	71,	1522.484,	1521.677
197,	71,	1526.605,	1525.878
198,	71,	1528.686,	1528.038
199,	71,	1531.578,	1531.007
200,	71,	1533.559,	1533.062
201,	71,	1536.311,	1535.883
202,	71,	1538.182,	1537.817
203,	71,	1540.803,	1540.494
204,	71,	1542.555,	1542.294
205,	71,	1545.036,	1544.816
206,	71,	1546.667,	1546.482
207,	71,	1549.339,	1549.182
208,	71,	1551.540,	1551.408
209,	71,	1554.342,	1554.232
210,	71,	1556.293,	1556.204
211,	71,	1558.794,	1558.724
212,	71,	1560.466,	1560.414
213,	71,	1562.667,	1562.632
214,	71,	1564.059,	1564.040
215,	71,	1565.950,	1565.946
216,	71,	1567.051,	1567.060
217,	71,	1568.623,	1568.642
218,	71,	1569.424,	1569.451
219,	71,	1570.685,	1570.717
220,	71,	1571.187,	1571.219
221,	71,	1572.118,	1572.148
222,	71,	1572.320,	1572.343
223,	71,	1572.921,	1572.935
224,	71,	1572.832,	1572.833
225,	71,	1573.104,	1573.087
226,	71,	1572.715,	1572.679
227,	71,	1572.666,	1572.607
228,	71,	1571.968,	1571.882
229,	71,	1571.609,	1571.495
230,	71,	1570.621,	1570.475
231,	71,	1570.462,	1570.283
232,	71,	1569.853,	1569.639
233,	71,	1569.565,	1569.314
234,	71,	1568.726,	1568.437
235,	71,	1568.178,	1567.849
236,	71,	1567.079,	1566.709
237,	71,	1566.260,	1565.849
238,	71,	1564.912,	1564.458
239,	71,	1563.833,	1563.337
240,	71,	1562.384,	1561.845
241,	71,	1561.256,	1560.672
242,	71,	1559.697,	1559.070
243,	71,	1558.419,	1557.747
244,	71,	1556.640,	1555.925
245,	71,	1555.121,	1554.362
246,	71,	1553.193,	1552.390
247,	71,	1551.504,	1550.658
248,	71,	1549.345,	1548.456
249,	71,	1547.397,	1546.465
250,	71,	1545.068,	1544.094
251,	71,	1542.920,	1541.903
252,	71,	1540.321,	1539.263
253,	71,	1537.892,	1536.794
254,	71,	1535.104,	1533.965
140,	72,	1025.104,	1024.370
141,	72,	1040.155,	1039.373
142,	72,	1056.927,	1056.101
143,	72,	1071.208,	1070.347
144,	72,	1087.350,	1086.463
145,	72,	1100.371,	1099.472
146,	72,	1115.462,	1114.564
147,	72,	1128.194,	1127.313
148,	72,	1142.855,	1142.011
149,	72,	1155.076,	1154.300
150,	72,	1169.178,	1168.507
151,	72,	1181.009,	1180.489
152,	72,	1194.681,	1194.384
153,	72,	1205.972,	1205.961
154,	72,	1219.093,	1219.110
155,	72,	1228.835,	1228.938
156,	72,	1240.356,	1240.382
157,	72,	1249.768,	1249.726
158,	72,	1260.949,	1260.736
159,	72,	1270.060,	1269.964
160,	72,	1280.902,	1280.667
161,	72,	1289.603,	1289.547
162,	72,	1300.224,	1300.137
163,	72,	1308.616,	1308.702
164,	72,	1318.937,	1318.986
165,	72,	1327.019,	1327.226
166,	72,	1337.020,	1337.194
167,	72,	1344.801,	1345.097
168,	72,	1354.713,	1354.872
169,	72,	1362.484,	1362.534
170,	72,	1372.095,	1372.056
171,	72,	1379.567,	1379.431
172,	72,	1388.548,	1388.368
173,	72,	1395.570,	1395.423
174,	72,	1404.071,	1404.025
175,	72,	1410.642,	1410.725
176,	72,	1418.664,	1418.956
177,	72,	1424.775,	1425.170
178,	72,	1432.456,	1432.986
179,	72,	1438.538,	1438.994
180,	72,	1446.099,	1446.561
181,	72,	1451.851,	1452.023
182,	72,	1459.062,	1458.938
183,	72,	1464.483,	1464.028
184,	72,	1471.355,	1470.529
185,	72,	1476.306,	1475.268
186,	72,	1482.758,	1481.470
187,	72,	1487.509,	1486.161
188,	72,	1493.750,	1492.301
189,	72,	1498.202,	1496.794
190,	72,	1504.113,	1502.780
191,	72,	1508.354,	1507.125
192,	72,	1514.016,	1512.861
193,	72,	1517.937,	1516.864
194,	72,	1523.249,	1522.254
195,	72,	1526.920,	1526.004
196,	72,	1531.981,	1531.144
197,	72,	1535.303,	1534.546
198,	72,	1539.994,	1539.318
199,	72,	1541.985,	1541.390
200,	72,	1545.377,	1544.861
201,	72,	1547.258,	1546.820
202,	72,	1550.520,	1550.154
203,	72,	1552.291,	1551.990
204,	72,	1555.422,	1555.177
205,	72,	1557.074,	1556.875
206,	72,	1560.065,	1559.904
207,	72,	1561.597,	1561.466
208,	72,	1564.448,	1564.342
209,	72,	1566.149,	1566.064
210,	72,	1569.511,	1569.444
211,	72,	1571.362,	1571.314
212,	72,	1574.433,	1574.402
213,	72,	1576.005,	1575.991
214,	72,	1578.786,	1578.789
215,	72,	1580.068,	1580.087
216,	72,	1582.529,	1582.564
217,	72,	1583.520,	1583.569
218,	72,	1585.672,	1585.732
219,	72,	1586.353,	1586.422
220,	72,	1588.194,	1588.268
221,	72,	1588.576,	1588.651
222,	72,	1590.087,	1590.160
223,	72,	1590.169,	1590.234
224,	72,	1591.360,	1591.415
225,	72,	1591.131,	1591.172
226,	72,	1592.003,	1592.025
227,	72,	1591.464,	1591.465
228,	72,	1592.025,	1592.001
229,	72,	1591.177,	1591.124
230,	72,	1591.428,	1591.345
231,	72,	1590.520,	1590.403
232,	72,	1591.081,	1590.929
233,	72,	1590.302,	1590.113
234,	72,	1590.624,	1590.396
235,	72,	1589.605,	1589.336
236,	72,	1589.667,	1589.356
237,	72,	1588.388,	1588.035
238,	72,	1588.179,	1587.783
239,	72,	1586.651,	1586.210
240,	72,	1586.182,	1585.696
241,	72,	1584.603,	1584.072
242,	72,	1584.145,	1583.568
243,	72,	1582.436,	1581.814
244,	72,	1581.838,	1581.170
245,	72,	1579.899,	1579.186
246,	72,	1579.070,	1578.312
247,	72,	1576.982,	1576.178
248,	72,	1575.963,	1575.115
249,	72,	1573.634,	1572.742
250,	72,	1572.366,	1571.430
251,	72,	1569.857,	1568.878
252,	72,	1568.389,	1567.366
253,	72,	1565.610,	1564.545
254,	72,	1563.861,	1562.755
255,	72,	1560.883,	1559.736
256,	72,	1558.884,	1557.697
147,	73,	1111.541,	1110.746
148,	73,	1124.643,	1123.875
149,	73,	1139.634,	1138.914
150,	73,	1152.216,	1151.570
151,	73,	1166.647,	1166.109
152,	73,	1178.838,	1178.445
153,	73,	1192.810,	1192.592
154,	73,	1204.491,	1204.416
155,	73,	1217.902,	1218.054
156,	73,	1227.964,	1228.097
157,	73,	1239.685,	1239.867
158,	73,	1249.437,	1249.590
159,	73,	1260.808,	1260.951
160,	73,	1270.259,	1270.283
161,	73,	1281.281,	1281.309
162,	73,	1290.342,	1290.328
163,	73,	1301.023,	1301.106
164,	73,	1309.895,	1310.019
165,	73,	1320.236,	1320.402
166,	73,	1328.828,	1329.059
167,	73,	1338.839,	1339.086
168,	73,	1347.140,	1347.448
169,	73,	1356.822,	1357.116
170,	73,	1364.893,	1365.216
171,	73,	1374.474,	1374.705
172,	73,	1382.366,	1382.550
173,	73,	1391.617,	1391.712
174,	73,	1399.079,	1399.185
175,	73,	1407.680,	1407.789
176,	73,	1414.691,	1414.876
177,	73,	1422.813,	1423.132
178,	73,	1429.544,	1429.931
179,	73,	1437.526,	1437.962
180,	73,	1444.057,	1444.560
181,	73,	1451.688,	1452.124
182,	73,	1457.900,	1458.169
183,	73,	1465.171,	1465.164
184,	73,	1471.052,	1470.747
185,	73,	1477.984,	1477.410
186,	73,	1483.455,	1482.687
187,	73,	1489.997,	1489.047
188,	73,	1495.278,	1494.057
189,	73,	1501.589,	1500.279
190,	73,	1506.581,	1505.316
191,	73,	1512.562,	1511.326
192,	73,	1517.333,	1516.187
193,	73,	1523.065,	1521.996
194,	73,	1527.526,	1526.531
195,	73,	1532.888,	1531.964
196,	73,	1537.109,	1536.258
197,	73,	1542.200,	1541.424
198,	73,	1546.072,	1545.373
199,	73,	1550.803,	1550.184
200,	73,	1553.254,	1552.717
201,	73,	1556.576,	1556.121
202,	73,	1558.937,	1558.564
203,	73,	1562.129,	1561.830
204,	73,	1564.380,	1564.149
205,	73,	1567.431,	1567.256
206,	73,	1569.583,	1569.451
207,	73,	1572.494,	1572.396
208,	73,	1574.526,	1574.452
209,	73,	1577.287,	1577.232
210,	73,	1579.198,	1579.159
211,	73,	1582.000,	1581.974
212,	73,	1584.381,	1584.370
213,	73,	1587.382,	1587.387
214,	73,	1589.494,	1589.515
215,	73,	1592.185,	1592.224
216,	73,	1594.017,	1594.073
217,	73,	1596.398,	1596.471
218,	73,	1597.939,	1598.028
219,	73,	1599.991,	1600.092
220,	73,	1601.242,	1601.353
221,	73,	1602.973,	1603.091
222,	73,	1603.925,	1604.044
223,	73,	1605.336,	1605.452
224,	73,	1605.978,	1606.086
225,	73,	1607.059,	1607.156
226,	73,	1607.400,	1607.482
227,	73,	1608.162,	1608.223
228,	73,	1608.203,	1608.241
229,	73,	1608.635,	1608.645
230,	73,	1608.376,	1608.356
231,	73,	1608.597,	1608.545
232,	73,	1608.629,	1608.541
233,	73,	1609.050,	1608.924
234,	73,	1608.861,	1608.696
235,	73,	1609.033,	1608.826
236,	73,	1608.594,	1608.345
237,	73,	1608.506,	1608.213
238,	73,	1607.827,	1607.489
239,	73,	1607.458,	1607.075
240,	73,	1606.510,	1606.080
241,	73,	1605.881,	1605.405
242,	73,	1604.962,	1604.439
243,	73,	1604.394,	1603.823
244,	73,	1603.335,	1602.717
245,	73,	1602.617,	1601.951
246,	73,	1601.338,	1600.626
247,	73,	1600.379,	1599.620
248,	73,	1598.951,	1598.145
249,	73,	1597.802,	1596.951
250,	73,	1596.133,	1595.237
251,	73,	1594.725,	1593.783
252,	73,	1592.876,	1591.890
253,	73,	1591.258,	1590.228
254,	73,	1589.149,	1588.076
255,	73,	1587.240,	1586.125
256,	73,	1584.922,	1583.765
257,	73,	1582.753,	1581.555
258,	73,	1579.185,	1577.946
146,	74,	1078.328,	1077.613
147,	74,	1092.899,	1092.189
148,	74,	1109.420,	1108.728
149,	74,	1122.832,	1122.174
150,	74,	1138.183,	1137.579
151,	74,	1151.075,	1150.548
152,	74,	1165.866,	1165.440
153,	74,	1178.357,	1178.055
154,	74,	1192.709,	1192.542
155,	74,	1204.660,	1204.624
156,	74,	1218.461,	1218.468
157,	74,	1228.703,	1228.877
158,	74,	1240.754,	1240.880
159,	74,	1250.676,	1250.918
160,	74,	1262.377,	1262.564
161,	74,	1271.988,	1272.156
162,	74,	1283.360,	1283.331
163,	74,	1292.671,	1292.769
164,	74,	1303.712,	1303.675
165,	74,	1312.624,	1312.810
166,	74,	1323.445,	1323.546
167,	74,	1332.057,	1332.299
168,	74,	1342.568,	1342.756
169,	74,	1350.869,	1351.197
170,	74,	1361.071,	1361.353
171,	74,	1369.062,	1369.437
172,	74,	1378.954,	1379.313
173,	74,	1386.645,	1387.056
174,	74,	1396.236,	1396.617
175,	74,	1403.778,	1404.105
176,	74,	1412.859,	1413.169
177,	74,	1420.080,	1420.364
178,	74,	1428.852,	1429.168
179,	74,	1435.763,	1436.179
180,	74,	1444.185,	1444.670
181,	74,	1450.786,	1451.332
182,	74,	1458.867,	1459.421
183,	74,	1465.129,	1465.557
184,	74,	1472.860,	1473.099
185,	74,	1478.781,	1478.749
186,	74,	1486.183,	1485.992
187,	74,	1491.734,	1491.301
188,	74,	1498.796,	1498.183
189,	74,	1504.157,	1503.306
190,	74,	1510.998,	1510.028
191,	74,	1516.050,	1514.995
192,	74,	1522.571,	1521.528
193,	74,	1527.402,	1526.410
194,	74,	1533.674,	1532.715
195,	74,	1538.175,	1537.286
196,	74,	1544.097,	1543.266
197,	74,	1548.348,	1547.576
198,	74,	1553.999,	1553.294
199,	74,	1557.901,	1557.267
200,	74,	1563.182,	1562.625
201,	74,	1565.564,	1565.088
202,	74,	1569.345,	1568.955
203,	74,	1571.616,	1571.312
204,	74,	1575.288,	1575.064
205,	74,	1577.449,	1577.295
206,	74,	1580.980,	1580.881
207,	74,	1583.032,	1582.973
208,	74,	1586.433,	1586.400
209,	74,	1588.365,	1588.348
210,	74,	1591.636,	1591.630
211,	74,	1593.437,	1593.440
212,	74,	1596.559,	1596.570
213,	74,	1598.220,	1598.242
214,	74,	1601.751,	1601.788
215,	74,	1603.773,	1603.826
216,	74,	1607.004,	1607.075
217,	74,	1608.736,	1608.826
218,	74,	1611.657,	1611.767
219,	74,	1613.088,	1613.216
220,	74,	1615.700,	1615.842
221,	74,	1616.831,	1616.985
222,	74,	1619.133,	1619.293
223,	74,	1619.954,	1620.117
224,	74,	1621.935,	1622.096
225,	74,	1622.457,	1622.609
226,	74,	1624.108,	1624.248
227,	74,	1624.319,	1624.442
228,	74,	1625.661,	1625.761
229,	74,	1625.562,	1625.637
230,	74,	1626.584,	1626.629
231,	74,	1626.295,	1626.308
232,	74,	1627.546,	1627.524
233,	74,	1627.418,	1627.358
234,	74,	1628.429,	1628.329
235,	74,	1628.070,	1627.928
236,	74,	1628.832,	1628.646
237,	74,	1628.243,	1628.013
238,	74,	1628.735,	1628.458
239,	74,	1627.886,	1627.562
240,	74,	1628.117,	1627.746
241,	74,	1627.009,	1626.589
242,	74,	1626.980,	1626.512
243,	74,	1625.941,	1625.424
244,	74,	1626.033,	1625.466
245,	74,	1624.854,	1624.239
246,	74,	1624.796,	1624.131
247,	74,	1623.387,	1622.674
248,	74,	1623.088,	1622.327
249,	74,	1621.520,	1620.711
250,	74,	1621.041,	1620.185
251,	74,	1619.233,	1618.330
252,	74,	1618.494,	1617.545
253,	74,	1616.495,	1615.501
254,	74,	1615.547,	1614.508
255,	74,	1613.268,	1612.185
256,	74,	1612.039,	1610.914
257,	74,	1609.551,	1608.383
258,	74,	1608.062,	1606.852
259,	74,	1604.224,	1602.973
260,	74,	1601.495,	1600.204
151,	75,	1134.192,	1133.696
152,	75,	1147.434,	1147.012
153,	75,	1162.565,	1162.237
154,	75,	1175.416,	1175.196
155,	75,	1190.078,	1189.973
156,	75,	1202.409,	1202.415
157,	75,	1216.510,	1216.627
158,	75,	1227.052,	1227.186
159,	75,	1239.303,	1239.644
160,	75,	1249.535,	1249.834
161,	75,	1261.436,	1261.833
162,	75,	1271.367,	1271.727
163,	75,	1282.919,	1283.174
164,	75,	1292.570,	1292.715
165,	75,	1303.772,	1303.918
166,	75,	1313.043,	1313.152
167,	75,	1323.904,	1324.062
168,	75,	1332.986,	1333.210
169,	75,	1343.517,	1343.688
170,	75,	1352.318,	1352.519
171,	75,	1362.520,	1362.712
172,	75,	1371.031,	1371.322
173,	75,	1380.903,	1381.214
174,	75,	1389.124,	1389.520
175,	75,	1398.665,	1399.046
176,	75,	1406.597,	1406.990
177,	75,	1415.958,	1416.206
178,	75,	1423.589,	1423.850
179,	75,	1432.461,	1432.642
180,	75,	1439.792,	1440.057
181,	75,	1448.314,	1448.633
182,	75,	1455.335,	1455.760
183,	75,	1463.506,	1463.988
184,	75,	1470.208,	1470.577
185,	75,	1478.009,	1478.211
186,	75,	1484.380,	1484.479
187,	75,	1491.842,	1491.775
188,	75,	1497.903,	1497.762
189,	75,	1505.075,	1504.691
190,	75,	1510.946,	1510.506
191,	75,	1517.887,	1517.231
192,	75,	1523.459,	1522.771
193,	75,	1530.070,	1529.336
194,	75,	1535.432,	1534.659
195,	75,	1541.783,	1540.997
196,	75,	1546.814,	1546.045
197,	75,	1552.806,	1552.088
198,	75,	1557.607,	1556.930
199,	75,	1563.308,	1562.683
200,	75,	1567.760,	1567.199
201,	75,	1573.101,	1572.610
202,	75,	1575.913,	1575.501
203,	75,	1579.634,	1579.312
204,	75,	1582.355,	1582.125
205,	75,	1585.947,	1585.804
206,	75,	1588.568,	1588.499
207,	75,	1592.029,	1592.014
208,	75,	1594.541,	1594.559
209,	75,	1597.872,	1597.906
210,	75,	1600.274,	1600.313
211,	75,	1603.455,	1603.494
212,	75,	1605.746,	1605.785
213,	75,	1608.778,	1608.819
214,	75,	1610.939,	1610.988
215,	75,	1614.261,	1614.322
216,	75,	1616.772,	1616.850
217,	75,	1619.903,	1620.002
218,	75,	1622.135,	1622.256
219,	75,	1624.956,	1625.101
220,	75,	1626.897,	1627.063
221,	75,	1629.399,	1629.582
222,	75,	1631.040,	1631.237
223,	75,	1633.222,	1633.427
224,	75,	1634.563,	1634.771
225,	75,	1636.424,	1636.630
226,	75,	1637.466,	1637.663
227,	75,	1638.997,	1639.180
228,	75,	1639.738,	1639.902
229,	75,	1640.950,	1641.090
230,	75,	1641.391,	1641.503
231,	75,	1642.273,	1642.353
232,	75,	1642.804,	1642.850
233,	75,	1643.925,	1643.933
234,	75,	1644.357,	1644.324
235,	75,	1645.238,	1645.163
236,	75,	1645.449,	1645.330
237,	75,	1646.071,	1645.905
238,	75,	1646.052,	1645.839
239,	75,	1646.404,	1646.142
240,	75,	1646.135,	1645.824
241,	75,	1646.216,	1645.855
242,	75,	1645.688,	1645.276
243,	75,	1645.519,	1645.057
244,	75,	1645.121,	1644.607
245,	75,	1645.112,	1644.548
246,	75,	1644.583,	1643.969
247,	75,	1644.415,	1643.749
248,	75,	1643.666,	1642.951
249,	75,	1643.257,	1642.493
250,	75,	1642.339,	1641.525
251,	75,	1641.750,	1640.888
252,	75,	1640.592,	1639.681
253,	75,	1639.733,	1638.776
254,	75,	1638.384,	1637.381
255,	75,	1637.306,	1636.257
256,	75,	1635.697,	1634.603
257,	75,	1634.328,	1633.191
258,	75,	1632.500,	1631.319
259,	75,	1630.871,	1629.648
260,	75,	1627.583,	1626.318
261,	75,	1624.594,	1623.289
262,	75,	1621.315,	1619.971
152,	76,	1131.961,	1131.562
153,	76,	1145.523,	1145.196
154,	76,	1161.004,	1160.764
155,	76,	1174.165,	1174.022
156,	76,	1189.207,	1189.165
157,	76,	1201.828,	1201.885
158,	76,	1216.309,	1216.457
159,	76,	1227.031,	1227.259
160,	76,	1239.582,	1239.818
161,	76,	1249.984,	1250.381
162,	76,	1262.195,	1262.564
163,	76,	1272.286,	1272.718
164,	76,	1284.158,	1284.433
165,	76,	1293.959,	1294.221
166,	76,	1305.501,	1305.542
167,	76,	1315.012,	1315.170
168,	76,	1326.233,	1326.230
169,	76,	1335.335,	1335.474
170,	76,	1346.346,	1346.354
171,	76,	1355.147,	1355.291
172,	76,	1365.849,	1365.822
173,	76,	1374.350,	1374.423
174,	76,	1384.732,	1384.797
175,	76,	1392.933,	1393.127
176,	76,	1403.004,	1403.157
177,	76,	1410.886,	1411.073
178,	76,	1420.647,	1420.768
179,	76,	1428.368,	1428.404
180,	76,	1437.650,	1437.682
181,	76,	1445.061,	1445.098
182,	76,	1454.013,	1454.124
183,	76,	1461.104,	1461.357
184,	76,	1469.705,	1469.908
185,	76,	1476.467,	1476.665
186,	76,	1484.718,	1484.803
187,	76,	1491.140,	1491.203
188,	76,	1499.061,	1499.013
189,	76,	1505.212,	1505.165
190,	76,	1512.904,	1512.707
191,	76,	1518.865,	1518.637
192,	76,	1526.326,	1525.971
193,	76,	1531.978,	1531.673
194,	76,	1539.119,	1538.653
195,	76,	1544.551,	1544.028
196,	76,	1551.432,	1550.814
197,	76,	1556.533,	1555.966
198,	76,	1563.075,	1562.440
199,	76,	1567.926,	1567.378
200,	76,	1574.177,	1573.628
201,	76,	1578.679,	1578.213
202,	76,	1584.570,	1584.148
203,	76,	1587.302,	1586.953
204,	76,	1591.463,	1591.205
205,	76,	1594.094,	1593.941
206,	76,	1598.136,	1598.082
207,	76,	1600.667,	1600.693
208,	76,	1604.588,	1604.666
209,	76,	1607.010,	1607.111
210,	76,	1610.801,	1610.903
211,	76,	1613.113,	1613.202
212,	76,	1616.774,	1616.849
213,	76,	1618.955,	1619.020
214,	76,	1622.477,	1622.537
215,	76,	1624.528,	1624.593
216,	76,	1628.260,	1628.337
217,	76,	1630.651,	1630.748
218,	76,	1634.282,	1634.404
219,	76,	1636.384,	1636.533
220,	76,	1639.705,	1639.882
221,	76,	1641.516,	1641.719
222,	76,	1644.528,	1644.752
223,	76,	1646.039,	1646.280
224,	76,	1648.741,	1648.992
225,	76,	1649.952,	1650.207
226,	76,	1652.323,	1652.575
227,	76,	1653.235,	1653.477
228,	76,	1655.296,	1655.523
229,	76,	1655.897,	1656.103
230,	76,	1657.639,	1657.819
231,	76,	1657.930,	1658.080
232,	76,	1659.492,	1659.607
233,	76,	1660.013,	1660.090
234,	76,	1661.684,	1661.721
235,	76,	1661.986,	1661.979
236,	76,	1663.427,	1663.375
237,	76,	1663.499,	1663.399
238,	76,	1664.690,	1664.542
239,	76,	1664.521,	1664.324
240,	76,	1665.453,	1665.204
241,	76,	1665.034,	1664.734
242,	76,	1665.695,	1665.343
243,	76,	1665.017,	1664.612
244,	76,	1665.428,	1664.970
245,	76,	1664.930,	1664.419
246,	76,	1665.571,	1665.008
247,	76,	1664.932,	1664.317
248,	76,	1665.424,	1664.756
249,	76,	1664.555,	1663.836
250,	76,	1664.806,	1664.036
251,	76,	1663.778,	1662.957
252,	76,	1663.839,	1662.969
253,	76,	1662.561,	1661.641
254,	76,	1662.362,	1661.394
255,	76,	1660.883,	1659.868
256,	76,	1660.475,	1659.413
257,	76,	1658.726,	1657.619
258,	76,	1658.027,	1656.876
259,	76,	1656.059,	1654.864
260,	76,	1655.100,	1653.862
261,	76,	1651.542,	1650.262
262,	76,	1649.113,	1647.793
263,	76,	1645.554,	1644.194
264,	76,	1643.126,	1641.726
155,	77,	1156.803,	1156.643
156,	77,	1170.314,	1170.243
157,	77,	1185.686,	1185.707
158,	77,	1198.677,	1198.791
159,	77,	1213.479,	1213.681
160,	77,	1224.480,	1224.766
161,	77,	1237.231,	1237.608
162,	77,	1247.923,	1248.318
163,	77,	1260.324,	1260.903
164,	77,	1270.725,	1271.238
165,	77,	1282.777,	1283.369
166,	77,	1292.888,	1293.354
167,	77,	1304.600,	1304.922
168,	77,	1314.431,	1314.614
169,	77,	1325.812,	1325.971
170,	77,	1335.264,	1335.349
171,	77,	1346.315,	1346.372
172,	77,	1355.576,	1355.571
173,	77,	1366.298,	1366.241
174,	77,	1375.279,	1375.223
175,	77,	1385.681,	1385.586
176,	77,	1394.372,	1394.371
177,	77,	1404.433,	1404.453
178,	77,	1412.835,	1412.853
179,	77,	1422.566,	1422.558
180,	77,	1430.678,	1430.620
181,	77,	1440.219,	1440.086
182,	77,	1448.030,	1447.897
183,	77,	1457.082,	1456.937
184,	77,	1464.583,	1464.504
185,	77,	1473.274,	1473.159
186,	77,	1480.466,	1480.314
187,	77,	1488.797,	1488.559
188,	77,	1495.669,	1495.586
189,	77,	1503.660,	1503.561
190,	77,	1510.311,	1510.204
191,	77,	1518.123,	1517.979
192,	77,	1524.584,	1524.447
193,	77,	1532.155,	1532.009
194,	77,	1538.327,	1538.167
195,	77,	1545.568,	1545.332
196,	77,	1551.520,	1551.237
197,	77,	1558.501,	1558.103
198,	77,	1564.132,	1563.678
199,	77,	1570.754,	1570.328
200,	77,	1576.145,	1575.721
201,	77,	1582.476,	1582.061
202,	77,	1587.518,	1587.111
203,	77,	1593.479,	1593.103
204,	77,	1596.631,	1596.337
205,	77,	1600.722,	1600.518
206,	77,	1603.783,	1603.707
207,	77,	1607.765,	1607.808
208,	77,	1610.716,	1610.848
209,	77,	1614.578,	1614.760
210,	77,	1617.439,	1617.626
211,	77,	1621.160,	1621.324
212,	77,	1623.912,	1624.042
213,	77,	1627.493,	1627.592
214,	77,	1630.134,	1630.210
215,	77,	1633.576,	1633.642
216,	77,	1636.097,	1636.166
217,	77,	1639.689,	1639.772
218,	77,	1642.550,	1642.657
219,	77,	1646.071,	1646.210
220,	77,	1648.663,	1648.835
221,	77,	1651.874,	1652.081
222,	77,	1654.165,	1654.404
223,	77,	1657.067,	1657.333
224,	77,	1659.078,	1659.364
225,	77,	1661.660,	1661.958
226,	77,	1663.361,	1663.664
227,	77,	1665.622,	1665.922
228,	77,	1667.034,	1667.323
229,	77,	1668.975,	1669.247
230,	77,	1670.087,	1670.334
231,	77,	1671.708,	1671.927
232,	77,	1672.519,	1672.705
233,	77,	1674.211,	1674.359
234,	77,	1675.262,	1675.370
235,	77,	1676.823,	1676.888
236,	77,	1677.665,	1677.683
237,	77,	1678.986,	1678.956
238,	77,	1679.608,	1679.528
239,	77,	1680.679,	1680.548
240,	77,	1681.070,	1680.887
241,	77,	1681.872,	1681.635
242,	77,	1682.013,	1681.722
243,	77,	1682.554,	1682.209
244,	77,	1682.436,	1682.035
245,	77,	1682.717,	1682.262
246,	77,	1682.849,	1682.339
247,	77,	1683.420,	1682.855
248,	77,	1683.411,	1682.793
249,	77,	1683.823,	1683.150
250,	77,	1683.594,	1682.869
251,	77,	1683.755,	1682.977
252,	77,	1683.367,	1682.537
253,	77,	1683.338,	1682.458
254,	77,	1682.710,	1681.779
255,	77,	1682.401,	1681.421
256,	77,	1681.582,	1680.554
257,	77,	1681.064,	1679.989
258,	77,	1679.975,	1678.854
259,	77,	1679.157,	1677.990
260,	77,	1677.848,	1676.637
261,	77,	1676.769,	1675.515
262,	77,	1673.741,	1672.444
263,	77,	1671.052,	1669.714
264,	77,	1668.043,	1666.665
265,	77,	1665.345,	1663.927
266,	77,	1662.346,	1660.890
156,	78,	1154.332,	1154.245
157,	78,	1168.173,	1168.169
158,	78,	1183.905,	1183.987
159,	78,	1197.206,	1197.377
160,	78,	1212.378,	1212.634
161,	78,	1223.569,	1223.909
162,	78,	1236.590,	1237.009
163,	78,	1247.462,	1247.957
164,	78,	1260.143,	1260.683
165,	78,	1270.704,	1271.387
166,	78,	1283.066,	1283.641
167,	78,	1293.327,	1293.957
168,	78,	1305.359,	1305.788
169,	78,	1315.330,	1315.697
170,	78,	1327.041,	1327.140
171,	78,	1336.723,	1336.887
172,	78,	1348.114,	1348.053
173,	78,	1357.415,	1357.425
174,	78,	1368.587,	1368.400
175,	78,	1377.588,	1377.442
176,	78,	1388.460,	1388.211
177,	78,	1397.141,	1396.988
178,	78,	1407.702,	1407.501
179,	78,	1416.094,	1415.960
180,	78,	1426.335,	1426.128
181,	78,	1434.417,	1434.243
182,	78,	1444.338,	1444.032
183,	78,	1452.249,	1451.932
184,	78,	1461.701,	1461.323
185,	78,	1469.292,	1468.964
186,	78,	1478.403,	1477.931
187,	78,	1485.665,	1485.279
188,	78,	1494.426,	1494.041
189,	78,	1501.358,	1501.159
190,	78,	1509.799,	1509.682
191,	78,	1516.560,	1516.545
192,	78,	1524.872,	1524.802
193,	78,	1531.433,	1531.411
194,	78,	1539.524,	1539.493
195,	78,	1545.786,	1545.822
196,	78,	1553.547,	1553.575
197,	78,	1559.589,	1559.554
198,	78,	1567.100,	1567.018
199,	78,	1572.821,	1572.700
200,	78,	1579.973,	1579.862
201,	78,	1585.434,	1585.236
202,	78,	1592.316,	1592.137
203,	78,	1597.427,	1597.173
204,	78,	1603.938,	1603.664
205,	78,	1607.010,	1606.681
206,	78,	1611.521,	1611.404
207,	78,	1614.492,	1614.460
208,	78,	1618.894,	1619.068
209,	78,	1621.765,	1622.014
210,	78,	1626.057,	1626.360
211,	78,	1628.828,	1629.099
212,	78,	1632.989,	1633.204
213,	78,	1635.651,	1635.803
214,	78,	1639.682,	1639.782
215,	78,	1642.233,	1642.301
216,	78,	1646.135,	1646.188
217,	78,	1648.556,	1648.613
218,	78,	1652.618,	1652.694
219,	78,	1655.369,	1655.477
220,	78,	1659.360,	1659.508
221,	78,	1661.822,	1662.013
222,	78,	1665.513,	1665.749
223,	78,	1667.684,	1667.960
224,	78,	1671.066,	1671.374
225,	78,	1672.947,	1673.280
226,	78,	1676.019,	1676.366
227,	78,	1677.600,	1677.953
228,	78,	1680.361,	1680.710
229,	78,	1681.633,	1681.969
230,	78,	1684.084,	1684.400
231,	78,	1685.056,	1685.346
232,	78,	1687.197,	1687.455
233,	78,	1687.978,	1688.200
234,	78,	1690.300,	1690.481
235,	78,	1691.231,	1691.368
236,	78,	1693.332,	1693.423
237,	78,	1694.044,	1694.085
238,	78,	1695.915,	1695.905
239,	78,	1696.407,	1696.344
240,	78,	1698.038,	1697.921
241,	78,	1698.279,	1698.108
242,	78,	1699.661,	1699.433
243,	78,	1699.662,	1699.378
244,	78,	1700.763,	1700.423
245,	78,	1700.505,	1700.107
246,	78,	1701.366,	1700.911
247,	78,	1701.408,	1700.896
248,	78,	1702.619,	1702.051
249,	78,	1702.530,	1701.906
250,	78,	1703.582,	1702.903
251,	78,	1703.263,	1702.529
252,	78,	1704.075,	1703.287
253,	78,	1703.586,	1702.745
254,	78,	1704.207,	1703.315
255,	78,	1703.469,	1702.525
256,	78,	1703.830,	1702.836
257,	78,	1702.891,	1701.848
258,	78,	1703.043,	1701.952
259,	78,	1701.834,	1700.696
260,	78,	1701.686,	1700.502
261,	78,	1700.247,	1699.018
262,	78,	1699.838,	1698.566
263,	78,	1696.540,	1695.225
264,	78,	1694.391,	1693.035
265,	78,	1691.102,	1689.705
266,	78,	1688.954,	1687.517
267,	78,	1685.675,	1684.200
268,	78,	1683.517,	1682.004
159,	79,	1179.614,	1179.754
160,	79,	1193.275,	1193.499
161,	79,	1208.787,	1209.094
162,	79,	1220.218,	1220.608
163,	79,	1233.449,	1233.920
164,	79,	1244.581,	1245.129
165,	79,	1257.462,	1258.082
166,	79,	1268.303,	1268.984
167,	79,	1280.845,	1281.629
168,	79,	1291.396,	1292.120
169,	79,	1303.598,	1304.288
170,	79,	1313.869,	1314.409
171,	79,	1325.750,	1326.114
172,	79,	1335.752,	1336.009
173,	79,	1347.303,	1347.385
174,	79,	1356.925,	1356.973
175,	79,	1368.146,	1368.032
176,	79,	1377.587,	1377.466
177,	79,	1388.479,	1388.217
178,	79,	1397.640,	1397.470
179,	79,	1408.211,	1407.865
180,	79,	1417.083,	1416.907
181,	79,	1427.324,	1426.945
182,	79,	1435.906,	1435.673
183,	79,	1445.807,	1445.345
184,	79,	1454.088,	1453.754
185,	79,	1463.800,	1463.219
186,	79,	1471.791,	1471.355
187,	79,	1481.002,	1480.478
188,	79,	1488.674,	1488.235
189,	79,	1497.535,	1497.184
190,	79,	1504.887,	1504.815
191,	79,	1513.418,	1513.474
192,	79,	1520.659,	1520.848
193,	79,	1529.111,	1529.240
194,	79,	1536.172,	1536.380
195,	79,	1544.384,	1544.567
196,	79,	1551.155,	1551.394
197,	79,	1559.036,	1559.319
198,	79,	1565.588,	1565.836
199,	79,	1573.219,	1573.429
200,	79,	1579.450,	1579.604
201,	79,	1586.722,	1586.827
202,	79,	1592.703,	1592.779
203,	79,	1599.695,	1599.687
204,	79,	1605.336,	1605.155
205,	79,	1611.947,	1611.694
206,	79,	1615.399,	1615.117
207,	79,	1619.850,	1619.721
208,	79,	1623.211,	1623.325
209,	79,	1627.553,	1627.722
210,	79,	1630.834,	1631.329
211,	79,	1635.046,	1635.383
212,	79,	1638.237,	1638.663
213,	79,	1642.328,	1642.520
214,	79,	1645.420,	1645.558
215,	79,	1649.381,	1649.451
216,	79,	1652.362,	1652.394
217,	79,	1656.184,	1656.203
218,	79,	1659.055,	1659.083
219,	79,	1663.117,	1663.171
220,	79,	1666.298,	1666.394
221,	79,	1670.199,	1670.349
222,	79,	1673.111,	1673.317
223,	79,	1676.692,	1676.955
224,	79,	1679.324,	1679.636
225,	79,	1682.605,	1682.958
226,	79,	1684.946,	1685.329
227,	79,	1687.908,	1688.307
228,	79,	1689.959,	1690.364
229,	79,	1692.610,	1693.010
230,	79,	1694.372,	1694.756
231,	79,	1696.703,	1697.065
232,	79,	1698.175,	1698.506
233,	79,	1700.186,	1700.482
234,	79,	1701.627,	1701.884
235,	79,	1703.849,	1704.061
236,	79,	1705.300,	1705.465
237,	79,	1707.301,	1707.416
238,	79,	1708.543,	1708.605
239,	79,	1710.304,	1710.313
240,	79,	1711.326,	1711.278
241,	79,	1712.837,	1712.733
242,	79,	1713.638,	1713.476
243,	79,	1714.890,	1714.669
244,	79,	1715.441,	1715.162
245,	79,	1716.433,	1716.094
246,	79,	1716.734,	1716.336
247,	79,	1717.465,	1717.009
248,	79,	1718.137,	1717.621
249,	79,	1719.288,	1718.714
250,	79,	1719.829,	1719.198
251,	79,	1720.811,	1720.123
252,	79,	1721.122,	1720.378
253,	79,	1721.864,	1721.064
254,	79,	1722.015,	1721.161
255,	79,	1722.556,	1721.649
256,	79,	1722.468,	1721.509
257,	79,	1722.739,	1721.729
258,	79,	1722.460,	1721.401
259,	79,	1722.512,	1721.403
260,	79,	1721.953,	1720.797
261,	79,	1721.715,	1720.512
262,	79,	1720.946,	1719.698
263,	79,	1720.437,	1719.146
264,	79,	1717.639,	1716.304
265,	79,	1715.230,	1713.853
266,	79,	1712.461,	1711.044
267,	79,	1710.053,	1708.596
268,	79,	1707.294,	1705.798
269,	79,	1704.886,	1703.352
270,	79,	1702.137,	1700.567
160,	80,	1177.033,	1177.225
161,	80,	1191.024,	1191.297
162,	80,	1206.906,	1207.259
163,	80,	1218.527,	1218.961
164,	80,	1232.008,	1232.521
165,	80,	1243.310,	1243.898
166,	80,	1256.451,	1257.109
167,	80,	1267.463,	1268.180
168,	80,	1280.274,	1281.014
169,	80,	1290.985,	1291.820
170,	80,	1303.477,	1304.161
171,	80,	1313.898,	1314.600
172,	80,	1326.079,	1326.602
173,	80,	1336.221,	1336.582
174,	80,	1348.082,	1348.245
175,	80,	1357.934,	1358.149
176,	80,	1369.495,	1369.484
177,	80,	1378.966,	1379.044
178,	80,	1390.308,	1390.139
179,	80,	1399.479,	1399.425
180,	80,	1410.510,	1410.254
181,	80,	1419.382,	1419.180
182,	80,	1430.113,	1429.797
183,	80,	1438.675,	1438.415
184,	80,	1449.096,	1448.724
185,	80,	1457.347,	1456.980
186,	80,	1467.439,	1467.023
187,	80,	1475.520,	1475.173
188,	80,	1485.141,	1484.755
189,	80,	1492.893,	1492.724
190,	80,	1502.174,	1502.033
191,	80,	1509.606,	1509.878
192,	80,	1518.557,	1518.825
193,	80,	1525.928,	1526.434
194,	80,	1534.870,	1535.255
195,	80,	1542.041,	1542.475
196,	80,	1550.763,	1551.112
197,	80,	1557.644,	1558.100
198,	80,	1566.035,	1566.429
199,	80,	1572.697,	1573.162
200,	80,	1580.848,	1581.188
201,	80,	1587.179,	1587.523
202,	80,	1594.981,	1595.246
203,	80,	1601.062,	1601.271
204,	80,	1608.584,	1608.769
205,	80,	1614.315,	1614.369
206,	80,	1621.476,	1621.363
207,	80,	1624.848,	1624.747
208,	80,	1629.679,	1629.701
209,	80,	1632.970,	1633.184
210,	80,	1637.702,	1638.139
211,	80,	1640.893,	1641.372
212,	80,	1645.525,	1645.938
213,	80,	1648.626,	1648.999
214,	80,	1653.137,	1653.442
215,	80,	1656.129,	1656.197
216,	80,	1660.520,	1660.521
217,	80,	1663.412,	1663.377
218,	80,	1667.673,	1667.634
219,	80,	1670.514,	1670.492
220,	80,	1675.136,	1675.151
221,	80,	1678.207,	1678.280
222,	80,	1682.538,	1682.682
223,	80,	1685.330,	1685.549
224,	80,	1689.371,	1689.662
225,	80,	1691.873,	1692.226
226,	80,	1695.614,	1696.016
227,	80,	1697.825,	1698.261
228,	80,	1701.267,	1701.721
229,	80,	1703.188,	1703.647
230,	80,	1706.319,	1706.771
231,	80,	1707.951,	1708.384
232,	80,	1710.762,	1711.168
233,	80,	1712.104,	1712.476
234,	80,	1714.615,	1714.948
235,	80,	1716.006,	1716.295
236,	80,	1718.758,	1718.999
237,	80,	1720.089,	1720.279
238,	80,	1722.610,	1722.747
239,	80,	1723.732,	1723.813
240,	80,	1726.033,	1726.057
241,	80,	1726.935,	1726.900
242,	80,	1728.996,	1728.902
243,	80,	1729.667,	1729.513
244,	80,	1731.479,	1731.263
245,	80,	1731.900,	1731.623
246,	80,	1733.452,	1733.113
247,	80,	1733.613,	1733.213
248,	80,	1734.914,	1734.453
249,	80,	1735.516,	1734.994
250,	80,	1737.297,	1736.715
251,	80,	1737.758,	1737.117
252,	80,	1739.380,	1738.680
253,	80,	1739.621,	1738.864
254,	80,	1741.003,	1740.189
255,	80,	1741.074,	1740.205
256,	80,	1742.265,	1741.342
257,	80,	1742.087,	1741.110
258,	80,	1743.018,	1741.990
259,	80,	1742.639,	1741.561
260,	80,	1743.351,	1742.223
261,	80,	1742.702,	1741.526
262,	80,	1743.124,	1741.900
263,	80,	1742.255,	1740.986
264,	80,	1742.416,	1741.103
265,	80,	1739.348,	1737.991
266,	80,	1737.439,	1736.041
267,	80,	1734.401,	1732.961
268,	80,	1732.512,	1731.033
269,	80,	1729.483,	1727.965
270,	80,	1727.595,	1726.039
271,	80,	1724.576,	1722.983
272,	80,	1722.677,	1721.049
163,	81,	1202.425,	1202.817
164,	81,	1214.266,	1214.736
165,	81,	1227.947,	1228.493
166,	81,	1239.499,	1240.116
167,	81,	1252.830,	1253.514
168,	81,	1264.092,	1264.834
169,	81,	1277.093,	1277.880
170,	81,	1288.074,	1288.886
171,	81,	1300.746,	1301.623
172,	81,	1311.447,	1312.235
173,	81,	1323.798,	1324.491
174,	81,	1334.220,	1334.787
175,	81,	1346.251,	1346.772
176,	81,	1356.413,	1356.736
177,	81,	1368.124,	1368.447
178,	81,	1377.915,	1378.221
179,	81,	1389.307,	1389.499
180,	81,	1398.918,	1399.019
181,	81,	1409.979,	1410.008
182,	81,	1419.311,	1419.270
183,	81,	1430.052,	1429.920
184,	81,	1439.094,	1438.939
185,	81,	1449.505,	1449.320
186,	81,	1458.256,	1458.055
187,	81,	1468.328,	1468.107
188,	81,	1476.789,	1476.592
189,	81,	1486.661,	1486.498
190,	81,	1494.812,	1494.854
191,	81,	1504.203,	1504.311
192,	81,	1512.035,	1512.407
193,	81,	1521.096,	1521.626
194,	81,	1528.937,	1529.508
195,	81,	1538.029,	1538.502
196,	81,	1545.690,	1546.135
197,	81,	1554.552,	1554.858
198,	81,	1561.923,	1562.250
199,	81,	1570.464,	1570.719
200,	81,	1577.626,	1577.854
201,	81,	1585.907,	1586.031
202,	81,	1592.748,	1592.841
203,	81,	1600.680,	1600.719
204,	81,	1607.281,	1607.332
205,	81,	1614.933,	1614.942
206,	81,	1621.194,	1621.146
207,	81,	1628.465,	1628.334
208,	81,	1632.197,	1632.024
209,	81,	1636.978,	1637.000
210,	81,	1640.630,	1640.699
211,	81,	1645.301,	1645.470
212,	81,	1648.882,	1649.040
213,	81,	1653.434,	1653.740
214,	81,	1656.935,	1657.071
215,	81,	1661.366,	1661.327
216,	81,	1664.768,	1664.756
217,	81,	1669.089,	1668.943
218,	81,	1672.391,	1672.272
219,	81,	1676.582,	1676.470
220,	81,	1680.163,	1680.069
221,	81,	1684.685,	1684.642
222,	81,	1688.166,	1688.202
223,	81,	1692.397,	1692.528
224,	81,	1695.619,	1695.849
225,	81,	1699.550,	1699.872
226,	81,	1702.492,	1702.890
227,	81,	1706.123,	1706.580
228,	81,	1708.784,	1709.279
229,	81,	1712.116,	1712.629
230,	81,	1714.487,	1715.003
231,	81,	1717.508,	1718.013
232,	81,	1719.600,	1720.081
233,	81,	1722.311,	1722.761
234,	81,	1724.123,	1724.534
235,	81,	1726.524,	1726.891
236,	81,	1728.395,	1728.714
237,	81,	1731.047,	1731.314
238,	81,	1732.888,	1733.101
239,	81,	1735.320,	1735.475
240,	81,	1736.951,	1737.048
241,	81,	1739.152,	1739.189
242,	81,	1740.584,	1740.559
243,	81,	1742.535,	1742.448
244,	81,	1743.736,	1743.586
245,	81,	1745.448,	1745.234
246,	81,	1746.409,	1746.132
247,	81,	1747.851,	1747.509
248,	81,	1748.572,	1748.167
249,	81,	1749.763,	1749.295
250,	81,	1750.985,	1750.454
251,	81,	1752.716,	1752.123
252,	81,	1753.797,	1753.144
253,	81,	1755.369,	1754.655
254,	81,	1756.230,	1755.458
255,	81,	1757.562,	1756.731
256,	81,	1758.263,	1757.376
257,	81,	1759.394,	1758.452
258,	81,	1759.856,	1758.860
259,	81,	1760.727,	1759.678
260,	81,	1760.989,	1759.888
261,	81,	1761.640,	1760.490
262,	81,	1761.641,	1760.443
263,	81,	1761.993,	1760.747
264,	81,	1761.764,	1760.472
265,	81,	1761.855,	1760.519
266,	81,	1759.267,	1757.887
267,	81,	1757.108,	1755.686
268,	81,	1754.560,	1753.096
269,	81,	1752.411,	1750.908
270,	81,	1749.882,	1748.341
271,	81,	1747.734,	1746.154
272,	81,	1745.225,	1743.609
273,	81,	1743.066,	1741.415
274,	81,	1741.278,	1739.591
164,	82,	1199.654,	1200.079
165,	82,	1211.685,	1212.184
166,	82,	1225.596,	1226.166
167,	82,	1237.318,	1237.956
168,	82,	1250.889,	1251.589
169,	82,	1262.321,	1263.075
170,	82,	1275.572,	1276.369
171,	82,	1286.703,	1287.527
172,	82,	1299.645,	1300.454
173,	82,	1310.506,	1311.370
174,	82,	1323.127,	1323.856
175,	82,	1333.709,	1334.455
176,	82,	1346.030,	1346.525
177,	82,	1356.322,	1356.913
178,	82,	1368.343,	1368.819
179,	82,	1378.364,	1378.750
180,	82,	1390.076,	1390.455
181,	82,	1399.717,	1399.979
182,	82,	1411.219,	1411.334
183,	82,	1420.570,	1420.684
184,	82,	1431.761,	1431.662
185,	82,	1440.813,	1440.750
186,	82,	1451.704,	1451.457
187,	82,	1460.445,	1460.314
188,	82,	1471.027,	1470.777
189,	82,	1479.458,	1479.398
190,	82,	1489.710,	1489.596
191,	82,	1497.961,	1498.038
192,	82,	1507.752,	1507.923
193,	82,	1515.674,	1516.128
194,	82,	1525.145,	1525.628
195,	82,	1533.126,	1533.762
196,	82,	1542.698,	1543.087
197,	82,	1550.499,	1550.875
198,	82,	1559.851,	1560.048
199,	82,	1567.362,	1567.504
200,	82,	1576.393,	1576.467
201,	82,	1583.685,	1583.687
202,	82,	1592.476,	1592.398
203,	82,	1599.447,	1599.331
204,	82,	1607.889,	1607.753
205,	82,	1614.610,	1614.449
206,	82,	1622.792,	1622.719
207,	82,	1629.163,	1629.054
208,	82,	1636.984,	1636.861
209,	82,	1640.636,	1640.460
210,	82,	1645.767,	1645.816
211,	82,	1649.519,	1649.539
212,	82,	1654.750,	1654.787
213,	82,	1658.411,	1658.428
214,	82,	1663.473,	1663.331
215,	82,	1666.974,	1666.918
216,	82,	1671.855,	1671.729
217,	82,	1675.177,	1674.972
218,	82,	1679.868,	1679.579
219,	82,	1683.010,	1682.779
220,	82,	1687.501,	1687.267
221,	82,	1690.442,	1690.285
222,	82,	1694.714,	1694.571
223,	82,	1697.495,	1697.477
224,	82,	1701.836,	1701.947
225,	82,	1704.708,	1704.952
226,	82,	1708.909,	1709.269
227,	82,	1711.641,	1712.093
228,	82,	1715.692,	1716.211
229,	82,	1718.283,	1718.843
230,	82,	1722.175,	1722.751
231,	82,	1724.616,	1725.190
232,	82,	1728.328,	1728.885
233,	82,	1730.609,	1731.137
234,	82,	1734.150,	1734.641
235,	82,	1736.262,	1736.709
236,	82,	1739.613,	1740.011
237,	82,	1741.534,	1741.880
238,	82,	1744.696,	1744.986
239,	82,	1746.427,	1746.659
240,	82,	1749.369,	1749.540
241,	82,	1750.900,	1751.010
242,	82,	1753.621,	1753.668
243,	82,	1754.933,	1754.915
244,	82,	1757.424,	1757.341
245,	82,	1758.505,	1758.357
246,	82,	1760.757,	1760.542
247,	82,	1761.608,	1761.327
248,	82,	1763.590,	1763.243
249,	82,	1764.191,	1763.778
250,	82,	1765.942,	1765.464
251,	82,	1767.104,	1766.561
252,	82,	1769.465,	1768.859
253,	82,	1770.486,	1769.818
254,	82,	1772.688,	1771.957
255,	82,	1773.499,	1772.708
256,	82,	1775.461,	1774.611
257,	82,	1776.102,	1775.195
258,	82,	1777.873,	1776.910
259,	82,	1778.265,	1777.246
260,	82,	1779.786,	1778.714
261,	82,	1779.978,	1778.854
262,	82,	1781.279,	1780.105
263,	82,	1781.210,	1779.987
264,	82,	1782.222,	1780.951
265,	82,	1781.923,	1780.606
266,	82,	1784.574,	1783.213
267,	82,	1782.466,	1781.061
268,	82,	1781.467,	1780.020
269,	82,	1779.279,	1777.790
270,	82,	1778.190,	1776.662
271,	82,	1775.911,	1774.345
272,	82,	1774.723,	1773.118
273,	82,	1772.344,	1770.703
274,	82,	1771.045,	1769.369
275,	82,	1768.557,	1766.846
276,	82,	1767.138,	1765.394
170,	83,	1256.520,	1257.279
171,	83,	1270.081,	1270.881
172,	83,	1281.572,	1282.399
173,	83,	1294.804,	1295.641
174,	83,	1306.015,	1306.843
175,	83,	1318.917,	1319.715
176,	83,	1329.848,	1330.599
177,	83,	1342.429,	1343.117
178,	83,	1353.091,	1353.718
179,	83,	1365.342,	1365.884
180,	83,	1375.723,	1376.340
181,	83,	1387.655,	1388.068
182,	83,	1397.676,	1398.135
183,	83,	1409.268,	1409.562
184,	83,	1419.089,	1419.364
185,	83,	1430.350,	1430.401
186,	83,	1439.882,	1439.993
187,	83,	1450.813,	1450.791
188,	83,	1460.054,	1460.086
189,	83,	1470.646,	1470.515
190,	83,	1479.577,	1479.527
191,	83,	1489.819,	1489.742
192,	83,	1498.440,	1498.555
193,	83,	1508.461,	1508.579
194,	83,	1516.763,	1517.196
195,	83,	1526.324,	1526.772
196,	83,	1534.655,	1535.172
197,	83,	1544.277,	1544.650
198,	83,	1552.418,	1552.649
199,	83,	1561.800,	1561.908
200,	83,	1569.651,	1569.711
201,	83,	1578.702,	1578.643
202,	83,	1586.334,	1586.222
203,	83,	1595.115,	1594.916
204,	83,	1602.427,	1602.187
205,	83,	1610.848,	1610.604
206,	83,	1617.899,	1617.635
207,	83,	1626.031,	1625.852
208,	83,	1632.742,	1632.509
209,	83,	1640.493,	1640.286
210,	83,	1644.645,	1644.565
211,	83,	1649.876,	1649.842
212,	83,	1654.188,	1654.242
213,	83,	1659.569,	1659.384
214,	83,	1663.790,	1663.705
215,	83,	1668.992,	1668.675
216,	83,	1673.043,	1672.845
217,	83,	1678.044,	1677.701
218,	83,	1681.926,	1681.571
219,	83,	1686.717,	1686.319
220,	83,	1690.419,	1690.145
221,	83,	1694.990,	1694.565
222,	83,	1698.481,	1698.216
223,	83,	1702.823,	1702.572
224,	83,	1706.114,	1706.049
225,	83,	1710.226,	1710.322
226,	83,	1713.297,	1713.565
227,	83,	1717.418,	1717.826
228,	83,	1720.660,	1721.176
229,	83,	1724.701,	1725.291
230,	83,	1727.802,	1728.432
231,	83,	1731.684,	1732.326
232,	83,	1734.635,	1735.268
233,	83,	1738.327,	1738.935
234,	83,	1741.108,	1741.680
235,	83,	1744.609,	1745.137
236,	83,	1747.231,	1747.709
237,	83,	1750.532,	1750.956
238,	83,	1752.963,	1753.331
239,	83,	1756.055,	1756.363
240,	83,	1758.296,	1758.543
241,	83,	1761.168,	1761.351
242,	83,	1763.209,	1763.328
243,	83,	1765.840,	1765.893
244,	83,	1767.662,	1767.647
245,	83,	1770.053,	1769.971
246,	83,	1771.644,	1771.494
247,	83,	1773.776,	1773.557
248,	83,	1775.137,	1774.850
249,	83,	1776.999,	1776.643
250,	83,	1778.100,	1777.676
251,	83,	1779.711,	1779.220
252,	83,	1781.353,	1780.795
253,	83,	1783.544,	1782.921
254,	83,	1785.036,	1784.348
255,	83,	1787.047,	1786.297
256,	83,	1788.318,	1787.506
257,	83,	1790.080,	1789.208
258,	83,	1791.181,	1790.251
259,	83,	1792.752,	1791.765
260,	83,	1793.604,	1792.561
261,	83,	1794.885,	1793.788
262,	83,	1795.537,	1794.387
263,	83,	1796.598,	1795.398
264,	83,	1796.969,	1795.720
265,	83,	1797.731,	1796.434
266,	83,	1797.872,	1796.528
267,	83,	1800.213,	1798.825
268,	83,	1798.775,	1797.343
269,	83,	1797.746,	1796.272
270,	83,	1796.238,	1794.722
271,	83,	1795.099,	1793.544
272,	83,	1793.500,	1791.907
273,	83,	1792.252,	1790.621
274,	83,	1790.543,	1788.876
275,	83,	1789.175,	1787.472
276,	83,	1787.356,	1785.619
277,	83,	1785.857,	1784.087
278,	83,	1783.919,	1782.116
173,	84,	1278.041,	1278.864
174,	84,	1291.623,	1292.457
175,	84,	1303.094,	1303.925
176,	84,	1316.356,	1317.167
177,	84,	1327.537,	1328.316
178,	84,	1340.468,	1341.194
179,	84,	1351.360,	1352.113
180,	84,	1363.971,	1364.573
181,	84,	1374.562,	1375.238
182,	84,	1386.864,	1387.339
183,	84,	1397.155,	1397.700
184,	84,	1409.127,	1409.478
185,	84,	1419.028,	1419.461
186,	84,	1430.769,	1431.148
187,	84,	1440.351,	1440.676
188,	84,	1451.762,	1451.983
189,	84,	1461.023,	1461.166
190,	84,	1472.105,	1472.139
191,	84,	1481.046,	1481.111
192,	84,	1491.788,	1491.721
193,	84,	1500.379,	1500.542
194,	84,	1510.770,	1510.832
195,	84,	1519.162,	1519.543
196,	84,	1529.093,	1529.487
197,	84,	1537.475,	1537.936
198,	84,	1547.436,	1547.699
199,	84,	1555.607,	1555.872
200,	84,	1565.339,	1565.371
201,	84,	1573.200,	1573.258
202,	84,	1582.591,	1582.554
203,	84,	1590.213,	1590.139
204,	84,	1599.334,	1599.195
205,	84,	1606.616,	1606.467
206,	84,	1615.377,	1615.240
207,	84,	1622.388,	1622.205
208,	84,	1630.860,	1630.792
209,	84,	1637.501,	1637.429
210,	84,	1645.582,	1645.523
211,	84,	1649.824,	1649.800
212,	84,	1655.555,	1655.798
213,	84,	1659.997,	1660.170
214,	84,	1665.938,	1665.953
215,	84,	1670.289,	1670.142
216,	84,	1676.051,	1675.785
217,	84,	1680.212,	1679.879
218,	84,	1685.773,	1685.293
219,	84,	1689.745,	1689.266
220,	84,	1695.096,	1694.501
221,	84,	1698.868,	1698.227
222,	84,	1703.989,	1703.416
223,	84,	1707.550,	1707.072
224,	84,	1712.442,	1711.995
225,	84,	1715.773,	1715.581
226,	84,	1720.425,	1720.505
227,	84,	1723.536,	1723.843
228,	84,	1727.937,	1728.419
229,	84,	1730.819,	1731.400
230,	84,	1735.220,	1735.888
231,	84,	1738.291,	1738.997
232,	84,	1742.683,	1743.392
233,	84,	1745.594,	1746.284
234,	84,	1749.796,	1750.450
235,	84,	1752.547,	1753.156
236,	84,	1756.558,	1757.117
237,	84,	1759.120,	1759.623
238,	84,	1762.931,	1763.376
239,	84,	1765.292,	1765.676
240,	84,	1768.894,	1769.215
241,	84,	1771.055,	1771.312
242,	84,	1774.437,	1774.627
243,	84,	1776.388,	1776.511
244,	84,	1779.529,	1779.584
245,	84,	1781.251,	1781.236
246,	84,	1784.142,	1784.057
247,	84,	1785.624,	1785.468
248,	84,	1788.265,	1788.038
249,	84,	1789.496,	1789.199
250,	84,	1791.868,	1791.500
251,	84,	1792.839,	1792.401
252,	84,	1794.950,	1794.443
253,	84,	1796.422,	1795.846
254,	84,	1799.073,	1798.430
255,	84,	1800.385,	1799.676
256,	84,	1802.866,	1802.093
257,	84,	1803.937,	1803.102
258,	84,	1806.169,	1805.272
259,	84,	1807.050,	1806.094
260,	84,	1809.081,	1808.067
261,	84,	1809.703,	1808.632
262,	84,	1811.444,	1810.319
263,	84,	1811.856,	1810.678
264,	84,	1813.377,	1812.148
265,	84,	1813.488,	1812.210
266,	84,	1814.700,	1813.374
267,	84,	1814.571,	1813.199
268,	84,	1817.312,	1815.895
269,	84,	1815.834,	1814.373
270,	84,	1815.485,	1813.982
271,	84,	1813.907,	1812.363
272,	84,	1813.458,	1811.875
273,	84,	1811.779,	1810.158
274,	84,	1811.211,	1809.552
275,	84,	1809.422,	1807.728
276,	84,	1808.724,	1806.994
277,	84,	1806.825,	1805.062
278,	84,	1805.986,	1804.190
279,	84,	1803.958,	1802.129
280,	84,	1802.979,	1801.120
174,	85,	1272.190,	1273.006
175,	85,	1286.072,	1286.901
176,	85,	1297.883,	1298.714
177,	85,	1311.425,	1312.245
178,	85,	1322.946,	1323.747
179,	85,	1336.147,	1336.922
180,	85,	1347.379,	1348.125
181,	85,	1360.240,	1360.962
182,	85,	1371.181,	1371.848
183,	85,	1383.703,	1384.360
184,	85,	1394.354,	1394.992
185,	85,	1406.536,	1407.170
186,	85,	1416.797,	1417.518
187,	85,	1428.628,	1429.213
188,	85,	1438.660,	1439.392
189,	85,	1450.141,	1450.683
190,	85,	1459.872,	1460.369
191,	85,	1470.984,	1471.238
192,	85,	1480.395,	1480.563
193,	85,	1491.157,	1491.282
194,	85,	1500.228,	1500.354
195,	85,	1510.609,	1510.825
196,	85,	1519.351,	1519.660
197,	85,	1529.522,	1529.850
198,	85,	1538.234,	1538.605
199,	85,	1548.265,	1548.459
200,	85,	1556.766,	1556.899
201,	85,	1566.538,	1566.562
202,	85,	1574.729,	1574.688
203,	85,	1584.150,	1584.058
204,	85,	1592.102,	1592.010
205,	85,	1601.233,	1601.041
206,	85,	1608.845,	1608.698
207,	85,	1617.596,	1617.418
208,	85,	1624.927,	1624.799
209,	85,	1633.369,	1633.303
210,	85,	1640.330,	1640.242
211,	85,	1648.371,	1648.321
212,	85,	1653.083,	1653.163
213,	85,	1658.914,	1659.187
214,	85,	1663.896,	1664.154
215,	85,	1669.997,	1670.105
216,	85,	1674.878,	1674.810
217,	85,	1680.780,	1680.554
218,	85,	1685.481,	1685.160
219,	85,	1691.163,	1690.671
220,	85,	1695.674,	1695.107
221,	85,	1701.125,	1700.424
222,	85,	1705.437,	1704.754
223,	85,	1710.648,	1709.957
224,	85,	1714.739,	1714.068
225,	85,	1719.711,	1719.234
226,	85,	1723.572,	1723.431
227,	85,	1728.284,	1728.326
228,	85,	1731.915,	1732.258
229,	85,	1736.366,	1736.895
230,	85,	1739.768,	1740.477
231,	85,	1743.949,	1744.700
232,	85,	1747.110,	1747.892
233,	85,	1751.352,	1752.124
234,	85,	1754.763,	1755.502
235,	85,	1758.945,	1759.636
236,	85,	1762.186,	1762.823
237,	85,	1766.167,	1766.747
238,	85,	1769.229,	1769.748
239,	85,	1773.000,	1773.457
240,	85,	1775.861,	1776.255
241,	85,	1779.403,	1779.731
242,	85,	1782.064,	1782.326
243,	85,	1785.376,	1785.569
244,	85,	1787.817,	1787.941
245,	85,	1790.888,	1790.941
246,	85,	1793.100,	1793.081
247,	85,	1795.911,	1795.820
248,	85,	1797.883,	1797.718
249,	85,	1800.434,	1800.196
250,	85,	1802.145,	1801.834
251,	85,	1804.417,	1804.033
252,	85,	1805.868,	1805.412
253,	85,	1807.869,	1807.342
254,	85,	1809.791,	1809.193
255,	85,	1812.292,	1811.626
256,	85,	1814.054,	1813.320
257,	85,	1816.365,	1815.566
258,	85,	1817.886,	1817.023
259,	85,	1819.928,	1819.003
260,	85,	1821.269,	1820.284
261,	85,	1823.100,	1822.057
262,	85,	1824.162,	1823.061
263,	85,	1825.693,	1824.538
264,	85,	1826.555,	1825.346
265,	85,	1827.836,	1826.576
266,	85,	1828.397,	1827.088
267,	85,	1829.369,	1828.012
268,	85,	1829.670,	1828.267
269,	85,	1832.092,	1830.643
270,	85,	1831.273,	1829.781
271,	85,	1830.894,	1829.361
272,	85,	1829.976,	1828.402
273,	85,	1829.477,	1827.864
274,	85,	1828.458,	1826.808
275,	85,	1827.830,	1826.142
276,	85,	1826.701,	1824.978
277,	85,	1825.943,	1824.185
278,	85,	1824.684,	1822.893
279,	85,	1823.775,	1821.952
280,	85,	1822.387,	1820.531
281,	85,	1821.328,	1819.442
282,	85,	1819.799,	1817.883
178,	86,	1308.144,	1308.967
179,	86,	1319.925,	1320.737
180,	86,	1333.466,	1334.262
181,	86,	1344.938,	1345.714
182,	86,	1358.139,	1358.893
183,	86,	1369.300,	1370.030
184,	86,	1382.172,	1382.885
185,	86,	1393.023,	1393.729
186,	86,	1405.555,	1406.239
187,	86,	1416.086,	1416.871
188,	86,	1428.277,	1429.020
189,	86,	1438.399,	1439.197
190,	86,	1450.320,	1450.944
191,	86,	1460.112,	1460.659
192,	86,	1471.683,	1472.029
193,	86,	1481.124,	1481.458
194,	86,	1492.346,	1492.617
195,	86,	1501.427,	1501.690
196,	86,	1512.288,	1512.537
197,	86,	1521.010,	1521.358
198,	86,	1531.531,	1531.772
199,	86,	1540.303,	1540.591
200,	86,	1550.664,	1550.730
201,	86,	1559.215,	1559.259
202,	86,	1569.317,	1569.150
203,	86,	1577.538,	1577.452
204,	86,	1587.289,	1587.067
205,	86,	1595.241,	1595.056
206,	86,	1604.702,	1604.474
207,	86,	1612.304,	1612.079
208,	86,	1621.385,	1621.218
209,	86,	1628.686,	1628.509
210,	86,	1637.448,	1637.425
211,	86,	1644.369,	1644.347
212,	86,	1652.731,	1652.711
213,	86,	1657.542,	1657.637
214,	86,	1663.853,	1664.183
215,	86,	1668.945,	1669.301
216,	86,	1675.586,	1675.738
217,	86,	1680.597,	1680.598
218,	86,	1687.039,	1686.893
219,	86,	1691.850,	1691.573
220,	86,	1698.072,	1697.663
221,	86,	1702.683,	1702.113
222,	86,	1708.664,	1708.000
223,	86,	1713.056,	1712.347
224,	86,	1718.797,	1718.019
225,	86,	1722.958,	1722.343
226,	86,	1728.450,	1727.916
227,	86,	1732.371,	1732.026
228,	86,	1737.613,	1737.639
229,	86,	1741.284,	1741.619
230,	86,	1746.255,	1746.767
231,	86,	1749.677,	1750.417
232,	86,	1754.378,	1755.224
233,	86,	1757.549,	1758.424
234,	86,	1761.981,	1762.787
235,	86,	1764.892,	1765.663
236,	86,	1769.574,	1770.286
237,	86,	1772.785,	1773.436
238,	86,	1777.256,	1777.845
239,	86,	1780.268,	1780.793
240,	86,	1784.539,	1785.000
241,	86,	1787.341,	1787.736
242,	86,	1791.382,	1791.711
243,	86,	1793.973,	1794.234
244,	86,	1797.785,	1797.975
245,	86,	1800.146,	1800.265
246,	86,	1803.707,	1803.754
247,	86,	1805.829,	1805.801
248,	86,	1809.140,	1809.038
249,	86,	1811.012,	1810.834
250,	86,	1814.043,	1813.790
251,	86,	1815.654,	1815.326
252,	86,	1818.416,	1818.012
253,	86,	1819.747,	1819.269
254,	86,	1822.228,	1821.678
255,	86,	1823.990,	1823.367
256,	86,	1826.951,	1826.258
257,	86,	1828.543,	1827.781
258,	86,	1831.314,	1830.485
259,	86,	1832.645,	1831.752
260,	86,	1835.147,	1834.190
261,	86,	1836.288,	1835.271
262,	86,	1838.570,	1837.493
263,	86,	1839.421,	1838.287
264,	86,	1841.402,	1840.214
265,	86,	1842.034,	1840.792
266,	86,	1843.765,	1842.472
267,	86,	1844.086,	1842.744
268,	86,	1845.488,	1844.097
269,	86,	1845.549,	1844.113
270,	86,	1848.321,	1846.840
271,	86,	1847.462,	1845.938
272,	86,	1847.733,	1846.168
273,	86,	1846.775,	1845.169
274,	86,	1846.926,	1845.282
275,	86,	1845.847,	1844.166
276,	86,	1845.869,	1844.151
277,	86,	1844.660,	1842.907
278,	86,	1844.552,	1842.764
279,	86,	1843.213,	1841.393
280,	86,	1842.954,	1841.102
281,	86,	1841.476,	1839.592
282,	86,	1841.057,	1839.143
283,	86,	1839.428,	1837.485
284,	86,	1838.850,	1836.878
285,	86,	1837.071,	1835.071
286,	86,	1836.323,	1834.296
178,	87,	1288.341,	1289.160
179,	87,	1302.503,	1303.323
180,	87,	1314.614,	1315.430
181,	87,	1328.425,	1329.232
182,	87,	1340.227,	1341.021
183,	87,	1353.688,	1354.468
184,	87,	1365.190,	1365.956
185,	87,	1378.291,	1379.049
186,	87,	1389.482,	1390.240
187,	87,	1402.224,	1402.987
188,	87,	1413.105,	1413.879
189,	87,	1425.486,	1426.272
190,	87,	1435.958,	1436.701
191,	87,	1447.979,	1448.664
192,	87,	1458.201,	1458.819
193,	87,	1469.842,	1470.360
194,	87,	1479.723,	1480.216
195,	87,	1490.985,	1491.367
196,	87,	1500.526,	1500.994
197,	87,	1511.407,	1511.753
198,	87,	1520.589,	1520.947
199,	87,	1531.090,	1531.390
200,	87,	1540.192,	1540.279
201,	87,	1550.753,	1550.705
202,	87,	1559.624,	1559.570
203,	87,	1569.786,	1569.566
204,	87,	1578.317,	1578.059
205,	87,	1588.109,	1587.840
206,	87,	1596.390,	1596.079
207,	87,	1605.871,	1605.569
208,	87,	1613.793,	1613.537
209,	87,	1622.874,	1622.624
210,	87,	1630.495,	1630.340
211,	87,	1639.247,	1639.190
212,	87,	1646.478,	1646.460
213,	87,	1654.810,	1654.810
214,	87,	1660.071,	1660.214
215,	87,	1666.492,	1666.870
216,	87,	1672.074,	1672.485
217,	87,	1678.865,	1679.095
218,	87,	1684.396,	1684.512
219,	87,	1690.968,	1690.946
220,	87,	1696.309,	1696.241
221,	87,	1702.651,	1702.415
222,	87,	1707.772,	1707.488
223,	87,	1713.873,	1713.388
224,	87,	1718.775,	1718.310
225,	87,	1724.606,	1724.029
226,	87,	1729.277,	1728.769
227,	87,	1734.859,	1734.339
228,	87,	1739.290,	1739.090
229,	87,	1744.582,	1744.566
230,	87,	1748.763,	1748.980
231,	87,	1753.794,	1754.346
232,	87,	1757.716,	1758.509
233,	87,	1762.457,	1763.293
234,	87,	1766.129,	1767.061
235,	87,	1770.580,	1771.438
236,	87,	1773.991,	1774.773
237,	87,	1778.153,	1778.864
238,	87,	1781.574,	1782.221
239,	87,	1786.035,	1786.619
240,	87,	1789.527,	1790.046
241,	87,	1793.758,	1794.213
242,	87,	1797.050,	1797.439
243,	87,	1801.051,	1801.373
244,	87,	1804.122,	1804.376
245,	87,	1807.874,	1808.056
246,	87,	1810.715,	1810.825
247,	87,	1814.216,	1814.252
248,	87,	1816.818,	1816.777
249,	87,	1820.049,	1819.932
250,	87,	1822.401,	1822.206
251,	87,	1825.352,	1825.079
252,	87,	1827.443,	1827.093
253,	87,	1830.105,	1829.678
254,	87,	1831.906,	1831.403
255,	87,	1834.288,	1833.709
256,	87,	1836.499,	1835.847
257,	87,	1839.310,	1838.586
258,	87,	1841.352,	1840.558
259,	87,	1843.963,	1843.101
260,	87,	1845.744,	1844.817
261,	87,	1848.066,	1847.075
262,	87,	1849.647,	1848.594
263,	87,	1851.739,	1850.626
264,	87,	1853.030,	1851.860
265,	87,	1854.811,	1853.587
266,	87,	1855.873,	1854.595
267,	87,	1857.404,	1856.075
268,	87,	1858.145,	1856.767
269,	87,	1859.337,	1857.911
270,	87,	1859.818,	1858.347
271,	87,	1862.250,	1860.734
272,	87,	1862.021,	1860.463
273,	87,	1862.262,	1860.663
274,	87,	1861.934,	1860.295
275,	87,	1862.045,	1860.368
276,	87,	1861.596,	1859.882
277,	87,	1861.578,	1859.828
278,	87,	1860.999,	1859.215
279,	87,	1860.821,	1859.003
280,	87,	1860.112,	1858.261
281,	87,	1859.783,	1857.901
282,	87,	1858.935,	1857.022
283,	87,	1858.436,	1856.494
284,	87,	1857.428,	1855.456
285,	87,	1856.759,	1854.759
286,	87,	1855.600,	1853.573
287,	87,	1854.752,	1852.698
288,	87,	1853.433,	1851.353
289,	87,	1852.404,	1850.299
180,	88,	1298.662,	1299.474
181,	88,	1311.053,	1311.866
182,	88,	1325.184,	1325.993
183,	88,	1337.156,	1337.958
184,	88,	1350.867,	1351.661
185,	88,	1362.589,	1363.375
186,	88,	1376.030,	1376.812
187,	88,	1387.431,	1388.212
188,	88,	1400.513,	1401.295
189,	88,	1411.584,	1412.366
190,	88,	1424.315,	1425.088
191,	88,	1435.037,	1435.778
192,	88,	1447.408,	1448.098
193,	88,	1457.700,	1458.327
194,	88,	1469.781,	1470.335
195,	88,	1479.722,	1480.268
196,	88,	1491.424,	1491.883
197,	88,	1500.995,	1501.459
198,	88,	1512.326,	1512.660
199,	88,	1521.508,	1521.852
200,	88,	1532.479,	1532.571
201,	88,	1541.531,	1541.624
202,	88,	1552.412,	1552.313
203,	88,	1561.333,	1561.075
204,	88,	1571.825,	1571.507
205,	88,	1580.396,	1580.062
206,	88,	1590.508,	1590.030
207,	88,	1598.799,	1598.374
208,	88,	1608.610,	1608.091
209,	88,	1616.522,	1616.145
210,	88,	1625.933,	1625.603
211,	88,	1633.534,	1633.250
212,	88,	1642.606,	1642.526
213,	88,	1649.807,	1649.759
214,	88,	1658.449,	1658.430
215,	88,	1663.820,	1663.953
216,	88,	1670.691,	1671.079
217,	88,	1676.343,	1676.809
218,	88,	1683.654,	1683.896
219,	88,	1689.325,	1689.488
220,	88,	1696.407,	1696.430
221,	88,	1701.868,	1701.946
222,	88,	1708.720,	1708.611
223,	88,	1713.941,	1713.827
224,	88,	1720.552,	1720.258
225,	88,	1725.544,	1725.257
226,	88,	1731.895,	1731.482
227,	88,	1736.637,	1736.265
228,	88,	1742.718,	1742.338
229,	88,	1747.199,	1746.961
230,	88,	1753.011,	1752.937
231,	88,	1757.242,	1757.406
232,	88,	1762.763,	1763.155
233,	88,	1766.725,	1767.332
234,	88,	1771.966,	1772.842
235,	88,	1775.648,	1776.473
236,	88,	1780.609,	1781.421
237,	88,	1784.020,	1784.751
238,	88,	1788.682,	1789.365
239,	88,	1791.813,	1792.435
240,	88,	1796.284,	1796.846
241,	88,	1799.736,	1800.237
242,	88,	1804.447,	1804.886
243,	88,	1807.689,	1808.064
244,	88,	1812.170,	1812.479
245,	88,	1815.181,	1815.422
246,	88,	1819.423,	1819.592
247,	88,	1822.194,	1822.290
248,	88,	1826.175,	1826.195
249,	88,	1828.697,	1828.639
250,	88,	1832.418,	1832.282
251,	88,	1834.680,	1834.464
252,	88,	1838.111,	1837.815
253,	88,	1840.092,	1839.717
254,	88,	1843.234,	1842.779
255,	88,	1844.935,	1844.402
256,	88,	1847.797,	1847.187
257,	88,	1849.858,	1849.173
258,	88,	1853.119,	1852.361
259,	88,	1854.991,	1854.161
260,	88,	1858.052,	1857.153
261,	88,	1859.663,	1858.698
262,	88,	1862.435,	1861.405
263,	88,	1863.826,	1862.735
264,	88,	1866.358,	1865.206
265,	88,	1867.449,	1866.240
266,	88,	1869.680,	1868.417
267,	88,	1870.522,	1869.205
268,	88,	1872.483,	1871.115
269,	88,	1873.014,	1871.598
270,	88,	1874.636,	1873.172
271,	88,	1874.877,	1873.368
272,	88,	1877.599,	1876.046
273,	88,	1877.330,	1875.735
274,	88,	1878.211,	1876.576
275,	88,	1877.833,	1876.159
276,	88,	1878.574,	1876.862
277,	88,	1878.066,	1876.317
278,	88,	1878.667,	1876.884
279,	88,	1878.028,	1876.211
280,	88,	1878.480,	1876.630
281,	88,	1877.691,	1875.809
282,	88,	1877.992,	1876.080
283,	88,	1877.044,	1875.101
284,	88,	1877.175,	1875.203
285,	88,	1876.077,	1874.076
286,	88,	1876.028,	1874.000
287,	88,	1874.759,	1872.704
288,	88,	1874.531,	1872.450
289,	88,	1873.092,	1870.985
290,	88,	1872.683,	1870.552
291,	88,	1871.055,	1868.899
292,	88,	1870.456,	1868.277
183,	89,	1319.893,	1320.697
184,	89,	1332.235,	1333.035
185,	89,	1346.196,	1346.992
186,	89,	1358.108,	1358.899
187,	89,	1371.599,	1372.387
188,	89,	1383.150,	1383.935
189,	89,	1396.462,	1397.242
190,	89,	1407.863,	1408.636
191,	89,	1420.794,	1421.550
192,	89,	1431.856,	1432.582
193,	89,	1444.407,	1445.090
194,	89,	1455.049,	1455.680
195,	89,	1467.210,	1467.786
196,	89,	1477.571,	1478.095
197,	89,	1489.343,	1489.824
198,	89,	1499.344,	1499.748
199,	89,	1510.706,	1511.052
200,	89,	1520.337,	1520.612
201,	89,	1531.318,	1531.494
202,	89,	1540.800,	1540.817
203,	89,	1551.641,	1551.519
204,	89,	1560.872,	1560.695
205,	89,	1571.554,	1571.262
206,	89,	1580.435,	1580.019
207,	89,	1590.607,	1590.019
208,	89,	1599.208,	1598.680
209,	89,	1609.049,	1608.439
210,	89,	1617.281,	1616.792
211,	89,	1626.702,	1626.266
212,	89,	1634.613,	1634.354
213,	89,	1643.685,	1643.561
214,	89,	1651.196,	1651.183
215,	89,	1659.828,	1659.826
216,	89,	1665.629,	1665.807
217,	89,	1672.620,	1673.066
218,	89,	1678.672,	1679.208
219,	89,	1686.143,	1686.460
220,	89,	1692.305,	1692.456
221,	89,	1699.536,	1699.608
222,	89,	1705.487,	1705.498
223,	89,	1712.459,	1712.459
224,	89,	1718.190,	1718.088
225,	89,	1724.901,	1724.730
226,	89,	1730.393,	1730.183
227,	89,	1736.834,	1736.573
228,	89,	1742.076,	1741.850
229,	89,	1748.237,	1747.969
230,	89,	1753.218,	1753.106
231,	89,	1759.090,	1759.047
232,	89,	1763.811,	1763.946
233,	89,	1769.392,	1769.702
234,	89,	1773.834,	1774.377
235,	89,	1779.115,	1779.772
236,	89,	1783.287,	1784.031
237,	89,	1788.278,	1789.024
238,	89,	1792.169,	1792.864
239,	89,	1796.851,	1797.474
240,	89,	1800.462,	1801.038
241,	89,	1804.843,	1805.368
242,	89,	1808.175,	1808.645
243,	89,	1812.846,	1813.260
244,	89,	1816.548,	1816.900
245,	89,	1820.999,	1821.288
246,	89,	1824.480,	1824.702
247,	89,	1828.672,	1828.822
248,	89,	1831.913,	1831.990
249,	89,	1835.845,	1835.845
250,	89,	1838.836,	1838.757
251,	89,	1842.477,	1842.318
252,	89,	1845.209,	1844.967
253,	89,	1848.570,	1848.247
254,	89,	1851.021,	1850.616
255,	89,	1854.083,	1853.596
256,	89,	1856.244,	1855.677
257,	89,	1859.006,	1858.360
258,	89,	1861.507,	1860.784
259,	89,	1864.638,	1863.841
260,	89,	1866.950,	1866.080
261,	89,	1869.861,	1868.922
262,	89,	1871.902,	1870.896
263,	89,	1874.514,	1873.442
264,	89,	1876.335,	1875.202
265,	89,	1878.697,	1877.503
266,	89,	1880.218,	1878.967
267,	89,	1882.259,	1880.954
268,	89,	1883.541,	1882.183
269,	89,	1885.302,	1883.893
270,	89,	1886.254,	1884.796
271,	89,	1887.665,	1886.161
272,	89,	1888.336,	1886.788
273,	89,	1890.648,	1889.056
274,	89,	1890.999,	1889.366
275,	89,	1891.840,	1890.168
276,	89,	1892.082,	1890.371
277,	89,	1892.783,	1891.035
278,	89,	1892.895,	1891.111
279,	89,	1893.446,	1891.628
280,	89,	1893.417,	1891.566
281,	89,	1893.809,	1891.925
282,	89,	1893.630,	1891.716
283,	89,	1893.851,	1891.907
284,	89,	1893.523,	1891.549
285,	89,	1893.574,	1891.572
286,	89,	1893.076,	1891.045
287,	89,	1892.947,	1890.890
288,	89,	1892.278,	1890.195
289,	89,	1891.960,	1889.851
290,	89,	1891.111,	1888.977
291,	89,	1890.602,	1888.444
292,	89,	1889.574,	1887.392
293,	89,	1888.865,	1886.660
294,	89,	1887.657,	1885.429
295,	89,	1886.738,	1884.488
184,	90,	1316.202,	1316.994
185,	90,	1328.824,	1329.615
186,	90,	1343.145,	1343.934
187,	90,	1355.317,	1356.102
188,	90,	1369.168,	1369.949
189,	90,	1380.889,	1381.665
190,	90,	1394.251,	1395.018
191,	90,	1405.612,	1406.366
192,	90,	1418.884,	1419.617
193,	90,	1430.125,	1430.828
194,	90,	1443.016,	1443.679
195,	90,	1453.898,	1454.513
196,	90,	1466.399,	1466.962
197,	90,	1476.830,	1477.339
198,	90,	1489.022,	1489.472
199,	90,	1499.073,	1499.454
200,	90,	1510.875,	1511.179
201,	90,	1520.526,	1520.743
202,	90,	1531.947,	1532.049
203,	90,	1541.409,	1541.459
204,	90,	1552.680,	1552.520
205,	90,	1561.861,	1561.696
206,	90,	1572.853,	1572.407
207,	90,	1581.784,	1581.328
208,	90,	1592.266,	1591.667
209,	90,	1600.897,	1600.065
210,	90,	1611.058,	1610.315
211,	90,	1619.300,	1618.659
212,	90,	1629.031,	1628.437
213,	90,	1636.952,	1636.505
214,	90,	1646.324,	1646.112
215,	90,	1653.815,	1653.688
216,	90,	1662.757,	1662.742
217,	90,	1668.668,	1668.854
218,	90,	1676.099,	1676.538
219,	90,	1682.161,	1682.688
220,	90,	1690.122,	1690.503
221,	90,	1696.414,	1696.560
222,	90,	1704.145,	1704.179
223,	90,	1710.206,	1710.190
224,	90,	1717.688,	1717.605
225,	90,	1723.509,	1723.426
226,	90,	1730.720,	1730.569
227,	90,	1736.292,	1736.125
228,	90,	1743.233,	1743.072
229,	90,	1748.545,	1748.389
230,	90,	1755.196,	1755.096
231,	90,	1760.237,	1760.213
232,	90,	1766.609,	1766.652
233,	90,	1771.370,	1771.449
234,	90,	1777.441,	1777.650
235,	90,	1781.913,	1782.268
236,	90,	1787.684,	1788.157
237,	90,	1791.876,	1792.456
238,	90,	1797.347,	1797.918
239,	90,	1801.248,	1801.795
240,	90,	1806.410,	1806.967
241,	90,	1810.021,	1810.536
242,	90,	1814.883,	1815.358
243,	90,	1818.204,	1818.633
244,	90,	1822.755,	1823.134
245,	90,	1826.357,	1826.680
246,	90,	1831.278,	1831.541
247,	90,	1834.709,	1834.907
248,	90,	1839.371,	1839.499
249,	90,	1842.552,	1842.606
250,	90,	1846.954,	1846.930
251,	90,	1849.875,	1849.771
252,	90,	1853.996,	1853.810
253,	90,	1856.648,	1856.377
254,	90,	1860.469,	1860.114
255,	90,	1862.840,	1862.400
256,	90,	1866.362,	1865.838
257,	90,	1868.433,	1867.827
258,	90,	1871.665,	1870.978
259,	90,	1874.026,	1873.261
260,	90,	1877.597,	1876.757
261,	90,	1879.759,	1878.845
262,	90,	1883.100,	1882.116
263,	90,	1884.981,	1883.929
264,	90,	1888.033,	1886.916
265,	90,	1889.684,	1888.505
266,	90,	1892.476,	1891.237
267,	90,	1893.817,	1892.521
268,	90,	1896.288,	1894.938
269,	90,	1897.370,	1895.967
270,	90,	1899.561,	1898.109
271,	90,	1900.303,	1898.802
272,	90,	1902.144,	1900.598
273,	90,	1902.595,	1901.005
274,	90,	1905.107,	1903.474
275,	90,	1905.428,	1903.755
276,	90,	1906.879,	1905.168
277,	90,	1907.071,	1905.322
278,	90,	1908.382,	1906.597
279,	90,	1908.434,	1906.614
280,	90,	1909.595,	1907.741
281,	90,	1909.496,	1907.610
282,	90,	1910.498,	1908.580
283,	90,	1910.249,	1908.301
284,	90,	1911.080,	1909.103
285,	90,	1910.662,	1908.656
286,	90,	1911.313,	1909.279
287,	90,	1910.725,	1908.664
288,	90,	1911.196,	1909.109
289,	90,	1910.427,	1908.315
290,	90,	1910.709,	1908.571
291,	90,	1909.750,	1907.588
292,	90,	1909.842,	1907.656
293,	90,	1908.693,	1906.484
294,	90,	1908.584,	1906.353
295,	90,	1907.246,	1904.992
296,	90,	1906.917,	1904.642
297,	90,	1905.388,	1903.092
298,	90,	1904.860,	1902.542
189,	91,	1364.337,	1365.101
190,	91,	1376.398,	1377.155
191,	91,	1390.020,	1390.765
192,	91,	1401.621,	1402.349
193,	91,	1414.743,	1415.448
194,	91,	1426.204,	1426.878
195,	91,	1439.295,	1439.930
196,	91,	1450.497,	1451.086
197,	91,	1463.188,	1463.725
198,	91,	1473.949,	1474.429
199,	91,	1486.221,	1486.638
200,	91,	1496.682,	1497.028
201,	91,	1508.534,	1508.800
202,	91,	1518.615,	1518.793
203,	91,	1530.066,	1530.144
204,	91,	1539.928,	1539.898
205,	91,	1551.189,	1551.055
206,	91,	1560.790,	1560.522
207,	91,	1571.742,	1571.417
208,	91,	1580.973,	1580.460
209,	91,	1591.635,	1590.957
210,	91,	1600.576,	1599.864
211,	91,	1610.777,	1609.980
212,	91,	1619.329,	1618.497
213,	91,	1629.090,	1628.432
214,	91,	1637.312,	1636.763
215,	91,	1646.703,	1646.369
216,	91,	1654.494,	1654.395
217,	91,	1663.436,	1663.380
218,	91,	1669.767,	1669.889
219,	91,	1677.318,	1677.808
220,	91,	1683.680,	1684.235
221,	91,	1691.801,	1692.184
222,	91,	1698.573,	1698.758
223,	91,	1706.434,	1706.451
224,	91,	1712.985,	1712.901
225,	91,	1720.587,	1720.500
226,	91,	1726.888,	1726.762
227,	91,	1734.209,	1734.090
228,	91,	1740.261,	1740.145
229,	91,	1747.292,	1747.168
230,	91,	1753.084,	1753.067
231,	91,	1759.825,	1759.833
232,	91,	1765.336,	1765.455
233,	91,	1771.778,	1771.900
234,	91,	1777.009,	1777.209
235,	91,	1783.140,	1783.304
236,	91,	1788.092,	1788.383
237,	91,	1793.903,	1794.221
238,	91,	1798.565,	1798.944
239,	91,	1804.066,	1804.506
240,	91,	1808.437,	1808.922
241,	91,	1813.619,	1814.066
242,	91,	1817.700,	1818.133
243,	91,	1822.562,	1822.977
244,	91,	1826.343,	1826.723
245,	91,	1830.894,	1831.232
246,	91,	1834.386,	1834.674
247,	91,	1839.267,	1839.499
248,	91,	1843.158,	1843.328
249,	91,	1847.790,	1847.891
250,	91,	1851.421,	1851.448
251,	91,	1855.783,	1855.731
252,	91,	1859.154,	1859.021
253,	91,	1863.225,	1863.007
254,	91,	1866.327,	1866.022
255,	91,	1870.098,	1869.706
256,	91,	1872.919,	1872.440
257,	91,	1876.371,	1875.805
258,	91,	1878.892,	1878.242
259,	91,	1882.044,	1881.311
260,	91,	1884.835,	1884.023
261,	91,	1888.276,	1887.387
262,	91,	1890.868,	1889.905
263,	91,	1894.079,	1893.045
264,	91,	1896.381,	1895.279
265,	91,	1899.282,	1898.115
266,	91,	1901.353,	1900.124
267,	91,	1903.995,	1902.707
268,	91,	1905.756,	1904.412
269,	91,	1908.057,	1906.659
270,	91,	1909.559,	1908.109
271,	91,	1911.570,	1910.071
272,	91,	1912.732,	1911.186
273,	91,	1914.373,	1912.782
274,	91,	1915.234,	1913.601
275,	91,	1917.286,	1915.611
276,	91,	1918.197,	1916.483
277,	91,	1919.618,	1917.866
278,	91,	1920.400,	1918.611
279,	91,	1921.681,	1919.857
280,	91,	1922.323,	1920.465
281,	91,	1923.434,	1921.543
282,	91,	1923.925,	1922.003
283,	91,	1924.877,	1922.924
284,	91,	1925.208,	1923.226
285,	91,	1925.979,	1923.968
286,	91,	1926.151,	1924.112
287,	91,	1926.722,	1924.656
288,	91,	1926.724,	1924.631
289,	91,	1927.105,	1924.987
290,	91,	1926.926,	1924.784
291,	91,	1927.108,	1924.941
292,	91,	1926.739,	1924.548
293,	91,	1926.731,	1924.517
294,	91,	1926.162,	1923.926
295,	91,	1925.943,	1923.685
296,	91,	1925.185,	1922.905
297,	91,	1924.746,	1922.445
298,	91,	1923.787,	1921.466
190,	92,	1361.056,	1361.797
191,	92,	1373.357,	1374.088
192,	92,	1387.319,	1388.036
193,	92,	1399.150,	1399.848
194,	92,	1412.612,	1413.284
195,	92,	1423.973,	1424.613
196,	92,	1437.154,	1437.756
197,	92,	1448.546,	1449.101
198,	92,	1461.547,	1462.051
199,	92,	1472.558,	1473.004
200,	92,	1485.150,	1485.530
201,	92,	1495.691,	1496.000
202,	92,	1507.953,	1508.181
203,	92,	1518.074,	1518.214
204,	92,	1529.955,	1529.999
205,	92,	1539.817,	1539.757
206,	92,	1551.478,	1551.310
207,	92,	1561.050,	1560.767
208,	92,	1572.411,	1571.998
209,	92,	1581.602,	1581.135
210,	92,	1592.564,	1591.863
211,	92,	1601.545,	1600.777
212,	92,	1612.056,	1611.140
213,	92,	1620.638,	1619.807
214,	92,	1630.709,	1629.862
215,	92,	1638.941,	1638.243
216,	92,	1648.632,	1648.200
217,	92,	1656.423,	1656.130
218,	92,	1665.665,	1665.622
219,	92,	1672.106,	1672.286
220,	92,	1680.077,	1680.394
221,	92,	1686.399,	1686.858
222,	92,	1694.960,	1695.290
223,	92,	1701.862,	1702.080
224,	92,	1710.203,	1710.212
225,	92,	1716.864,	1716.836
226,	92,	1724.946,	1724.822
227,	92,	1731.347,	1731.299
228,	92,	1739.148,	1739.069
229,	92,	1745.290,	1745.280
230,	92,	1752.801,	1752.815
231,	92,	1758.663,	1758.730
232,	92,	1765.874,	1766.026
233,	92,	1771.455,	1771.699
234,	92,	1778.367,	1778.642
235,	92,	1783.648,	1783.841
236,	92,	1790.250,	1790.508
237,	92,	1795.241,	1795.446
238,	92,	1801.522,	1801.791
239,	92,	1806.214,	1806.468
240,	92,	1812.175,	1812.502
241,	92,	1816.566,	1816.871
242,	92,	1822.208,	1822.598
243,	92,	1826.289,	1826.647
244,	92,	1831.621,	1831.978
245,	92,	1835.392,	1835.720
246,	92,	1840.403,	1840.691
247,	92,	1843.875,	1844.123
248,	92,	1848.706,	1848.903
249,	92,	1852.547,	1852.685
250,	92,	1857.639,	1857.710
251,	92,	1861.230,	1861.228
252,	92,	1866.042,	1865.960
253,	92,	1869.363,	1869.197
254,	92,	1873.884,	1873.631
255,	92,	1876.926,	1876.583
256,	92,	1881.147,	1880.714
257,	92,	1883.899,	1883.375
258,	92,	1887.810,	1887.198
259,	92,	1890.241,	1889.542
260,	92,	1893.853,	1893.070
261,	92,	1896.514,	1895.650
262,	92,	1900.385,	1899.443
263,	92,	1902.837,	1901.820
264,	92,	1906.478,	1905.390
265,	92,	1908.640,	1907.484
266,	92,	1911.971,	1910.750
267,	92,	1913.882,	1912.600
268,	92,	1916.944,	1915.603
269,	92,	1918.535,	1917.139
270,	92,	1921.266,	1919.817
271,	92,	1922.578,	1921.078
272,	92,	1925.009,	1923.462
273,	92,	1925.981,	1924.387
274,	92,	1928.042,	1926.405
275,	92,	1928.703,	1927.024
276,	92,	1930.855,	1929.135
277,	92,	1931.726,	1929.968
278,	92,	1933.747,	1931.953
279,	92,	1934.479,	1932.649
280,	92,	1936.350,	1934.486
281,	92,	1936.932,	1935.034
282,	92,	1938.643,	1936.714
283,	92,	1939.064,	1937.105
284,	92,	1940.596,	1938.606
285,	92,	1940.857,	1938.839
286,	92,	1942.219,	1940.173
287,	92,	1942.300,	1940.227
288,	92,	1943.471,	1941.372
289,	92,	1943.373,	1941.248
290,	92,	1944.344,	1942.195
291,	92,	1944.065,	1941.892
292,	92,	1944.837,	1942.640
293,	92,	1944.358,	1942.138
294,	92,	1944.920,	1942.677
295,	92,	1944.241,	1941.977
296,	92,	1944.592,	1942.307
297,	92,	1943.714,	1941.407
298,	92,	1943.855,	1941.528
195,	93,	1408.081,	1408.718
196,	93,	1419.762,	1420.366
197,	93,	1432.943,	1433.508
198,	93,	1444.405,	1444.924
199,	93,	1457.606,	1458.073
200,	93,	1468.918,	1469.326
201,	93,	1481.699,	1482.042
202,	93,	1492.550,	1492.821
203,	93,	1504.892,	1505.084
204,	93,	1515.423,	1515.529
205,	93,	1527.344,	1527.357
206,	93,	1537.606,	1537.520
207,	93,	1549.277,	1549.087
208,	93,	1559.239,	1558.942
209,	93,	1570.590,	1570.183
210,	93,	1580.181,	1579.664
211,	93,	1591.103,	1590.480
212,	93,	1600.374,	1599.654
213,	93,	1611.065,	1610.235
214,	93,	1619.937,	1619.143
215,	93,	1630.058,	1629.256
216,	93,	1638.580,	1637.966
217,	93,	1648.311,	1647.880
218,	93,	1656.392,	1656.217
219,	93,	1665.654,	1665.611
220,	93,	1672.495,	1672.641
221,	93,	1680.586,	1680.896
222,	93,	1687.318,	1687.707
223,	93,	1695.819,	1696.121
224,	93,	1703.181,	1703.352
225,	93,	1711.662,	1711.759
226,	93,	1718.783,	1718.770
227,	93,	1726.985,	1726.910
228,	93,	1733.856,	1733.868
229,	93,	1741.768,	1741.784
230,	93,	1748.359,	1748.373
231,	93,	1755.970,	1756.029
232,	93,	1762.292,	1762.415
233,	93,	1769.593,	1769.789
234,	93,	1775.624,	1775.869
235,	93,	1782.616,	1782.879
236,	93,	1788.357,	1788.630
237,	93,	1795.019,	1795.256
238,	93,	1800.460,	1800.679
239,	93,	1806.791,	1806.961
240,	93,	1811.933,	1812.060
241,	93,	1817.944,	1818.117
242,	93,	1822.775,	1823.005
243,	93,	1828.457,	1828.681
244,	93,	1832.978,	1833.223
245,	93,	1838.330,	1838.594
246,	93,	1842.551,	1842.828
247,	93,	1847.562,	1847.805
248,	93,	1851.484,	1851.690
249,	93,	1856.175,	1856.335
250,	93,	1860.156,	1860.260
251,	93,	1865.218,	1865.257
252,	93,	1869.259,	1869.224
253,	93,	1874.031,	1873.915
254,	93,	1877.802,	1877.599
255,	93,	1882.283,	1881.990
256,	93,	1885.765,	1885.379
257,	93,	1889.936,	1889.456
258,	93,	1893.128,	1892.554
259,	93,	1896.979,	1896.314
260,	93,	1899.860,	1899.107
261,	93,	1903.392,	1902.552
262,	93,	1906.473,	1905.551
263,	93,	1910.234,	1909.234
264,	93,	1913.106,	1912.030
265,	93,	1916.627,	1915.481
266,	93,	1919.199,	1917.984
267,	93,	1922.400,	1921.122
268,	93,	1924.721,	1923.382
269,	93,	1927.643,	1926.246
270,	93,	1929.654,	1928.203
271,	93,	1932.225,	1930.722
272,	93,	1933.947,	1932.395
273,	93,	1936.218,	1934.619
274,	93,	1937.590,	1935.946
275,	93,	1939.481,	1937.795
276,	93,	1940.542,	1938.815
277,	93,	1942.154,	1940.388
278,	93,	1943.595,	1941.792
279,	93,	1945.587,	1943.748
280,	93,	1946.898,	1945.025
281,	93,	1948.719,	1946.813
282,	93,	1949.881,	1947.943
283,	93,	1951.532,	1949.564
284,	93,	1952.533,	1950.535
285,	93,	1954.015,	1951.988
286,	93,	1954.846,	1952.792
287,	93,	1956.138,	1954.056
288,	93,	1956.789,	1954.682
289,	93,	1957.880,	1955.748
290,	93,	1958.352,	1956.195
291,	93,	1959.243,	1957.062
292,	93,	1959.534,	1957.330
293,	93,	1960.206,	1957.979
294,	93,	1960.297,	1958.048
295,	93,	1960.769,	1958.497
296,	93,	1960.650,	1958.357
297,	93,	1960.901,	1958.588
298,	93,	1960.583,	1958.249
196,	94,	1405.070,	1405.669
197,	94,	1416.961,	1417.527
198,	94,	1430.462,	1430.988
199,	94,	1441.874,	1442.354
200,	94,	1455.225,	1455.654
201,	94,	1466.717,	1467.087
202,	94,	1479.808,	1480.114
203,	94,	1490.899,	1491.135
204,	94,	1503.561,	1503.719
205,	94,	1514.152,	1514.228
206,	94,	1526.483,	1526.470
207,	94,	1536.755,	1536.648
208,	94,	1548.816,	1548.613
209,	94,	1558.778,	1558.475
210,	94,	1570.519,	1570.116
211,	94,	1580.090,	1579.589
212,	94,	1591.412,	1590.818
213,	94,	1600.643,	1599.971
214,	94,	1611.624,	1610.908
215,	94,	1620.536,	1619.809
216,	94,	1630.947,	1630.286
217,	94,	1639.509,	1638.948
218,	94,	1649.530,	1649.121
219,	94,	1657.631,	1657.413
220,	94,	1667.183,	1667.148
221,	94,	1674.144,	1674.240
222,	94,	1682.636,	1682.860
223,	94,	1689.467,	1689.694
224,	94,	1698.158,	1698.377
225,	94,	1705.650,	1705.839
226,	94,	1714.591,	1714.690
227,	94,	1721.822,	1721.893
228,	94,	1730.484,	1730.558
229,	94,	1737.455,	1737.477
230,	94,	1745.817,	1745.901
231,	94,	1752.508,	1752.667
232,	94,	1760.569,	1760.719
233,	94,	1766.971,	1767.124
234,	94,	1774.722,	1774.909
235,	94,	1780.823,	1781.074
236,	94,	1788.265,	1788.586
237,	94,	1794.056,	1794.283
238,	94,	1801.178,	1801.494
239,	94,	1806.659,	1806.881
240,	94,	1813.450,	1813.637
241,	94,	1818.622,	1818.677
242,	94,	1825.083,	1825.168
243,	94,	1829.934,	1829.979
244,	94,	1836.066,	1836.182
245,	94,	1840.597,	1840.722
246,	94,	1846.399,	1846.605
247,	94,	1850.610,	1850.772
248,	94,	1856.081,	1856.277
249,	94,	1859.983,	1860.126
250,	94,	1865.124,	1865.262
251,	94,	1868.726,	1868.786
252,	94,	1874.237,	1874.242
253,	94,	1878.228,	1878.159
254,	94,	1883.450,	1883.297
255,	94,	1887.171,	1886.929
256,	94,	1892.102,	1891.766
257,	94,	1895.524,	1895.090
258,	94,	1900.145,	1899.613
259,	94,	1903.267,	1902.638
260,	94,	1907.568,	1906.845
261,	94,	1910.369,	1909.555
262,	94,	1914.361,	1913.459
263,	94,	1917.332,	1916.347
264,	94,	1921.513,	1920.449
265,	94,	1924.255,	1923.115
266,	94,	1928.196,	1926.986
267,	94,	1930.628,	1929.350
268,	94,	1934.249,	1932.909
269,	94,	1936.430,	1935.030
270,	94,	1939.772,	1938.315
271,	94,	1941.613,	1940.104
272,	94,	1944.605,	1943.045
273,	94,	1946.166,	1944.558
274,	94,	1948.847,	1947.194
275,	94,	1950.049,	1948.352
276,	94,	1952.340,	1950.603
277,	94,	1953.221,	1951.445
278,	94,	1955.173,	1953.359
279,	94,	1956.244,	1954.394
280,	94,	1958.806,	1956.921
281,	94,	1960.057,	1958.140
282,	94,	1962.458,	1960.510
283,	94,	1963.560,	1961.580
284,	94,	1965.791,	1963.782
285,	94,	1966.722,	1964.685
286,	94,	1968.764,	1966.699
287,	94,	1969.525,	1967.434
288,	94,	1971.387,	1969.269
289,	94,	1971.958,	1969.816
290,	94,	1973.619,	1971.453
291,	94,	1974.001,	1971.810
292,	94,	1975.462,	1973.249
293,	94,	1975.643,	1973.407
294,	94,	1976.895,	1974.637
295,	94,	1976.876,	1974.597
296,	94,	1977.908,	1975.607
297,	94,	1977.679,	1975.358
298,	94,	1978.500,	1976.159
200,	95,	1437.313,	1437.754
201,	95,	1450.554,	1450.944
202,	95,	1462.336,	1462.669
203,	95,	1475.617,	1475.888
204,	95,	1487.008,	1487.211
205,	95,	1499.850,	1499.978
206,	95,	1510.751,	1510.800
207,	95,	1523.162,	1523.128
208,	95,	1533.804,	1533.683
209,	95,	1545.885,	1545.674
210,	95,	1556.237,	1555.936
211,	95,	1567.978,	1567.588
212,	95,	1577.929,	1577.455
213,	95,	1589.241,	1588.692
214,	95,	1598.862,	1598.255
215,	95,	1609.803,	1609.166
216,	95,	1619.005,	1618.373
217,	95,	1629.596,	1629.014
218,	95,	1638.438,	1637.945
219,	95,	1648.509,	1648.141
220,	95,	1656.890,	1656.664
221,	95,	1666.482,	1666.395
222,	95,	1673.823,	1673.859
223,	95,	1682.445,	1682.565
224,	95,	1689.666,	1689.832
225,	95,	1698.197,	1698.376
226,	95,	1706.129,	1706.282
227,	95,	1715.210,	1715.390
228,	95,	1722.881,	1722.990
229,	95,	1731.663,	1731.782
230,	95,	1739.074,	1739.226
231,	95,	1747.556,	1747.755
232,	95,	1754.677,	1754.859
233,	95,	1762.848,	1763.017
234,	95,	1769.680,	1769.876
235,	95,	1777.531,	1777.738
236,	95,	1784.072,	1784.253
237,	95,	1791.584,	1791.777
238,	95,	1797.815,	1798.094
239,	95,	1805.007,	1805.247
240,	95,	1810.928,	1811.135
241,	95,	1817.769,	1817.864
242,	95,	1823.381,	1823.392
243,	95,	1829.882,	1829.835
244,	95,	1835.174,	1835.162
245,	95,	1841.325,	1841.317
246,	95,	1846.296,	1846.328
247,	95,	1852.118,	1852.204
248,	95,	1856.769,	1856.903
249,	95,	1862.240,	1862.344
250,	95,	1866.582,	1866.659
251,	95,	1871.713,	1871.799
252,	95,	1875.745,	1875.791
253,	95,	1880.986,	1880.956
254,	95,	1885.407,	1885.303
255,	95,	1890.609,	1890.418
256,	95,	1894.760,	1894.475
257,	95,	1899.651,	1899.266
258,	95,	1903.523,	1903.035
259,	95,	1908.094,	1907.504
260,	95,	1911.656,	1910.964
261,	95,	1915.897,	1915.108
262,	95,	1919.148,	1918.266
263,	95,	1923.070,	1922.099
264,	95,	1926.451,	1925.396
265,	95,	1930.533,	1929.398
266,	95,	1933.684,	1932.475
267,	95,	1937.515,	1936.236
268,	95,	1940.357,	1939.012
269,	95,	1943.858,	1942.451
270,	95,	1946.439,	1944.975
271,	95,	1949.651,	1948.131
272,	95,	1951.902,	1950.331
273,	95,	1954.754,	1953.134
274,	95,	1956.715,	1955.049
275,	95,	1959.246,	1957.537
276,	95,	1960.848,	1959.097
277,	95,	1962.989,	1961.199
278,	95,	1964.270,	1962.443
279,	95,	1966.042,	1964.178
280,	95,	1967.203,	1965.305
281,	95,	1969.735,	1967.804
282,	95,	1971.546,	1969.584
283,	95,	1973.907,	1971.915
284,	95,	1975.559,	1973.537
285,	95,	1977.740,	1975.690
286,	95,	1979.231,	1977.154
287,	95,	1981.223,	1979.119
288,	95,	1982.524,	1980.395
289,	95,	1984.326,	1982.172
290,	95,	1985.447,	1983.269
291,	95,	1987.038,	1984.837
292,	95,	1987.970,	1985.745
293,	95,	1989.351,	1987.105
294,	95,	1990.083,	1987.814
295,	95,	1991.244,	1988.954
296,	95,	1991.775,	1989.465
297,	95,	1992.717,	1990.386
298,	95,	1993.038,	1990.688
201,	96,	1434.132,	1434.535
202,	96,	1447.643,	1447.996
203,	96,	1459.405,	1459.702
204,	96,	1472.986,	1473.223
205,	96,	1484.547,	1484.719
206,	96,	1497.689,	1497.790
207,	96,	1508.830,	1508.857
208,	96,	1521.541,	1521.490
209,	96,	1532.223,	1532.092
210,	96,	1544.684,	1544.472
211,	96,	1555.046,	1554.752
212,	96,	1567.167,	1566.796
213,	96,	1577.118,	1576.676
214,	96,	1588.810,	1588.307
215,	96,	1598.411,	1597.866
216,	96,	1609.743,	1609.177
217,	96,	1618.894,	1618.338
218,	96,	1629.765,	1629.252
219,	96,	1638.657,	1638.217
220,	96,	1649.018,	1648.677
221,	96,	1657.439,	1657.210
222,	96,	1667.321,	1667.202
223,	96,	1674.772,	1674.753
224,	96,	1683.774,	1683.830
225,	96,	1691.105,	1691.210
226,	96,	1699.966,	1700.096
227,	96,	1707.768,	1707.907
228,	96,	1717.279,	1717.410
229,	96,	1725.070,	1725.259
230,	96,	1734.282,	1734.417
231,	96,	1741.803,	1742.011
232,	96,	1750.715,	1750.901
233,	96,	1757.936,	1758.200
234,	96,	1766.537,	1766.837
235,	96,	1773.459,	1773.669
236,	96,	1781.740,	1781.924
237,	96,	1788.352,	1788.557
238,	96,	1796.303,	1796.519
239,	96,	1802.594,	1802.762
240,	96,	1810.206,	1810.407
241,	96,	1816.177,	1816.322
242,	96,	1823.458,	1823.521
243,	96,	1829.100,	1829.022
244,	96,	1836.041,	1836.034
245,	96,	1841.353,	1841.278
246,	96,	1847.954,	1847.976
247,	96,	1852.935,	1852.939
248,	96,	1859.187,	1859.250
249,	96,	1863.848,	1863.868
250,	96,	1869.759,	1869.769
251,	96,	1874.081,	1874.103
252,	96,	1879.652,	1879.661
253,	96,	1883.664,	1883.651
254,	96,	1889.155,	1889.091
255,	96,	1893.546,	1893.406
256,	96,	1899.188,	1898.958
257,	96,	1903.299,	1902.968
258,	96,	1908.630,	1908.192
259,	96,	1912.442,	1911.894
260,	96,	1917.463,	1916.807
261,	96,	1920.965,	1920.203
262,	96,	1925.646,	1924.784
263,	96,	1928.827,	1927.870
264,	96,	1933.199,	1932.151
265,	96,	1936.470,	1935.338
266,	96,	1940.962,	1939.751
267,	96,	1944.003,	1942.719
268,	96,	1948.244,	1946.891
269,	96,	1950.966,	1949.548
270,	96,	1954.877,	1953.400
271,	96,	1957.328,	1955.795
272,	96,	1960.950,	1959.364
273,	96,	1963.061,	1961.425
274,	96,	1966.313,	1964.630
275,	96,	1968.134,	1966.408
276,	96,	1971.065,	1969.297
277,	96,	1972.507,	1970.699
278,	96,	1975.058,	1973.213
279,	96,	1976.159,	1974.279
280,	96,	1978.341,	1976.426
281,	96,	1978.962,	1977.015
282,	96,	1982.044,	1980.065
283,	96,	1983.805,	1981.796
284,	96,	1986.716,	1984.679
285,	96,	1988.308,	1986.242
286,	96,	1991.039,	1988.947
287,	96,	1992.461,	1990.342
288,	96,	1995.002,	1992.858
289,	96,	1996.243,	1994.075
290,	96,	1998.585,	1996.393
291,	96,	1999.626,	1997.412
292,	96,	2001.767,	1999.531
293,	96,	2002.609,	2000.350
294,	96,	2004.540,	2002.260
295,	96,	2005.182,	2002.881
296,	96,	2006.893,	2004.572
297,	96,	2007.314,	2004.973
298,	96,	2008.806,	2006.445
205,	97,	1468.065,	1468.270
206,	97,	1479.916,	1480.059
207,	97,	1493.248,	1493.325
208,	97,	1504.679,	1504.687
209,	97,	1517.561,	1517.496
210,	97,	1528.532,	1528.394
211,	97,	1541.033,	1540.822
212,	97,	1551.755,	1551.472
213,	97,	1563.906,	1563.556
214,	97,	1574.227,	1573.818
215,	97,	1585.929,	1585.471
216,	97,	1595.900,	1595.409
217,	97,	1607.222,	1606.717
218,	97,	1616.753,	1616.260
219,	97,	1627.594,	1627.137
220,	97,	1636.756,	1636.358
221,	97,	1647.297,	1646.977
222,	97,	1655.998,	1655.766
223,	97,	1665.920,	1665.777
224,	97,	1673.751,	1673.690
225,	97,	1682.873,	1682.878
226,	97,	1690.584,	1690.638
227,	97,	1699.555,	1699.643
228,	97,	1707.397,	1707.507
229,	97,	1717.048,	1717.175
230,	97,	1725.260,	1725.403
231,	97,	1734.601,	1734.770
232,	97,	1742.532,	1742.719
233,	97,	1751.564,	1751.804
234,	97,	1759.205,	1759.475
235,	97,	1767.916,	1768.147
236,	97,	1775.258,	1775.485
237,	97,	1783.629,	1783.806
238,	97,	1790.661,	1790.779
239,	97,	1798.692,	1798.759
240,	97,	1805.403,	1805.458
241,	97,	1813.095,	1813.112
242,	97,	1819.486,	1819.427
243,	97,	1826.817,	1826.720
244,	97,	1832.889,	1832.761
245,	97,	1839.870,	1839.759
246,	97,	1845.612,	1845.584
247,	97,	1852.233,	1852.216
248,	97,	1857.644,	1857.681
249,	97,	1863.926,	1863.963
250,	97,	1868.997,	1869.015
251,	97,	1874.928,	1874.848
252,	97,	1879.680,	1879.625
253,	97,	1885.251,	1885.204
254,	97,	1889.683,	1889.647
255,	97,	1895.064,	1894.970
256,	97,	1899.885,	1899.712
257,	97,	1905.507,	1905.236
258,	97,	1910.048,	1909.667
259,	97,	1915.350,	1914.851
260,	97,	1919.591,	1918.975
261,	97,	1924.572,	1923.842
262,	97,	1928.504,	1927.663
263,	97,	1933.145,	1932.201
264,	97,	1936.756,	1935.715
265,	97,	1941.068,	1939.936
266,	97,	1944.749,	1943.533
267,	97,	1949.161,	1947.867
268,	97,	1952.592,	1951.226
269,	97,	1956.733,	1955.301
270,	97,	1959.865,	1958.370
271,	97,	1963.656,	1962.104
272,	97,	1966.517,	1964.912
273,	97,	1970.019,	1968.363
274,	97,	1972.530,	1970.827
275,	97,	1975.662,	1973.914
276,	97,	1977.873,	1976.084
277,	97,	1980.674,	1978.846
278,	97,	1982.506,	1980.640
279,	97,	1984.907,	1983.006
280,	97,	1986.419,	1984.483
281,	97,	1988.440,	1986.473
282,	97,	1989.431,	1987.433
283,	97,	1992.083,	1990.055
284,	97,	1994.374,	1992.318
285,	97,	1997.245,	1995.162
286,	97,	1999.377,	1997.267
287,	97,	2002.058,	1999.923
288,	97,	2004.010,	2001.850
289,	97,	2006.491,	2004.307
290,	97,	2008.262,	2006.055
291,	97,	2010.544,	2008.314
292,	97,	2012.125,	2009.874
293,	97,	2014.186,	2011.914
294,	97,	2015.568,	2013.274
295,	97,	2017.419,	2015.105
296,	97,	2018.591,	2016.257
297,	97,	2020.212,	2017.859
298,	97,	2021.173,	2018.801
206,	98,	1464.694,	1464.870
207,	98,	1476.725,	1476.842
208,	98,	1490.347,	1490.402
209,	98,	1501.938,	1501.929
210,	98,	1515.130,	1515.054
211,	98,	1526.291,	1526.149
212,	98,	1539.072,	1538.865
213,	98,	1549.844,	1549.573
214,	98,	1562.345,	1562.016
215,	98,	1572.686,	1572.307
216,	98,	1584.758,	1584.339
217,	98,	1594.729,	1594.284
218,	98,	1606.421,	1605.967
219,	98,	1615.942,	1615.498
220,	98,	1627.163,	1626.749
221,	98,	1636.285,	1635.918
222,	98,	1647.096,	1646.792
223,	98,	1655.847,	1655.613
224,	98,	1666.059,	1665.897
225,	98,	1674.000,	1673.906
226,	98,	1683.502,	1683.465
227,	98,	1691.303,	1691.314
228,	98,	1700.654,	1700.702
229,	98,	1708.336,	1708.411
230,	98,	1718.267,	1718.365
231,	98,	1726.599,	1726.718
232,	98,	1736.350,	1736.492
233,	98,	1744.391,	1744.554
234,	98,	1753.843,	1754.033
235,	98,	1761.574,	1761.790
236,	98,	1770.695,	1770.899
237,	98,	1778.117,	1778.282
238,	98,	1786.908,	1787.021
239,	98,	1794.010,	1794.036
240,	98,	1802.461,	1802.484
241,	98,	1809.232,	1809.136
242,	98,	1817.344,	1817.255
243,	98,	1823.785,	1823.550
244,	98,	1831.546,	1831.347
245,	98,	1837.648,	1837.352
246,	98,	1845.059,	1844.925
247,	98,	1850.821,	1850.701
248,	98,	1857.872,	1857.908
249,	98,	1863.303,	1863.315
250,	98,	1869.995,	1870.088
251,	98,	1875.086,	1875.066
252,	98,	1881.438,	1881.395
253,	98,	1886.179,	1886.028
254,	98,	1892.180,	1892.127
255,	98,	1896.602,	1896.508
256,	98,	1902.393,	1902.278
257,	98,	1907.194,	1906.994
258,	98,	1913.236,	1912.925
259,	98,	1917.747,	1917.310
260,	98,	1923.479,	1922.912
261,	98,	1927.680,	1926.986
262,	98,	1933.091,	1932.275
263,	98,	1936.973,	1936.042
264,	98,	1942.054,	1941.018
265,	98,	1945.605,	1944.471
266,	98,	1950.357,	1949.132
267,	98,	1953.938,	1952.631
268,	98,	1958.750,	1957.367
269,	98,	1962.091,	1960.638
270,	98,	1966.632,	1965.116
271,	98,	1969.644,	1968.068
272,	98,	1973.845,	1972.215
273,	98,	1976.586,	1974.905
274,	98,	1980.488,	1978.759
275,	98,	1982.869,	1981.096
276,	98,	1986.401,	1984.586
277,	98,	1988.482,	1986.628
278,	98,	1991.683,	1989.792
279,	98,	1993.375,	1991.449
280,	98,	1996.176,	1994.217
281,	98,	1997.528,	1995.537
282,	98,	1999.949,	1997.928
283,	98,	2000.860,	1998.810
284,	98,	2003.482,	2001.404
285,	98,	2005.723,	2003.619
286,	98,	2009.124,	2006.995
287,	98,	2011.196,	2009.041
288,	98,	2014.407,	2012.228
289,	98,	2016.299,	2014.097
290,	98,	2019.310,	2017.086
291,	98,	2021.011,	2018.765
292,	98,	2023.823,	2021.555
293,	98,	2025.324,	2023.036
294,	98,	2027.915,	2025.607
295,	98,	2029.207,	2026.878
296,	98,	2031.588,	2029.240
297,	98,	2032.670,	2030.303
298,	98,	2034.821,	2032.436
211,	99,	1510.409,	1510.324
212,	99,	1521.840,	1521.695
213,	99,	1534.771,	1534.567
214,	99,	1545.803,	1545.543
215,	99,	1558.364,	1558.054
216,	99,	1569.055,	1568.703
217,	99,	1581.147,	1580.761
218,	99,	1591.488,	1591.081
219,	99,	1603.190,	1602.776
220,	99,	1613.071,	1612.666
221,	99,	1624.282,	1623.901
222,	99,	1633.784,	1633.441
223,	99,	1644.565,	1644.271
224,	99,	1653.587,	1653.349
225,	99,	1663.968,	1663.789
226,	99,	1672.259,	1672.136
227,	99,	1681.891,	1681.818
228,	99,	1690.062,	1690.033
229,	99,	1699.533,	1699.540
230,	99,	1707.565,	1707.601
231,	99,	1717.196,	1717.257
232,	99,	1725.918,	1726.001
233,	99,	1735.809,	1735.913
234,	99,	1744.250,	1744.373
235,	99,	1753.812,	1753.950
236,	99,	1761.943,	1762.096
237,	99,	1771.174,	1771.314
238,	99,	1778.996,	1779.086
239,	99,	1787.877,	1787.926
240,	99,	1795.389,	1795.383
241,	99,	1803.920,	1803.828
242,	99,	1811.101,	1810.937
243,	99,	1819.273,	1818.981
244,	99,	1826.124,	1825.782
245,	99,	1833.946,	1833.548
246,	99,	1840.457,	1840.045
247,	99,	1847.908,	1847.556
248,	99,	1854.090,	1853.867
249,	99,	1861.181,	1861.068
250,	99,	1867.012,	1867.055
251,	99,	1873.744,	1873.817
252,	99,	1879.245,	1879.267
253,	99,	1885.607,	1885.540
254,	99,	1890.768,	1890.654
255,	99,	1896.779,	1896.684
256,	99,	1901.601,	1901.512
257,	99,	1907.472,	1907.378
258,	99,	1912.683,	1912.446
259,	99,	1918.715,	1918.357
260,	99,	1923.636,	1923.132
261,	99,	1929.358,	1928.709
262,	99,	1933.979,	1933.192
263,	99,	1939.370,	1938.455
264,	99,	1943.672,	1942.639
265,	99,	1948.713,	1947.573
266,	99,	1952.694,	1951.457
267,	99,	1957.396,	1956.070
268,	99,	1961.377,	1959.971
269,	99,	1966.109,	1964.630
270,	99,	1969.840,	1968.295
271,	99,	1974.301,	1972.695
272,	99,	1977.703,	1976.041
273,	99,	1981.814,	1980.101
274,	99,	1984.946,	1983.185
275,	99,	1988.737,	1986.932
276,	99,	1991.518,	1989.672
277,	99,	1994.940,	1993.055
278,	99,	1997.401,	1995.480
279,	99,	2000.482,	1998.528
280,	99,	2002.564,	2000.576
281,	99,	2005.235,	2003.217
282,	99,	2006.977,	2004.929
283,	99,	2009.268,	2007.192
284,	99,	2010.659,	2008.557
285,	99,	2012.751,	2010.623
286,	99,	2015.382,	2013.229
287,	99,	2018.733,	2016.556
288,	99,	2021.325,	2019.125
289,	99,	2024.486,	2022.264
290,	99,	2026.888,	2024.643
291,	99,	2029.849,	2027.583
292,	99,	2032.060,	2029.774
293,	99,	2034.812,	2032.506
294,	99,	2036.823,	2034.497
295,	99,	2039.354,	2037.009
296,	99,	2041.156,	2038.792
297,	99,	2043.457,	2041.075
298,	99,	2045.059,	2042.659
212,	100,	1507.218,	1507.124
213,	100,	1518.789,	1518.641
214,	100,	1531.990,	1531.790
215,	100,	1543.222,	1542.972
216,	100,	1556.053,	1555.759
217,	100,	1566.785,	1566.454
218,	100,	1579.236,	1578.877
219,	100,	1589.587,	1589.210
220,	100,	1601.649,	1601.266
221,	100,	1611.540,	1611.164
222,	100,	1623.121,	1622.764
223,	100,	1632.593,	1632.266
224,	100,	1643.754,	1643.466
225,	100,	1652.736,	1652.493
226,	100,	1663.397,	1663.202
227,	100,	1671.808,	1671.660
228,	100,	1681.790,	1681.685
229,	100,	1690.071,	1690.005
230,	100,	1699.902,	1699.869
231,	100,	1708.034,	1708.029
232,	100,	1717.705,	1717.724
233,	100,	1726.407,	1726.445
234,	100,	1736.688,	1736.744
235,	100,	1745.229,	1745.299
236,	100,	1755.191,	1755.267
237,	100,	1763.422,	1763.492
238,	100,	1773.043,	1773.109
239,	100,	1780.955,	1780.972
240,	100,	1790.236,	1790.214
241,	100,	1797.818,	1797.722
242,	100,	1806.749,	1806.578
243,	100,	1814.000,	1813.746
244,	100,	1822.582,	1822.245
245,	100,	1829.483,	1829.047
246,	100,	1837.705,	1837.197
247,	100,	1844.256,	1843.737
248,	100,	1852.117,	1851.697
249,	100,	1858.329,	1857.968
250,	100,	1865.830,	1865.662
251,	100,	1871.691,	1871.611
252,	100,	1878.823,	1878.955
253,	100,	1884.334,	1884.382
254,	100,	1891.116,	1891.061
255,	100,	1896.277,	1896.211
256,	100,	1902.698,	1902.672
257,	100,	1907.520,	1907.468
258,	100,	1913.951,	1913.871
259,	100,	1919.142,	1918.925
260,	100,	1925.594,	1925.174
261,	100,	1930.495,	1929.906
262,	100,	1936.637,	1935.887
263,	100,	1941.228,	1940.331
264,	100,	1947.029,	1946.000
265,	100,	1951.301,	1950.152
266,	100,	1956.772,	1955.516
267,	100,	1960.704,	1959.352
268,	100,	1965.835,	1964.399
269,	100,	1969.726,	1968.214
270,	100,	1974.858,	1973.276
271,	100,	1978.499,	1976.856
272,	100,	1983.350,	1981.650
273,	100,	1986.662,	1984.910
274,	100,	1991.163,	1989.364
275,	100,	1994.195,	1992.352
276,	100,	1998.386,	1996.503
277,	100,	2001.047,	1999.127
278,	100,	2004.869,	2002.913
279,	100,	2007.210,	2005.221
280,	100,	2010.691,	2008.671
281,	100,	2012.643,	2010.593
282,	100,	2015.704,	2013.626
283,	100,	2017.306,	2015.201
284,	100,	2019.987,	2017.856
285,	100,	2021.308,	2019.153
286,	100,	2023.880,	2021.700
287,	100,	2025.831,	2023.629
288,	100,	2029.692,	2027.468
289,	100,	2032.224,	2029.978
290,	100,	2035.895,	2033.628
291,	100,	2038.237,	2035.949
292,	100,	2041.708,	2039.401
293,	100,	2043.849,	2041.523
294,	100,	2047.101,	2044.756
295,	100,	2049.042,	2046.679
296,	100,	2052.084,	2049.702
297,	100,	2053.805,	2051.406
298,	100,	2056.616,	2054.200
218,	101,	1562.404,	1562.090
219,	101,	1574.905,	1574.566
220,	101,	1585.606,	1585.252
221,	101,	1597.698,	1597.338
222,	101,	1607.939,	1607.584
223,	101,	1619.530,	1619.190
224,	101,	1629.372,	1629.055
225,	101,	1640.523,	1640.237
226,	101,	1649.875,	1649.624
227,	101,	1660.506,	1660.294
228,	101,	1669.257,	1669.084
229,	101,	1679.469,	1679.332
230,	101,	1688.090,	1687.987
231,	101,	1698.041,	1697.968
232,	101,	1706.523,	1706.474
233,	101,	1716.304,	1716.277
234,	101,	1724.876,	1724.865
235,	101,	1735.287,	1735.289
236,	101,	1744.208,	1744.218
237,	101,	1754.280,	1754.291
238,	101,	1762.891,	1762.893
239,	101,	1772.623,	1772.604
240,	101,	1780.914,	1780.860
241,	101,	1790.295,	1790.192
242,	101,	1798.257,	1798.091
243,	101,	1807.278,	1807.040
244,	101,	1814.909,	1814.590
245,	101,	1823.571,	1823.142
246,	101,	1830.862,	1830.360
247,	101,	1839.144,	1838.589
248,	101,	1846.095,	1845.521
249,	101,	1854.016,	1853.428
250,	101,	1860.608,	1860.138
251,	101,	1868.159,	1867.862
252,	101,	1874.410,	1874.291
253,	101,	1881.582,	1881.523
254,	101,	1887.493,	1887.517
255,	101,	1894.295,	1894.251
256,	101,	1899.856,	1899.773
257,	101,	1906.297,	1906.235
258,	101,	1911.519,	1911.540
259,	101,	1918.180,	1918.046
260,	101,	1923.782,	1923.471
261,	101,	1930.233,	1929.726
262,	101,	1935.544,	1934.841
263,	101,	1941.676,	1940.800
264,	101,	1946.667,	1945.639
265,	101,	1952.468,	1951.306
266,	101,	1957.140,	1955.859
267,	101,	1962.591,	1961.207
268,	101,	1966.933,	1965.457
269,	101,	1972.034,	1970.478
270,	101,	1976.315,	1974.689
271,	101,	1981.377,	1979.687
272,	101,	1985.408,	1983.661
273,	101,	1990.189,	1988.391
274,	101,	1993.881,	1992.036
275,	101,	1998.302,	1996.415
276,	101,	2001.714,	1999.787
277,	101,	2005.815,	2003.852
278,	101,	2008.866,	2006.870
279,	101,	2012.588,	2010.559
280,	101,	2015.319,	2013.261
281,	101,	2018.690,	2016.604
282,	101,	2021.022,	2018.909
283,	101,	2023.973,	2021.835
284,	101,	2025.965,	2023.802
285,	101,	2028.526,	2026.340
286,	101,	2030.297,	2028.088
287,	101,	2032.809,	2030.578
288,	101,	2034.590,	2032.338
289,	101,	2038.402,	2036.129
290,	101,	2041.423,	2039.131
291,	101,	2045.044,	2042.733
292,	101,	2047.876,	2045.546
293,	101,	2051.297,	2048.949
294,	101,	2053.928,	2051.562
295,	101,	2057.130,	2054.746
296,	101,	2059.561,	2057.160
297,	101,	2062.533,	2060.115
298,	101,	2064.744,	2062.309
220,	102,	1572.234,	1571.910
221,	102,	1582.975,	1582.637
222,	102,	1595.417,	1595.073
223,	102,	1605.678,	1605.337
224,	102,	1617.629,	1617.299
225,	102,	1627.471,	1627.158
226,	102,	1638.992,	1638.704
227,	102,	1648.334,	1648.074
228,	102,	1659.335,	1659.106
229,	102,	1668.096,	1667.898
230,	102,	1678.648,	1678.480
231,	102,	1687.379,	1687.240
232,	102,	1697.671,	1697.556
233,	102,	1706.262,	1706.169
234,	102,	1716.383,	1716.307
235,	102,	1724.825,	1724.762
236,	102,	1735.296,	1735.242
237,	102,	1744.327,	1744.277
238,	102,	1754.779,	1754.724
239,	102,	1763.480,	1763.413
240,	102,	1773.592,	1773.501
241,	102,	1781.973,	1781.848
242,	102,	1791.734,	1791.563
243,	102,	1799.776,	1799.548
244,	102,	1809.177,	1808.884
245,	102,	1816.878,	1816.515
246,	102,	1825.920,	1825.493
247,	102,	1833.271,	1832.747
248,	102,	1841.943,	1841.411
249,	102,	1848.934,	1848.320
250,	102,	1857.245,	1856.754
251,	102,	1863.887,	1863.400
252,	102,	1871.828,	1871.475
253,	102,	1878.109,	1877.950
254,	102,	1885.671,	1885.723
255,	102,	1891.602,	1891.600
256,	102,	1898.804,	1898.799
257,	102,	1904.375,	1904.347
258,	102,	1911.206,	1911.186
259,	102,	1916.638,	1916.542
260,	102,	1923.799,	1923.577
261,	102,	1929.401,	1928.999
262,	102,	1936.262,	1935.602
263,	102,	1941.553,	1940.697
264,	102,	1948.095,	1947.063
265,	102,	1953.076,	1951.892
266,	102,	1959.277,	1957.962
267,	102,	1963.929,	1962.500
268,	102,	1969.790,	1968.264
269,	102,	1974.102,	1972.491
270,	102,	1979.623,	1977.939
271,	102,	1983.834,	1982.087
272,	102,	1989.286,	1987.482
273,	102,	1993.227,	1991.373
274,	102,	1998.398,	1996.499
275,	102,	2002.010,	2000.069
276,	102,	2006.821,	2004.843
277,	102,	2010.133,	2008.120
278,	102,	2014.634,	2012.590
279,	102,	2017.585,	2015.511
280,	102,	2021.687,	2019.585
281,	102,	2024.308,	2022.180
282,	102,	2028.080,	2025.926
283,	102,	2030.291,	2028.114
284,	102,	2033.642,	2031.443
285,	102,	2035.504,	2033.282
286,	102,	2038.455,	2036.213
287,	102,	2040.156,	2037.894
288,	102,	2043.128,	2040.845
289,	102,	2044.829,	2042.528
290,	102,	2048.451,	2046.131
291,	102,	2051.412,	2049.074
292,	102,	2055.523,	2053.168
293,	102,	2058.295,	2055.922
294,	102,	2062.196,	2059.806
295,	102,	2064.767,	2062.361
296,	102,	2068.449,	2066.026
297,	102,	2070.810,	2068.371
298,	102,	2074.272,	2071.817
222,	103,	1578.254,	1577.927
223,	103,	1590.736,	1590.402
224,	103,	1601.347,	1601.014
225,	103,	1613.329,	1613.002
226,	103,	1623.520,	1623.207
227,	103,	1635.051,	1634.757
228,	103,	1644.753,	1644.480
229,	103,	1655.754,	1655.506
230,	103,	1664.935,	1664.712
231,	103,	1675.507,	1675.308
232,	103,	1684.568,	1684.392
233,	103,	1695.080,	1694.924
234,	103,	1704.001,	1703.862
235,	103,	1714.242,	1714.117
236,	103,	1723.014,	1722.898
237,	103,	1733.075,	1732.965
238,	103,	1742.426,	1742.315
239,	103,	1752.988,	1752.869
240,	103,	1762.059,	1761.926
241,	103,	1772.281,	1772.123
242,	103,	1781.022,	1780.832
243,	103,	1790.883,	1790.652
244,	103,	1799.295,	1799.013
245,	103,	1808.786,	1808.450
246,	103,	1816.847,	1816.453
247,	103,	1825.969,	1825.519
248,	103,	1833.690,	1833.193
249,	103,	1842.442,	1841.914
250,	103,	1849.813,	1849.285
251,	103,	1858.174,	1857.630
252,	103,	1865.196,	1864.757
253,	103,	1873.177,	1872.863
254,	103,	1879.849,	1879.713
255,	103,	1887.450,	1887.455
256,	103,	1893.761,	1893.884
257,	103,	1900.993,	1901.042
258,	103,	1906.954,	1906.929
259,	103,	1913.815,	1913.688
260,	103,	1920.007,	1919.796
261,	103,	1927.188,	1926.785
262,	103,	1933.180,	1932.501
263,	103,	1940.041,	1939.191
264,	103,	1945.732,	1944.686
265,	103,	1952.274,	1951.056
266,	103,	1957.655,	1956.291
267,	103,	1963.856,	1962.368
268,	103,	1968.908,	1967.315
269,	103,	1974.759,	1973.079
270,	103,	1979.481,	1977.726
271,	103,	1984.972,	1983.153
272,	103,	1989.563,	1987.690
273,	103,	1994.965,	1993.043
274,	103,	1999.286,	1997.321
275,	103,	2004.398,	2002.394
276,	103,	2008.389,	2006.351
277,	103,	2013.120,	2011.050
278,	103,	2016.822,	2014.723
279,	103,	2021.243,	2019.117
280,	103,	2024.574,	2022.423
281,	103,	2028.596,	2026.420
282,	103,	2031.597,	2029.399
283,	103,	2035.269,	2033.049
284,	103,	2037.870,	2035.629
285,	103,	2041.111,	2038.851
286,	103,	2043.363,	2041.083
287,	103,	2046.204,	2043.906
288,	103,	2048.345,	2046.029
289,	103,	2051.257,	2048.923
290,	103,	2053.398,	2051.047
291,	103,	2056.280,	2053.912
292,	103,	2059.701,	2057.317
293,	103,	2063.762,	2061.362
294,	103,	2067.004,	2064.588
295,	103,	2070.855,	2068.424
296,	103,	2073.896,	2071.450
297,	103,	2077.518,	2075.056
298,	103,	2080.349,	2077.873
230,	104,	1653.853,	1653.584
231,	104,	1663.064,	1662.815
232,	104,	1674.056,	1673.825
233,	104,	1683.127,	1682.914
234,	104,	1693.969,	1693.772
235,	104,	1702.990,	1702.806
236,	104,	1713.561,	1713.387
237,	104,	1722.433,	1722.265
238,	104,	1732.834,	1732.668
239,	104,	1741.685,	1741.515
240,	104,	1752.607,	1752.427
241,	104,	1761.778,	1761.582
242,	104,	1772.360,	1772.141
243,	104,	1781.191,	1780.941
244,	104,	1791.412,	1791.126
245,	104,	1799.894,	1799.565
246,	104,	1809.755,	1809.382
247,	104,	1817.897,	1817.479
248,	104,	1827.378,	1826.920
249,	104,	1835.159,	1834.673
250,	104,	1844.281,	1843.783
251,	104,	1851.702,	1851.217
252,	104,	1860.443,	1860.017
253,	104,	1867.505,	1867.110
254,	104,	1875.876,	1875.682
255,	104,	1882.568,	1882.521
256,	104,	1890.559,	1890.732
257,	104,	1896.890,	1897.187
258,	104,	1904.512,	1904.769
259,	104,	1910.483,	1910.631
260,	104,	1918.094,	1918.021
261,	104,	1924.376,	1923.967
262,	104,	1931.947,	1931.355
263,	104,	1937.939,	1937.094
264,	104,	1945.200,	1944.123
265,	104,	1950.891,	1949.623
266,	104,	1957.833,	1956.400
267,	104,	1963.204,	1961.636
268,	104,	1969.805,	1968.127
269,	104,	1974.847,	1973.077
270,	104,	1981.098,	1979.254
271,	104,	1985.790,	1983.883
272,	104,	1991.701,	1989.742
273,	104,	1996.232,	1994.229
274,	104,	2002.014,	1999.971
275,	104,	2006.275,	2004.198
276,	104,	2011.757,	2009.648
277,	104,	2015.678,	2013.541
278,	104,	2020.799,	2018.637
279,	104,	2024.421,	2022.235
280,	104,	2029.222,	2027.014
281,	104,	2032.463,	2030.234
282,	104,	2036.875,	2034.626
283,	104,	2039.776,	2037.508
284,	104,	2043.838,	2041.551
285,	104,	2046.339,	2044.035
286,	104,	2049.970,	2047.649
287,	104,	2052.112,	2049.774
288,	104,	2055.333,	2052.979
289,	104,	2057.404,	2055.035
290,	104,	2060.756,	2058.371
291,	104,	2062.827,	2060.427
292,	104,	2066.159,	2063.744
293,	104,	2068.790,	2066.360
294,	104,	2073.321,	2070.877
295,	104,	2076.493,	2074.034
296,	104,	2080.814,	2078.342
297,	104,	2083.786,	2081.299
298,	104,	2087.887,	2085.387
232,	105,	1659.173,	1658.896
233,	105,	1670.205,	1669.942
234,	105,	1679.676,	1679.427
235,	105,	1690.538,	1690.299
236,	105,	1699.869,	1699.640
237,	105,	1710.660,	1710.438
238,	105,	1719.852,	1719.632
239,	105,	1730.363,	1730.142
240,	105,	1739.395,	1739.167
241,	105,	1749.966,	1749.727
242,	105,	1759.477,	1759.222
243,	105,	1770.159,	1769.881
244,	105,	1779.340,	1779.035
245,	105,	1789.661,	1789.325
246,	105,	1798.503,	1798.131
247,	105,	1808.444,	1808.037
248,	105,	1816.936,	1816.495
249,	105,	1826.507,	1826.040
250,	105,	1834.648,	1834.167
251,	105,	1843.840,	1843.361
252,	105,	1851.621,	1851.169
253,	105,	1860.422,	1860.027
254,	105,	1867.844,	1867.542
255,	105,	1876.265,	1876.075
256,	105,	1883.337,	1883.357
257,	105,	1891.368,	1891.604
258,	105,	1898.079,	1898.487
259,	105,	1905.731,	1906.135
260,	105,	1912.312,	1912.484
261,	105,	1920.213,	1920.089
262,	105,	1926.875,	1926.401
263,	105,	1934.476,	1933.627
264,	105,	1940.848,	1939.727
265,	105,	1948.129,	1946.801
266,	105,	1954.210,	1952.691
267,	105,	1961.162,	1959.490
268,	105,	1966.923,	1965.132
269,	105,	1973.535,	1971.651
270,	105,	1978.966,	1977.009
271,	105,	1985.217,	1983.202
272,	105,	1990.309,	1988.246
273,	105,	1996.210,	1994.108
274,	105,	2001.111,	1998.976
275,	105,	2006.843,	2004.678
276,	105,	2011.474,	2009.284
277,	105,	2016.906,	2014.692
278,	105,	2021.197,	2018.962
279,	105,	2026.268,	2024.014
280,	105,	2030.260,	2027.987
281,	105,	2034.991,	2032.701
282,	105,	2038.612,	2036.306
283,	105,	2042.954,	2040.632
284,	105,	2046.235,	2043.898
285,	105,	2050.217,	2047.864
286,	105,	2053.098,	2050.731
287,	105,	2056.639,	2054.258
288,	105,	2059.161,	2056.766
289,	105,	2062.292,	2059.883
290,	105,	2064.794,	2062.371
291,	105,	2068.075,	2065.639
292,	105,	2070.576,	2068.127
293,	105,	2073.838,	2071.376
294,	105,	2076.329,	2073.854
295,	105,	2080.650,	2078.163
296,	105,	2084.282,	2081.781
297,	105,	2088.543,	2086.030
298,	105,	2091.975,	2089.449
236,	106,	1688.767,	1688.487
237,	106,	1698.118,	1697.844
238,	106,	1709.219,	1708.948
239,	106,	1718.501,	1718.229
240,	106,	1729.332,	1729.057
241,	106,	1738.464,	1738.180
242,	106,	1749.105,	1748.810
243,	106,	1758.326,	1758.014
244,	106,	1769.348,	1769.015
245,	106,	1778.619,	1778.262
246,	106,	1789.280,	1788.895
247,	106,	1798.202,	1797.788
248,	106,	1808.503,	1808.062
249,	106,	1817.065,	1816.599
250,	106,	1826.986,	1826.504
251,	106,	1835.187,	1834.701
252,	106,	1844.739,	1844.264
253,	106,	1852.570,	1852.130
254,	106,	1861.741,	1861.363
255,	106,	1869.213,	1868.928
256,	106,	1877.994,	1877.843
257,	106,	1885.096,	1885.098
258,	106,	1893.497,	1893.715
259,	106,	1900.238,	1900.582
260,	106,	1908.460,	1908.889
261,	106,	1915.421,	1915.594
262,	106,	1923.703,	1923.444
263,	106,	1930.384,	1929.714
264,	106,	1938.365,	1937.313
265,	106,	1944.757,	1943.380
266,	106,	1952.428,	1950.818
267,	106,	1958.509,	1956.710
268,	106,	1965.851,	1963.917
269,	106,	1971.612,	1969.583
270,	106,	1978.614,	1976.515
271,	106,	1984.035,	1981.886
272,	106,	1990.686,	1988.498
273,	106,	1995.768,	1993.549
274,	106,	2002.069,	1999.825
275,	106,	2006.920,	2004.655
276,	106,	2013.032,	2010.747
277,	106,	2017.603,	2015.302
278,	106,	2023.415,	2021.098
279,	106,	2027.646,	2025.315
280,	106,	2033.087,	2030.743
281,	106,	2037.009,	2034.652
282,	106,	2042.130,	2039.760
283,	106,	2045.671,	2043.290
284,	106,	2050.393,	2047.999
285,	106,	2053.594,	2051.189
286,	106,	2057.956,	2055.538
287,	106,	2060.757,	2058.328
288,	106,	2064.688,	2062.248
289,	106,	2067.110,	2064.658
290,	106,	2070.631,	2068.168
291,	106,	2073.053,	2070.578
292,	106,	2076.764,	2074.278
293,	106,	2079.185,	2076.688
294,	106,	2082.877,	2080.368
295,	106,	2085.278,	2082.759
296,	106,	2089.309,	2086.779
297,	106,	2092.871,	2090.329
298,	106,	2097.582,	2095.029
240,	107,	1715.050,	1714.728
241,	107,	1726.081,	1725.753
242,	107,	1735.523,	1735.185
243,	107,	1746.274,	1745.924
244,	107,	1755.545,	1755.178
245,	107,	1766.287,	1765.900
246,	107,	1775.878,	1775.469
247,	107,	1786.649,	1786.216
248,	107,	1795.901,	1795.444
249,	107,	1806.282,	1805.803
250,	107,	1815.184,	1814.687
251,	107,	1825.195,	1824.688
252,	107,	1833.736,	1833.230
253,	107,	1843.358,	1842.867
254,	107,	1851.539,	1851.083
255,	107,	1860.771,	1860.372
256,	107,	1868.592,	1868.274
257,	107,	1877.443,	1877.232
258,	107,	1884.895,	1884.810
259,	107,	1893.356,	1893.423
260,	107,	1900.707,	1900.915
261,	107,	1909.319,	1909.426
262,	107,	1916.640,	1916.580
263,	107,	1924.962,	1924.505
264,	107,	1932.013,	1931.083
265,	107,	1940.024,	1938.699
266,	107,	1946.786,	1945.108
267,	107,	1954.487,	1952.533
268,	107,	1960.938,	1958.833
269,	107,	1968.310,	1966.099
270,	107,	1974.451,	1972.177
271,	107,	1981.463,	1979.149
272,	107,	1987.274,	1984.934
273,	107,	1993.935,	1991.578
274,	107,	1999.407,	1997.035
275,	107,	2005.708,	2003.326
276,	107,	2010.929,	2008.537
277,	107,	2017.001,	2014.600
278,	107,	2021.942,	2019.534
279,	107,	2027.714,	2025.297
280,	107,	2032.315,	2029.891
281,	107,	2037.706,	2035.275
282,	107,	2042.008,	2039.568
283,	107,	2047.069,	2044.622
284,	107,	2050.981,	2048.525
285,	107,	2055.642,	2053.179
286,	107,	2059.223,	2056.752
287,	107,	2063.515,	2061.034
288,	107,	2066.686,	2064.197
289,	107,	2070.547,	2068.050
290,	107,	2073.349,	2070.842
291,	107,	2076.790,	2074.274
292,	107,	2079.622,	2077.097
293,	107,	2083.263,	2080.729
294,	107,	2086.094,	2083.550
295,	107,	2089.726,	2087.172
296,	107,	2092.547,	2089.984
297,	107,	2096.148,	2093.575
298,	107,	2099.750,	2097.167
240,	108,	1703.327,	1702.961
241,	108,	1712.929,	1712.557
242,	108,	1724.270,	1723.891
243,	108,	1733.802,	1733.411
244,	108,	1744.863,	1744.459
245,	108,	1754.224,	1753.803
246,	108,	1765.096,	1764.656
247,	108,	1774.287,	1773.827
248,	108,	1785.378,	1784.896
249,	108,	1794.720,	1794.217
250,	108,	1805.441,	1804.919
251,	108,	1814.413,	1813.877
252,	108,	1824.754,	1824.211
253,	108,	1833.365,	1832.824
254,	108,	1843.327,	1842.800
255,	108,	1851.568,	1851.070
256,	108,	1861.150,	1860.696
257,	108,	1869.021,	1868.629
258,	108,	1878.212,	1877.894
259,	108,	1885.714,	1885.475
260,	108,	1894.925,	1894.736
261,	108,	1902.556,	1902.427
262,	108,	1911.528,	1911.311
263,	108,	1918.889,	1918.442
264,	108,	1927.581,	1926.769
265,	108,	1934.652,	1933.461
266,	108,	1943.043,	1941.375
267,	108,	1949.825,	1947.762
268,	108,	1957.896,	1955.608
269,	108,	1964.367,	1961.907
270,	108,	1972.109,	1969.642
271,	108,	1978.260,	1975.748
272,	108,	1985.662,	1983.143
273,	108,	1991.483,	1988.963
274,	108,	1998.534,	1996.016
275,	108,	2003.996,	2001.480
276,	108,	2010.697,	2008.184
277,	108,	2015.879,	2013.367
278,	108,	2022.320,	2019.809
279,	108,	2027.221,	2024.711
280,	108,	2033.353,	2030.841
281,	108,	2037.904,	2035.391
282,	108,	2043.675,	2041.160
283,	108,	2047.917,	2045.398
284,	108,	2053.348,	2050.826
285,	108,	2057.210,	2054.684
286,	108,	2062.241,	2059.710
287,	108,	2065.752,	2063.217
288,	108,	2070.424,	2067.882
289,	108,	2073.525,	2070.978
290,	108,	2077.766,	2075.213
291,	108,	2080.488,	2077.928
292,	108,	2084.309,	2081.742
293,	108,	2087.071,	2084.496
294,	108,	2091.122,	2088.540
295,	108,	2093.883,	2091.293
296,	108,	2097.915,	2095.317
297,	108,	2100.666,	2098.060
298,	108,	2104.677,	2102.063
246,	109,	1750.893,	1750.419
247,	109,	1761.865,	1761.372
248,	109,	1771.356,	1770.843
249,	109,	1782.118,	1781.584
250,	109,	1791.529,	1790.976
251,	109,	1802.340,	1801.770
252,	109,	1811.632,	1811.048
253,	109,	1822.063,	1821.472
254,	109,	1830.994,	1830.403
255,	109,	1841.036,	1840.453
256,	109,	1849.607,	1849.043
257,	109,	1859.259,	1858.723
258,	109,	1867.470,	1866.971
259,	109,	1876.971,	1876.511
260,	109,	1885.203,	1884.773
261,	109,	1894.514,	1894.089
262,	109,	1902.485,	1902.014
263,	109,	1911.517,	1910.919
264,	109,	1919.228,	1918.409
265,	109,	1927.960,	1926.803
266,	109,	1935.391,	1933.796
267,	109,	1943.822,	1941.774
268,	109,	1950.964,	1948.570
269,	109,	1959.075,	1956.451
270,	109,	1965.917,	1963.136
271,	109,	1973.688,	1970.901
272,	109,	1980.219,	1977.495
273,	109,	1987.641,	1984.938
274,	109,	1993.842,	1991.161
275,	109,	2000.903,	1998.242
276,	109,	2006.755,	2004.109
277,	109,	2013.466,	2010.834
278,	109,	2019.008,	2016.386
279,	109,	2025.419,	2022.806
280,	109,	2030.680,	2028.075
281,	109,	2036.792,	2034.191
282,	109,	2041.703,	2039.106
283,	109,	2047.434,	2044.840
284,	109,	2052.046,	2049.453
285,	109,	2057.437,	2054.844
286,	109,	2061.659,	2059.065
287,	109,	2066.650,	2064.055
288,	109,	2070.531,	2067.934
289,	109,	2075.153,	2072.553
290,	109,	2078.624,	2076.021
291,	109,	2082.805,	2080.198
292,	109,	2085.907,	2083.295
293,	109,	2089.668,	2087.051
294,	109,	2092.810,	2090.187
295,	109,	2096.801,	2094.173
296,	109,	2099.952,	2097.318
297,	109,	2103.934,	2101.293
298,	109,	2107.075,	2104.427
247,	110,	1748.762,	1748.235
248,	110,	1760.034,	1759.487
249,	110,	1769.605,	1769.038
250,	110,	1780.677,	1780.090
251,	110,	1790.068,	1789.462
252,	110,	1800.929,	1800.306
253,	110,	1810.111,	1809.473
254,	110,	1820.752,	1820.104
255,	110,	1829.733,	1829.080
256,	110,	1840.145,	1839.492
257,	110,	1848.896,	1848.249
258,	110,	1859.068,	1858.430
259,	110,	1867.589,	1866.962
260,	110,	1877.510,	1876.889
261,	110,	1885.792,	1885.159
262,	110,	1895.443,	1894.769
263,	110,	1903.464,	1902.700
264,	110,	1912.846,	1911.925
265,	110,	1920.597,	1919.425
266,	110,	1929.689,	1928.224
267,	110,	1937.150,	1935.273
268,	110,	1945.941,	1943.706
269,	110,	1953.123,	1950.446
270,	110,	1961.594,	1958.683
271,	110,	1968.456,	1965.553
272,	110,	1976.607,	1973.693
273,	110,	1983.148,	1980.253
274,	110,	1990.960,	1988.110
275,	110,	1997.161,	1994.347
276,	110,	2004.612,	2001.829
277,	110,	2010.474,	2007.715
278,	110,	2017.575,	2014.838
279,	110,	2023.087,	2020.367
280,	110,	2029.858,	2027.153
281,	110,	2035.089,	2032.397
282,	110,	2041.561,	2038.879
283,	110,	2046.432,	2043.758
284,	110,	2052.533,	2049.866
285,	110,	2057.095,	2054.432
286,	110,	2062.856,	2060.197
287,	110,	2067.038,	2064.381
288,	110,	2072.399,	2069.743
289,	110,	2076.230,	2073.575
290,	110,	2081.222,	2078.566
291,	110,	2084.633,	2081.976
292,	110,	2089.195,	2086.535
293,	110,	2092.226,	2089.564
294,	110,	2096.367,	2093.702
295,	110,	2099.449,	2096.780
296,	110,	2103.830,	2101.157
297,	110,	2106.901,	2104.224
298,	110,	2111.273,	2108.590
250,	111,	1765.844,	1765.222
251,	111,	1777.016,	1776.373
252,	111,	1786.707,	1786.044
253,	111,	1797.658,	1796.976
254,	111,	1807.150,	1806.451
255,	111,	1817.881,	1817.167
256,	111,	1827.172,	1826.447
257,	111,	1837.664,	1836.929
258,	111,	1846.735,	1845.993
259,	111,	1856.977,	1856.226
260,	111,	1865.828,	1865.065
261,	111,	1875.819,	1875.033
262,	111,	1884.431,	1883.601
263,	111,	1894.142,	1893.238
264,	111,	1902.504,	1901.481
265,	111,	1911.945,	1910.748
266,	111,	1920.036,	1918.602
267,	111,	1929.178,	1927.443
268,	111,	1936.999,	1934.891
269,	111,	1945.840,	1943.318
270,	111,	1953.362,	1950.571
271,	111,	1961.883,	1958.923
272,	111,	1969.115,	1966.017
273,	111,	1977.296,	1974.218
274,	111,	1984.207,	1981.212
275,	111,	1992.049,	1989.095
276,	111,	1998.620,	1995.705
277,	111,	2006.101,	2003.220
278,	111,	2012.333,	2009.481
279,	111,	2019.464,	2016.638
280,	111,	2025.316,	2022.511
281,	111,	2032.087,	2029.301
282,	111,	2037.668,	2034.899
283,	111,	2044.120,	2041.364
284,	111,	2049.351,	2046.607
285,	111,	2055.433,	2052.697
286,	111,	2060.354,	2057.626
287,	111,	2066.085,	2063.364
288,	111,	2070.627,	2067.910
289,	111,	2075.958,	2073.245
290,	111,	2080.149,	2077.439
291,	111,	2085.111,	2082.402
292,	111,	2088.892,	2086.184
293,	111,	2093.414,	2090.705
294,	111,	2096.815,	2094.105
295,	111,	2100.906,	2098.195
296,	111,	2104.358,	2101.644
297,	111,	2108.679,	2105.963
298,	111,	2112.130,	2109.411
252,	112,	1774.755,	1774.054
253,	112,	1784.516,	1783.793
254,	112,	1795.777,	1795.033
255,	112,	1805.349,	1804.584
256,	112,	1816.380,	1815.595
257,	112,	1825.742,	1824.937
258,	112,	1836.553,	1835.729
259,	112,	1845.694,	1844.850
260,	112,	1856.266,	1855.397
261,	112,	1865.167,	1864.266
262,	112,	1875.488,	1874.542
263,	112,	1884.150,	1883.137
264,	112,	1894.201,	1893.092
265,	112,	1902.613,	1901.370
266,	112,	1912.394,	1910.973
267,	112,	1920.535,	1918.888
268,	112,	1930.027,	1928.108
269,	112,	1937.888,	1935.680
270,	112,	1947.079,	1944.544
271,	112,	1954.641,	1951.808
272,	112,	1963.522,	1960.543
273,	112,	1970.774,	1967.689
274,	112,	1979.325,	1976.281
275,	112,	1986.266,	1983.219
276,	112,	1994.468,	1991.450
277,	112,	2001.079,	1998.094
278,	112,	2008.930,	2005.976
279,	112,	2015.182,	2012.257
280,	112,	2022.683,	2019.785
281,	112,	2028.525,	2025.649
282,	112,	2035.646,	2032.791
283,	112,	2041.207,	2038.371
284,	112,	2048.019,	2045.198
285,	112,	2053.220,	2050.413
286,	112,	2059.662,	2056.865
287,	112,	2064.553,	2061.767
288,	112,	2070.654,	2067.876
289,	112,	2075.156,	2072.384
290,	112,	2080.857,	2078.091
291,	112,	2085.008,	2082.247
292,	112,	2090.340,	2087.581
293,	112,	2094.081,	2091.325
294,	112,	2098.973,	2096.217
295,	112,	2102.324,	2099.569
296,	112,	2106.805,	2104.050
297,	112,	2110.177,	2107.421
298,	112,	2114.868,	2112.111
254,	113,	1780.335,	1779.550
255,	113,	1791.676,	1790.867
256,	113,	1801.518,	1800.683
257,	113,	1812.629,	1811.769
258,	113,	1822.281,	1821.394
259,	113,	1833.152,	1832.237
260,	113,	1842.593,	1841.646
261,	113,	1853.225,	1852.239
262,	113,	1862.426,	1861.393
263,	113,	1872.807,	1871.712
264,	113,	1881.779,	1880.601
265,	113,	1891.880,	1890.594
266,	113,	1900.602,	1899.175
267,	113,	1910.433,	1908.832
268,	113,	1918.894,	1917.084
269,	113,	1928.426,	1926.375
270,	113,	1936.607,	1934.300
271,	113,	1945.838,	1943.280
272,	113,	1953.740,	1950.959
273,	113,	1962.651,	1959.713
274,	113,	1970.243,	1967.219
275,	113,	1978.824,	1975.763
276,	113,	1986.105,	1983.040
277,	113,	1994.337,	1991.286
278,	113,	2001.288,	1998.259
279,	113,	2009.170,	2006.165
280,	113,	2015.771,	2012.791
281,	113,	2023.292,	2020.337
282,	113,	2029.554,	2026.621
283,	113,	2036.755,	2033.842
284,	113,	2042.736,	2039.842
285,	113,	2049.618,	2046.740
286,	113,	2055.249,	2052.386
287,	113,	2061.761,	2058.910
288,	113,	2067.082,	2064.243
289,	113,	2073.243,	2070.413
290,	113,	2078.185,	2075.363
291,	113,	2083.946,	2081.131
292,	113,	2088.537,	2085.728
293,	113,	2093.919,	2091.114
294,	113,	2098.100,	2095.299
295,	113,	2103.042,	2100.243
296,	113,	2106.843,	2104.046
297,	113,	2111.364,	2108.568
298,	113,	2115.066,	2112.269
256,	114,	1788.995,	1788.119
257,	114,	1798.907,	1798.001
258,	114,	1810.298,	1809.361
259,	114,	1820.010,	1819.039
260,	114,	1831.171,	1830.164
261,	114,	1840.652,	1839.603
262,	114,	1851.584,	1850.485
263,	114,	1860.845,	1859.687
264,	114,	1871.516,	1870.284
265,	114,	1880.538,	1879.214
266,	114,	1890.949,	1889.511
267,	114,	1899.711,	1898.133
268,	114,	1909.852,	1908.108
269,	114,	1918.353,	1916.419
270,	114,	1928.205,	1926.060
271,	114,	1936.426,	1934.064
272,	114,	1945.988,	1943.416
273,	114,	1953.909,	1951.153
274,	114,	1963.150,	1960.254
275,	114,	1970.772,	1967.783
276,	114,	1979.693,	1976.653
277,	114,	1986.994,	1983.933
278,	114,	1995.576,	1992.513
279,	114,	2002.547,	1999.494
280,	114,	2010.769,	2007.731
281,	114,	2017.390,	2014.372
282,	114,	2025.271,	2022.273
283,	114,	2031.603,	2028.624
284,	114,	2039.224,	2036.264
285,	114,	2045.275,	2042.333
286,	114,	2052.587,	2049.661
287,	114,	2058.278,	2055.367
288,	114,	2065.220,	2062.321
289,	114,	2070.601,	2067.714
290,	114,	2077.202,	2074.326
291,	114,	2082.194,	2079.326
292,	114,	2088.395,	2085.535
293,	114,	2093.046,	2090.193
294,	114,	2098.868,	2096.020
295,	114,	2103.099,	2100.256
296,	114,	2108.491,	2105.651
297,	114,	2112.332,	2109.495
298,	114,	2117.313,	2114.478
258,	115,	1794.306,	1793.328
259,	115,	1805.777,	1804.763
260,	115,	1815.749,	1814.695
261,	115,	1826.990,	1825.892
262,	115,	1836.761,	1835.614
263,	115,	1847.753,	1846.548
264,	115,	1857.294,	1856.021
265,	115,	1868.036,	1866.681
266,	115,	1877.347,	1875.896
267,	115,	1887.818,	1886.251
268,	115,	1896.890,	1895.187
269,	115,	1907.081,	1905.223
270,	115,	1915.892,	1913.862
271,	115,	1925.794,	1923.579
272,	115,	1934.325,	1931.924
273,	115,	1943.937,	1941.357
274,	115,	1952.178,	1949.441
275,	115,	1961.469,	1958.606
276,	115,	1969.421,	1966.466
277,	115,	1978.372,	1975.357
278,	115,	1986.013,	1982.965
279,	115,	1994.625,	1991.563
280,	115,	2001.936,	1998.873
281,	115,	2010.198,	2007.142
282,	115,	2017.159,	2014.115
283,	115,	2025.070,	2022.041
284,	115,	2031.822,	2028.809
285,	115,	2039.523,	2036.526
286,	115,	2045.994,	2043.013
287,	115,	2053.386,	2050.419
288,	115,	2059.507,	2056.555
289,	115,	2066.519,	2063.579
290,	115,	2072.330,	2069.402
291,	115,	2079.011,	2076.093
292,	115,	2084.433,	2081.524
293,	115,	2090.704,	2087.804
294,	115,	2095.786,	2092.892
295,	115,	2101.687,	2098.799
296,	115,	2106.358,	2103.476
297,	115,	2111.810,	2108.931
298,	115,	2116.101,	2113.226
266,	116,	1865.935,	1864.472
267,	116,	1875.296,	1873.734
268,	116,	1886.067,	1884.392
269,	116,	1895.179,	1893.374
270,	116,	1905.680,	1903.731
271,	116,	1914.531,	1912.426
272,	116,	1924.753,	1922.485
273,	116,	1933.324,	1930.894
274,	116,	1943.246,	1940.660
275,	116,	1951.527,	1948.804
276,	116,	1961.138,	1958.301
277,	116,	1969.120,	1966.194
278,	116,	1978.411,	1975.422
279,	116,	1986.082,	1983.052
280,	116,	1995.034,	1991.980
281,	116,	2002.365,	1999.302
282,	116,	2010.977,	2007.912
283,	116,	2017.958,	2014.899
284,	116,	2026.219,	2023.169
285,	116,	2033.051,	2030.012
286,	116,	2041.172,	2038.146
287,	116,	2047.714,	2044.701
288,	116,	2055.535,	2052.535
289,	116,	2061.726,	2058.739
290,	116,	2069.178,	2066.202
291,	116,	2075.059,	2072.094
292,	116,	2082.170,	2079.216
293,	116,	2087.662,	2084.716
294,	116,	2094.373,	2091.436
295,	116,	2099.515,	2096.585
296,	116,	2105.856,	2102.932
297,	116,	2110.587,	2107.669
298,	116,	2116.489,	2113.575
272,	117,	1911.170,	1909.006
273,	117,	1921.452,	1919.142
274,	117,	1930.333,	1927.880
275,	117,	1940.305,	1937.715
276,	117,	1948.906,	1946.194
277,	117,	1958.567,	1955.750
278,	117,	1966.869,	1963.967
279,	117,	1976.210,	1973.245
280,	117,	1984.192,	1981.180
281,	117,	1993.193,	1990.152
282,	117,	2000.864,	1997.806
283,	117,	2009.506,	2006.439
284,	117,	2016.837,	2013.770
285,	117,	2025.138,	2022.075
286,	117,	2032.370,	2029.313
287,	117,	2040.591,	2037.544
288,	117,	2047.553,	2044.515
289,	117,	2055.464,	2052.437
290,	117,	2062.075,	2059.059
291,	117,	2069.617,	2066.611
292,	117,	2075.918,	2072.922
293,	117,	2083.119,	2080.133
294,	117,	2089.041,	2086.063
295,	117,	2095.832,	2092.862
296,	117,	2101.424,	2098.461
297,	117,	2107.835,	2104.878
298,	117,	2113.006,	2110.055
268,	118,	1858.593,	1856.949
269,	118,	1868.294,	1866.554
270,	118,	1879.415,	1877.569
271,	118,	1888.867,	1886.905
272,	118,	1899.728,	1897.643
273,	118,	1908.919,	1906.706
274,	118,	1919.501,	1917.157
275,	118,	1928.422,	1925.950
276,	118,	1938.714,	1936.120
277,	118,	1947.355,	1944.651
278,	118,	1957.336,	1954.536
279,	118,	1965.678,	1962.797
280,	118,	1975.339,	1972.395
281,	118,	1983.361,	1980.368
282,	118,	1992.692,	1989.665
283,	118,	2000.393,	1997.344
284,	118,	2009.385,	2006.321
285,	118,	2016.746,	2013.676
286,	118,	2025.387,	2022.316
287,	118,	2032.709,	2029.640
288,	118,	2041.340,	2038.277
289,	118,	2048.392,	2045.335
290,	118,	2056.723,	2053.675
291,	118,	2063.424,	2060.385
292,	118,	2071.386,	2068.355
293,	118,	2077.777,	2074.755
294,	118,	2085.408,	2082.394
295,	118,	2091.410,	2088.404
296,	118,	2098.641,	2095.642
297,	118,	2104.303,	2101.310
298,	118,	2111.164,	2108.178
275,	119,	1915.360,	1912.988
276,	119,	1924.571,	1922.084
277,	119,	1934.923,	1932.326
278,	119,	1943.864,	1941.166
279,	119,	1953.905,	1951.119
280,	119,	1962.557,	1959.694
281,	119,	1972.278,	1969.353
282,	119,	1980.620,	1977.645
283,	119,	1990.011,	1986.999
284,	119,	1998.032,	1994.993
285,	119,	2007.074,	2004.017
286,	119,	2014.765,	2011.697
287,	119,	2023.456,	2020.382
288,	119,	2031.188,	2028.112
289,	119,	2039.929,	2036.855
290,	119,	2047.381,	2044.310
291,	119,	2055.822,	2052.757
292,	119,	2062.933,	2059.875
293,	119,	2071.005,	2067.953
294,	119,	2077.816,	2074.771
295,	119,	2085.538,	2082.500
296,	119,	2091.979,	2088.948
297,	119,	2099.300,	2096.276
298,	119,	2105.392,	2102.373
270,	120,	1849.561,	1847.777
271,	120,	1859.592,	1857.717
272,	120,	1871.063,	1869.092
273,	120,	1880.865,	1878.792
274,	120,	1892.066,	1889.887
275,	120,	1901.608,	1899.321
276,	120,	1912.539,	1910.144
277,	120,	1921.820,	1919.320
278,	120,	1932.462,	1929.861
279,	120,	1941.453,	1938.760
280,	120,	1951.804,	1949.029
281,	120,	1960.506,	1957.658
282,	120,	1970.537,	1967.628
283,	120,	1978.929,	1975.970
284,	120,	1988.640,	1985.642
285,	120,	1996.711,	1993.684
286,	120,	2006.073,	2003.023
287,	120,	2013.814,	2010.750
288,	120,	2022.845,	2019.772
289,	120,	2030.677,	2027.598
290,	120,	2039.828,	2036.747
291,	120,	2047.380,	2044.299
292,	120,	2056.231,	2053.153
293,	120,	2063.452,	2060.379
294,	120,	2071.934,	2068.865
295,	120,	2078.835,	2075.772
296,	120,	2086.997,	2083.939
297,	120,	2093.518,	2090.466
298,	120,	2101.279,	2098.232
280,	121,	1937.042,	1934.353
281,	121,	1947.453,	1944.687
282,	121,	1956.455,	1953.620
283,	121,	1966.556,	1963.662
284,	121,	1975.258,	1972.314
285,	121,	1985.029,	1982.045
286,	121,	1993.420,	1990.404
287,	121,	2002.842,	1999.801
288,	121,	2010.903,	2007.844
289,	121,	2019.995,	2016.923
290,	121,	2028.226,	2025.146
291,	121,	2037.487,	2034.402
292,	121,	2045.459,	2042.372
293,	121,	2054.420,	2051.333
294,	121,	2062.051,	2058.966
295,	121,	2070.653,	2067.570
296,	121,	2077.974,	2074.895
297,	121,	2086.246,	2083.171
298,	121,	2093.197,	2090.126
276,	122,	1882.554,	1880.307
277,	122,	1892.436,	1890.095
278,	122,	1903.727,	1901.295
279,	122,	1913.348,	1910.827
280,	122,	1924.350,	1921.743
281,	122,	1933.701,	1931.015
282,	122,	1944.413,	1941.653
283,	122,	1953.474,	1950.649
284,	122,	1963.875,	1960.994
285,	122,	1972.637,	1969.706
286,	122,	1982.718,	1979.747
287,	122,	1991.169,	1988.165
288,	122,	2000.911,	1997.879
289,	122,	2009.032,	2005.980
290,	122,	2018.444,	2015.376
291,	122,	2026.795,	2023.716
292,	122,	2036.466,	2033.380
293,	122,	2044.538,	2041.446
294,	122,	2053.919,	2050.825
295,	122,	2061.650,	2058.556
296,	122,	2070.672,	2067.578
297,	122,	2078.103,	2075.012
298,	122,	2086.795,	2083.705
297,	123,	2068.521,	2065.419
298,	123,	2076.362,	2073.260
