# FRDM2012: Z A Mth(MeV) beta2; primary paper table, 0.01 MeV / 0.001 precision
8 16 -5.15 -0.010
8 17 -1.49 0.061
8 18 -2.81 0.010
8 19 2.15 -0.010
8 20 2.19 0.010
8 21 8.09 0.096
8 22 9.92 0.000
8 23 17.22 0.000
8 24 21.48 0.001
8 25 30.61 0.043
8 26 36.19 0.000
8 27 46.17 -0.021
8 28 52.92 0.000
8 29 63.89 0.087
8 30 70.76 0.114
8 31 81.50 0.205
8 32 89.61 0.216
8 33 103.64 0.238
8 34 112.72 0.187
8 35 122.67 -0.284
8 36 131.49 -0.322
8 37 146.28 -0.276
8 38 156.84 -0.208
8 39 169.71 -0.209
8 40 178.38 -0.158
8 41 191.48 -0.159
8 42 204.34 -0.179
9 17 0.95 0.061
9 18 1.51 0.180
9 19 -2.19 0.262
9 20 0.20 0.283
9 21 -0.49 0.270
9 22 2.93 0.226
9 23 3.90 0.117
9 24 9.07 0.095
9 25 12.89 0.119
9 26 20.01 0.118
9 27 25.24 0.118
9 28 33.06 0.085
9 29 39.21 -0.031
9 30 47.97 0.111
9 31 54.49 0.205
9 32 64.72 0.229
9 33 72.31 0.249
9 34 83.42 0.281
9 35 92.52 0.259
9 36 103.11 0.292
9 37 109.79 -0.302
9 38 122.80 -0.275
9 39 133.69 -0.206
9 40 143.98 -0.210
9 41 154.19 -0.210
9 42 167.49 -0.179
9 43 178.80 -0.179
9 44 190.67 -0.210
9 45 199.98 0.320
9 46 213.65 0.263
10 18 3.10 -0.008
10 19 0.87 0.269
10 20 -7.21 0.364
10 21 -5.29 0.372
10 22 -8.23 0.384
10 23 -4.87 0.316
10 24 -6.72 -0.063
10 25 -1.66 0.053
10 26 -0.22 0.121
10 27 6.72 0.119
10 28 9.62 -0.021
10 29 17.53 -0.031
10 30 21.87 0.000
10 31 30.06 0.111
10 32 35.19 0.259
10 33 44.62 0.304
10 34 50.79 0.315
10 35 61.23 0.303
10 36 68.77 0.316
10 37 78.30 0.403
10 38 85.12 -0.302
10 39 98.65 -0.276
10 40 107.09 0.250
10 41 118.47 -0.178
10 42 127.62 -0.179
10 43 139.35 -0.292
10 44 150.76 0.231
10 45 159.92 0.320
10 46 170.53 0.318
10 47 185.19 0.352
10 48 195.80 0.351
10 49 208.79 0.348
10 50 219.96 0.332
10 51 232.78 0.347
11 19 11.47 -0.005
11 20 6.62 0.317
11 21 -2.06 0.372
11 22 -3.97 0.384
11 23 -8.82 0.386
11 24 -7.31 0.353
11 25 -8.76 0.283
11 26 -5.84 0.263
11 27 -4.97 0.278
11 28 -0.56 0.230
11 29 1.68 -0.063
11 30 7.69 -0.042
11 31 11.75 0.000
11 32 18.44 0.121
11 33 23.49 0.249
11 34 30.90 0.293
11 35 36.80 0.314
11 36 45.62 0.315
11 37 52.54 0.329
11 38 60.74 0.401
11 39 68.14 0.403
11 40 78.76 0.312
11 41 87.68 0.240
11 42 98.46 0.240
11 43 107.62 0.239
11 44 118.93 0.240
11 45 128.85 0.241
11 46 138.46 0.347
11 47 148.73 0.346
11 48 161.06 0.339
11 49 171.17 0.359
11 50 184.76 0.375
11 51 195.94 0.374
11 52 208.38 0.361
11 53 218.25 0.336
11 54 231.42 0.359
11 55 243.01 0.359
12 20 15.56 0.122
12 21 9.92 0.316
12 22 -0.96 0.384
12 23 -4.97 0.388
12 24 -13.06 0.393
12 25 -12.23 0.346
12 26 -16.22 -0.351
12 27 -13.00 0.275
12 28 -14.09 0.277
12 29 -10.16 0.230
12 30 -9.42 0.119
12 31 -4.14 -0.052
12 32 -1.89 0.000
12 33 4.72 0.120
12 34 8.11 0.218
12 35 15.23 0.270
12 36 19.56 0.304
12 37 27.89 0.306
12 38 33.03 0.321
12 39 41.14 0.401
12 40 46.34 -0.312
12 41 57.56 -0.276
12 42 64.72 0.241
12 43 75.52 0.242
12 44 83.58 0.242
12 45 94.80 0.241
12 46 103.00 0.255
12 47 114.36 0.244
12 48 123.58 0.365
12 49 135.39 0.389
12 50 144.90 0.389
12 51 156.72 0.389
12 52 166.34 0.389
12 53 179.49 0.376
12 54 190.34 0.375
12 55 201.40 0.391
12 56 211.82 0.392
12 57 224.71 0.392
12 58 235.50 0.392
12 59 248.97 0.366
13 21 25.55 0.117
13 22 17.50 0.226
13 23 6.57 0.305
13 24 0.37 0.331
13 25 -8.10 0.346
13 26 -11.01 0.274
13 27 -15.81 -0.392
13 28 -15.64 0.218
13 29 -16.99 0.230
13 30 -14.12 0.151
13 31 -15.03 -0.124
13 32 -10.85 0.054
13 33 -9.24 0.032
13 34 -3.98 0.097
13 35 -1.11 0.117
13 36 4.86 0.236
13 37 8.77 0.259
13 38 15.50 0.272
13 39 20.28 0.263
13 40 26.42 -0.312
13 41 31.57 -0.313
13 42 41.48 -0.271
13 43 48.59 -0.271
13 44 57.81 -0.274
13 45 65.92 -0.274
13 46 75.47 -0.308
13 47 83.56 -0.369
13 48 93.88 -0.388
13 49 103.29 -0.386
13 50 114.77 0.463
13 51 123.87 0.464
13 52 134.92 0.390
13 53 144.42 0.390
13 54 155.72 0.366
13 55 166.50 0.378
13 56 178.15 0.393
13 57 186.76 0.397
13 58 199.79 0.236
13 59 210.47 0.236
13 60 222.79 0.294
13 61 233.13 0.332
13 62 245.37 0.312
13 63 256.85 0.318
14 22 32.68 0.001
14 23 22.93 -0.232
14 24 9.43 -0.292
14 25 2.95 -0.350
14 26 -7.21 -0.370
14 27 -11.53 -0.363
14 28 -19.68 -0.363
14 29 -19.01 -0.349
14 30 -22.90 -0.236
14 31 -21.29 -0.218
14 32 -22.95 -0.124
14 33 -19.67 -0.041
14 34 -19.63 0.000
14 35 -14.91 -0.052
14 36 -13.54 0.011
14 37 -7.24 0.193
14 38 -5.19 0.226
14 39 1.23 0.250
14 40 4.85 0.252
14 41 10.55 -0.302
14 42 14.05 -0.313
14 43 23.50 -0.275
14 44 29.22 -0.277
14 45 38.57 -0.273
14 46 45.17 -0.275
14 47 54.82 -0.297
14 48 61.77 -0.368
14 49 72.16 -0.387
14 50 80.10 -0.445
14 51 90.62 -0.475
14 52 99.67 0.465
14 53 110.60 0.465
14 54 119.03 0.391
14 55 130.49 0.391
14 56 139.82 0.393
14 57 151.43 0.395
14 58 160.54 0.371
14 59 171.58 0.399
14 60 181.88 0.237
14 61 193.58 0.285
14 62 203.19 0.301
14 63 215.29 0.304
14 64 222.95 -0.256
14 65 239.85 0.306
14 66 250.97 0.339
14 67 264.19 0.339
14 68 275.67 0.351
15 23 44.28 -0.020
15 24 33.41 0.108
15 25 18.97 0.117
15 26 11.27 0.314
15 27 0.23 0.317
15 28 -6.56 0.218
15 29 -14.49 -0.331
15 30 -18.25 -0.125
15 31 -23.06 -0.218
15 32 -22.26 -0.198
15 33 -24.66 -0.124
15 34 -23.04 -0.063
15 35 -23.52 0.000
15 36 -20.27 -0.063
15 37 -19.05 0.118
15 38 -14.70 0.194
15 39 -12.85 0.227
15 40 -8.00 0.229
15 41 -5.11 0.241
15 42 0.93 0.173
15 43 4.51 -0.271
15 44 11.24 -0.273
15 45 16.74 -0.235
15 46 24.56 -0.276
15 47 30.82 -0.277
15 48 39.36 -0.278
15 49 46.21 -0.299
15 50 55.39 -0.368
15 51 63.08 -0.368
15 52 72.70 -0.368
15 53 80.94 -0.213
15 54 91.20 0.379
15 55 99.53 0.379
15 56 110.05 0.380
15 57 119.47 0.344
15 58 130.16 0.239
15 59 139.52 0.238
15 60 150.25 0.238
15 61 159.72 0.238
15 62 169.57 0.241
15 63 181.03 0.242
15 64 192.18 0.245
15 65 201.91 0.295
15 66 213.94 0.294
15 67 224.92 0.304
15 68 237.43 0.316
15 69 248.91 0.339
15 70 261.51 0.304
15 71 273.23 0.304
15 72 283.57 -0.052
15 73 294.42 0.078
16 24 53.93 0.002
16 25 42.36 0.114
16 26 25.72 0.126
16 27 17.20 0.321
16 28 4.27 0.321
16 29 -2.60 0.231
16 30 -13.16 -0.256
16 31 -17.32 0.208
16 32 -25.07 0.221
16 33 -25.22 -0.209
16 34 -28.93 -0.235
16 35 -27.98 -0.093
16 36 -30.13 0.000
16 37 -27.25 -0.063
16 38 -27.60 0.118
16 39 -23.60 0.195
16 40 -23.28 0.229
16 41 -18.80 0.252
16 42 -17.49 0.230
16 43 -12.08 0.196
16 44 -9.42 -0.247
16 45 -2.77 -0.206
16 46 1.07 -0.207
16 47 8.76 -0.238
16 48 13.71 -0.280
16 49 21.75 -0.280
16 50 27.62 -0.290
16 51 36.78 -0.280
16 52 43.15 -0.280
16 53 52.99 -0.213
16 54 59.67 -0.213
16 55 69.67 -0.223
16 56 77.16 -0.223
16 57 87.94 0.367
16 58 95.74 0.368
16 59 106.68 0.285
16 60 114.95 0.239
16 61 125.76 0.239
16 62 134.19 0.240
16 63 145.24 0.241
16 64 154.22 0.241
16 65 165.26 0.243
16 66 174.87 0.244
16 67 186.32 0.259
16 68 196.20 0.261
16 69 208.67 0.260
16 70 218.72 -0.196
16 71 230.66 -0.197
16 72 241.31 -0.197
16 73 254.14 -0.197
16 74 266.32 -0.316
16 75 278.64 -0.257
16 76 290.06 -0.269
17 25 67.84 -0.045
17 26 54.94 0.119
17 27 37.82 0.126
17 28 26.88 0.120
17 29 13.64 -0.240
17 30 4.87 -0.240
17 31 -6.05 -0.249
17 32 -12.07 -0.219
17 33 -19.91 -0.235
17 34 -22.81 -0.234
17 35 -27.97 -0.234
17 36 -28.47 -0.114
17 37 -31.11 0.011
17 38 -29.85 -0.073
17 39 -30.71 0.075
17 40 -27.78 0.150
17 41 -28.30 0.195
17 42 -25.08 0.207
17 43 -23.97 0.185
17 44 -19.73 -0.175
17 45 -17.86 -0.155
17 46 -12.56 -0.176
17 47 -8.73 -0.206
17 48 -2.33 -0.239
17 49 2.40 -0.239
17 50 9.39 -0.280
17 51 14.85 -0.281
17 52 22.73 -0.281
17 53 29.62 -0.237
17 54 37.76 -0.213
17 55 44.23 -0.213
17 56 53.13 -0.213
17 57 60.27 -0.223
17 58 69.55 -0.253
17 59 76.92 -0.274
17 60 86.53 -0.274
17 61 95.53 0.183
17 62 105.81 0.183
17 63 113.97 0.183
17 64 123.67 0.185
17 65 132.52 0.185
17 66 143.12 0.197
17 67 152.76 -0.125
17 68 164.03 -0.186
17 69 173.93 -0.125
17 70 185.61 -0.187
17 71 194.83 -0.197
17 72 205.54 -0.197
17 73 216.14 -0.198
17 74 228.27 -0.198
17 75 239.53 -0.218
17 76 252.27 -0.269
17 77 263.65 -0.269
17 78 276.30 -0.269
17 79 288.87 -0.270
18 27 66.15 0.118
18 28 47.31 0.120
18 29 35.61 -0.280
18 30 20.07 -0.280
18 31 10.64 -0.281
18 32 -1.91 -0.281
18 33 -8.48 -0.209
18 34 -17.91 -0.230
18 35 -22.11 -0.234
18 36 -29.57 -0.255
18 37 -31.06 -0.073
18 38 -35.14 0.000
18 39 -34.38 -0.042
18 40 -36.90 -0.031
18 41 -34.54 0.075
18 42 -36.31 -0.032
18 43 -32.85 0.118
18 44 -33.35 -0.144
18 45 -29.85 -0.154
18 46 -29.05 -0.135
18 47 -23.80 -0.146
18 48 -20.99 -0.205
18 49 -14.91 -0.220
18 50 -11.24 -0.240
18 51 -4.61 -0.281
18 52 -0.43 -0.281
18 53 7.71 -0.280
18 54 12.78 -0.276
18 55 20.85 -0.213
18 56 26.23 -0.212
18 57 34.97 -0.213
18 58 40.95 -0.222
18 59 50.19 -0.253
18 60 56.63 -0.253
18 61 65.83 -0.273
18 62 74.13 0.128
18 63 83.85 0.172
18 64 91.29 0.172
18 65 101.25 0.173
18 66 108.93 -0.125
18 67 119.19 -0.125
18 68 127.33 -0.011
18 69 138.44 -0.125
18 70 147.60 -0.125
18 71 159.07 -0.167
18 72 168.83 -0.125
18 73 179.52 -0.168
18 74 190.02 0.001
18 75 201.51 0.012
18 76 211.91 0.012
18 77 223.95 -0.269
18 78 234.93 -0.270
18 79 248.37 -0.270
18 80 259.74 -0.270
18 81 272.88 -0.258
18 82 283.89 -0.258
18 83 297.57 -0.269
19 29 60.91 0.075
19 30 47.43 0.108
19 31 31.56 0.086
19 32 20.61 0.086
19 33 7.10 0.001
19 34 -0.91 0.021
19 35 -11.01 -0.031
19 36 -17.07 -0.032
19 37 -25.06 -0.062
19 38 -28.41 -0.042
19 39 -33.93 -0.032
19 40 -34.55 -0.052
19 41 -37.48 -0.032
19 42 -36.80 -0.053
19 43 -38.49 -0.052
19 44 -37.01 -0.063
19 45 -37.79 -0.052
19 46 -35.22 0.064
19 47 -35.07 -0.042
19 48 -31.15 -0.052
19 49 -28.46 -0.053
19 50 -23.15 -0.052
19 51 -19.52 -0.084
19 52 -13.58 -0.136
19 53 -9.76 -0.301
19 54 -2.75 -0.167
19 55 2.00 -0.145
19 56 9.01 -0.134
19 57 13.81 -0.132
19 58 21.90 -0.073
19 59 27.86 -0.021
19 60 35.88 -0.071
19 61 42.29 -0.032
19 62 50.78 -0.083
19 63 57.66 -0.094
19 64 66.59 0.128
19 65 73.74 0.129
19 66 82.75 0.129
19 67 90.08 -0.105
19 68 99.39 -0.094
19 69 107.23 0.000
19 70 117.61 -0.105
19 71 126.79 -0.105
19 72 137.58 -0.105
19 73 147.30 -0.105
19 74 158.50 -0.105
19 75 168.22 0.022
19 76 178.27 0.001
19 77 188.64 0.001
19 78 200.70 0.043
19 79 211.43 0.023
19 80 223.72 0.065
19 81 234.24 -0.062
19 82 249.05 0.054
19 83 260.07 0.054
19 84 272.55 0.054
19 85 283.91 0.054
19 86 296.31 0.053
19 87 307.93 0.000
20 30 71.85 0.000
20 31 57.87 0.000
20 32 40.03 0.000
20 33 28.51 0.033
20 34 13.41 0.000
20 35 4.78 0.000
20 36 -6.71 0.000
20 37 -13.14 -0.021
20 38 -22.66 0.000
20 39 -27.42 0.011
20 40 -35.42 0.000
20 41 -36.34 -0.021
20 42 -40.89 0.000
20 43 -40.56 0.011
20 44 -43.79 0.000
20 45 -42.65 -0.011
20 46 -44.86 0.000
20 47 -42.67 0.032
20 48 -43.71 0.000
20 49 -39.92 0.000
20 50 -38.53 0.000
20 51 -33.36 0.000
20 52 -31.00 0.000
20 53 -24.82 0.064
20 54 -22.12 -0.011
20 55 -15.71 -0.073
20 56 -12.13 -0.073
20 57 -5.09 -0.073
20 58 -0.96 0.001
20 59 6.38 0.001
20 60 10.75 0.002
20 61 18.77 -0.018
20 62 24.07 0.000
20 63 32.51 0.011
20 64 38.21 0.000
20 65 46.83 0.000
20 66 52.95 0.000
20 67 61.71 0.021
20 68 68.26 0.000
20 69 77.45 0.021
20 70 84.42 0.000
20 71 94.78 -0.021
20 72 103.07 0.000
20 73 114.02 0.000
20 74 122.95 0.000
20 75 134.21 0.011
20 76 143.27 0.000
20 77 153.18 0.001
20 78 163.71 0.001
20 79 174.92 0.012
20 80 184.77 0.002
20 81 196.49 0.044
20 82 208.97 0.054
20 83 221.80 0.054
20 84 232.17 0.054
20 85 244.51 0.054
20 86 254.96 0.043
20 87 267.67 0.000
20 88 278.05 0.000
20 89 290.66 -0.021
20 90 301.25 0.000
20 91 314.26 -0.021
20 92 325.24 0.000
21 32 71.97 0.440
21 33 52.70 0.122
21 34 39.97 0.121
21 35 24.95 0.088
21 36 14.79 0.086
21 37 2.96 0.086
21 38 -5.27 -0.063
21 39 -15.19 -0.063
21 40 -21.38 -0.042
21 41 -29.59 -0.021
21 42 -32.81 -0.063
21 43 -38.44 -0.042
21 44 -39.73 0.053
21 45 -43.43 0.043
21 46 -43.39 -0.052
21 47 -46.04 -0.021
21 48 -45.15 0.064
21 49 -46.42 -0.032
21 50 -43.86 -0.042
21 51 -42.77 -0.042
21 52 -38.81 -0.042
21 53 -36.51 0.064
21 54 -31.45 0.107
21 55 -28.96 -0.104
21 56 -23.63 -0.104
21 57 -20.24 -0.105
21 58 -14.42 -0.105
21 59 -10.65 -0.073
21 60 -4.34 -0.040
21 61 -0.02 -0.018
21 62 6.97 -0.038
21 63 12.04 -0.021
21 64 19.34 0.053
21 65 25.08 0.129
21 66 32.73 0.128
21 67 38.74 0.128
21 68 46.65 0.128
21 69 52.86 -0.042
21 70 60.92 0.053
21 71 67.83 -0.032
21 72 77.38 -0.073
21 73 85.60 -0.032
21 74 95.77 -0.042
21 75 104.61 -0.042
21 76 115.17 -0.042
21 77 124.36 -0.032
21 78 134.60 -0.031
21 79 143.77 0.024
21 80 155.71 0.063
21 81 165.35 0.063
21 82 177.08 -0.063
21 83 187.53 -0.062
21 84 199.12 -0.062
21 85 209.48 -0.063
21 86 221.21 -0.063
21 87 231.13 -0.062
21 88 243.19 -0.062
21 89 254.18 0.021
21 90 265.88 -0.042
21 91 276.69 -0.010
21 92 288.87 -0.032
21 93 299.87 -0.021
21 94 311.94 0.043
21 95 321.36 0.090
22 34 62.83 0.261
22 35 49.68 0.206
22 36 33.28 0.106
22 37 22.79 0.117
22 38 9.28 0.118
22 39 1.18 0.107
22 40 -10.72 -0.031
22 41 -17.23 -0.031
22 42 -26.96 0.001
22 43 -31.19 -0.042
22 44 -38.98 0.000
22 45 -40.65 0.043
22 46 -45.22 0.021
22 47 -46.42 0.053
22 48 -50.14 0.011
22 49 -49.67 0.053
22 50 -52.24 0.000
22 51 -49.89 0.021
22 52 -50.10 0.000
22 53 -46.43 0.011
22 54 -45.52 -0.011
22 55 -40.59 0.107
22 56 -38.86 0.129
22 57 -33.80 0.129
22 58 -31.73 -0.105
22 59 -26.07 -0.105
22 60 -23.38 -0.011
22 61 -17.22 0.000
22 62 -13.95 0.000
22 63 -7.03 -0.021
22 64 -3.19 0.000
22 65 4.08 0.021
22 66 8.48 0.011
22 67 16.10 0.129
22 68 21.13 0.128
22 69 28.92 0.128
22 70 34.05 0.000
22 71 42.11 0.043
22 72 48.08 0.000
22 73 57.57 -0.031
22 74 64.98 0.000
22 75 75.11 0.000
22 76 83.15 0.000
22 77 93.64 0.021
22 78 102.07 0.000
22 79 112.42 0.001
22 80 121.47 0.001
22 81 133.05 0.042
22 82 141.87 0.053
22 83 153.33 0.053
22 84 163.01 0.053
22 85 174.71 0.075
22 86 184.20 0.054
22 87 195.84 0.054
22 88 205.46 0.053
22 89 217.55 0.000
22 90 227.18 0.000
22 91 239.15 -0.021
22 92 248.96 0.000
22 93 261.25 -0.021
22 94 271.39 0.000
22 95 283.78 -0.021
22 96 294.21 0.000
22 97 305.24 0.120
22 98 316.49 0.118
23 36 62.44 0.259
23 37 45.87 0.201
23 38 34.08 0.197
23 39 20.32 0.218
23 40 10.40 0.184
23 41 -1.06 0.118
23 42 -9.39 0.054
23 43 -19.48 0.011
23 44 -25.31 0.075
23 45 -33.45 0.032
23 46 -36.79 0.195
23 47 -42.92 0.205
23 48 -44.88 0.205
23 49 -49.04 0.161
23 50 -49.94 0.107
23 51 -52.90 0.021
23 52 -51.82 0.053
23 53 -51.98 0.117
23 54 -49.44 0.117
23 55 -48.46 0.172
23 56 -45.08 0.173
23 57 -43.78 0.173
23 58 -39.97 0.140
23 59 -37.93 0.140
23 60 -33.26 -0.135
23 61 -30.73 -0.104
23 62 -25.73 0.011
23 63 -22.63 0.011
23 64 -16.72 -0.032
23 65 -13.07 0.011
23 66 -6.85 0.129
23 67 -2.60 0.162
23 68 3.88 0.172
23 69 8.73 0.172
23 70 15.47 0.128
23 71 21.00 0.129
23 72 27.84 0.053
23 73 33.71 0.011
23 74 42.35 0.032
23 75 49.75 -0.010
23 76 59.10 -0.010
23 77 67.09 -0.010
23 78 76.92 -0.021
23 79 85.25 -0.010
23 80 95.12 0.021
23 81 104.19 0.183
23 82 114.40 0.295
23 83 123.14 0.295
23 84 133.80 0.306
23 85 142.95 0.305
23 86 153.67 0.294
23 87 163.18 0.294
23 88 174.28 0.295
23 89 184.07 0.295
23 90 195.30 0.307
23 91 205.39 0.011
23 92 216.70 0.011
23 93 226.47 0.000
23 94 238.12 -0.032
23 95 248.11 0.011
23 96 259.70 0.032
23 97 269.03 0.120
23 98 280.92 0.118
23 99 291.57 0.118
23 100 303.55 0.117
23 101 314.25 0.118
24 38 55.75 0.259
24 39 43.63 0.249
24 40 28.15 0.251
24 41 17.88 0.195
24 42 4.96 0.118
24 43 -3.48 0.086
24 44 -15.04 0.001
24 45 -21.16 0.098
24 46 -30.40 0.161
24 47 -35.16 0.215
24 48 -43.29 0.226
24 49 -45.55 0.227
24 50 -50.98 0.194
24 51 -52.26 0.118
24 52 -56.47 0.000
24 53 -55.70 0.053
24 54 -56.83 0.161
24 55 -54.54 0.172
24 56 -55.43 0.183
24 57 -52.34 0.184
24 58 -52.06 0.185
24 59 -48.12 0.174
24 60 -47.21 0.173
24 61 -42.71 -0.135
24 62 -41.20 -0.104
24 63 -36.47 0.000
24 64 -34.35 0.000
24 65 -28.63 -0.032
24 66 -25.96 0.000
24 67 -19.96 0.162
24 68 -16.58 0.172
24 69 -10.36 0.172
24 70 -6.46 0.172
24 71 0.49 0.172
24 72 4.71 0.129
24 73 11.43 0.053
24 74 16.44 0.000
24 75 25.01 0.032
24 76 31.56 0.000
24 77 40.83 0.011
24 78 48.05 -0.011
24 79 57.73 0.172
24 80 65.33 0.183
24 81 75.31 0.184
24 82 83.21 0.184
24 83 93.58 0.294
24 84 101.56 0.294
24 85 111.98 0.305
24 86 120.29 0.316
24 87 131.16 0.306
24 88 139.94 0.306
24 89 150.93 0.305
24 90 159.96 0.306
24 91 171.24 0.306
24 92 180.49 0.318
24 93 191.82 0.296
24 94 201.13 0.000
24 95 212.74 -0.032
24 96 222.04 0.000
24 97 233.56 0.032
24 98 243.09 0.053
24 99 254.77 0.053
24 100 264.14 0.117
24 101 275.81 0.117
24 102 285.96 0.118
24 103 297.99 0.096
25 40 56.01 0.251
25 41 40.09 0.266
25 42 28.57 0.229
25 43 15.23 0.173
25 44 5.72 0.108
25 45 -6.32 0.011
25 46 -13.62 0.118
25 47 -23.68 0.118
25 48 -29.41 0.216
25 49 -37.91 0.216
25 50 -42.16 0.228
25 51 -48.27 0.194
25 52 -50.82 0.150
25 53 -55.46 -0.021
25 54 -55.71 0.118
25 55 -57.24 0.172
25 56 -56.64 0.183
25 57 -57.27 0.195
25 58 -55.37 0.196
25 59 -55.32 0.196
25 60 -52.47 0.174
25 61 -51.77 0.174
25 62 -48.20 -0.135
25 63 -46.99 -0.104
25 64 -43.21 -0.032
25 65 -41.29 0.000
25 66 -36.61 -0.032
25 67 -34.11 -0.011
25 68 -29.00 0.129
25 69 -25.76 0.172
25 70 -20.51 0.172
25 71 -16.59 0.172
25 72 -10.84 0.172
25 73 -6.82 0.129
25 74 -0.95 0.064
25 75 3.79 0.000
25 76 11.67 0.043
25 77 18.08 -0.011
25 78 26.63 -0.011
25 79 33.76 -0.021
25 80 42.73 0.172
25 81 50.09 0.184
25 82 59.46 0.195
25 83 67.09 0.206
25 84 76.88 0.294
25 85 84.85 0.305
25 86 94.39 0.316
25 87 102.69 0.328
25 88 112.68 0.328
25 89 121.32 0.329
25 90 131.51 0.329
25 91 140.44 0.330
25 92 150.73 0.319
25 93 159.88 0.331
25 94 170.68 0.308
25 95 180.04 0.309
25 96 190.91 0.309
25 97 200.29 0.032
25 98 211.21 -0.032
25 99 220.71 0.053
25 100 231.71 0.053
25 101 241.44 -0.042
25 102 252.24 0.117
25 103 262.25 0.118
25 104 273.45 0.096
25 105 283.57 0.000
26 42 49.58 0.289
26 43 37.66 0.219
26 44 22.81 -0.154
26 45 12.99 0.086
26 46 -0.37 0.001
26 47 -8.11 0.065
26 48 -19.29 0.011
26 49 -25.48 0.140
26 50 -35.05 0.194
26 51 -40.01 0.195
26 52 -48.68 0.118
26 53 -51.31 0.107
26 54 -57.11 0.000
26 55 -57.78 0.021
26 56 -60.53 0.117
26 57 -59.48 0.162
26 58 -61.78 0.173
26 59 -60.08 0.185
26 60 -61.18 0.185
26 61 -58.64 0.163
26 62 -59.02 0.152
26 63 -55.76 -0.125
26 64 -55.63 -0.084
26 65 -51.94 0.000
26 66 -51.07 0.000
26 67 -46.54 -0.032
26 68 -45.02 0.000
26 69 -40.08 0.032
26 70 -37.71 0.128
26 71 -32.49 0.128
26 72 -29.79 0.129
26 73 -24.25 0.129
26 74 -20.92 0.129
26 75 -15.32 0.053
26 76 -11.44 -0.011
26 77 -3.61 0.042
26 78 1.96 -0.011
26 79 10.45 0.011
26 80 16.76 -0.011
26 81 26.09 0.172
26 82 32.61 0.184
26 83 41.77 0.184
26 84 48.77 0.196
26 85 58.75 0.294
26 86 65.90 0.316
26 87 74.98 0.327
26 88 82.45 0.328
26 89 92.17 0.340
26 90 100.13 0.328
26 91 110.38 0.330
26 92 118.54 0.330
26 93 129.01 0.331
26 94 137.29 0.331
26 95 147.88 0.332
26 96 156.54 0.333
26 97 167.39 0.333
26 98 176.23 0.000
26 99 187.14 0.021
26 100 195.90 0.053
26 101 206.86 0.053
26 102 215.74 0.117
26 103 226.73 0.117
26 104 236.13 0.053
26 105 247.11 0.053
26 106 256.51 0.000
26 107 267.65 0.011
27 44 49.96 -0.237
27 45 34.75 -0.206
27 46 23.72 0.086
27 47 9.95 0.043
27 48 0.83 0.064
27 49 -10.72 0.064
27 50 -18.38 0.064
27 51 -28.41 0.075
27 52 -34.64 0.118
27 53 -43.34 0.075
27 54 -48.02 0.053
27 55 -54.37 0.043
27 56 -56.16 0.075
27 57 -59.30 0.107
27 58 -59.69 0.096
27 59 -61.67 0.118
27 60 -60.95 0.151
27 61 -62.32 0.152
27 62 -61.13 0.130
27 63 -61.74 0.108
27 64 -59.68 -0.105
27 65 -59.65 0.053
27 66 -56.90 0.032
27 67 -56.19 0.021
27 68 -52.67 0.032
27 69 -51.33 0.032
27 70 -47.37 0.043
27 71 -45.38 0.053
27 72 -40.78 0.128
27 73 -38.26 0.129
27 74 -33.65 0.129
27 75 -30.93 0.043
27 76 -25.92 0.043
27 77 -22.19 0.021
27 78 -15.14 0.043
27 79 -9.64 0.032
27 80 -1.94 0.043
27 81 4.21 0.043
27 82 12.32 0.043
27 83 18.94 0.043
27 84 27.74 0.128
27 85 34.61 0.151
27 86 43.39 0.151
27 87 51.05 0.317
27 88 59.86 0.328
27 89 67.27 0.329
27 90 75.86 0.340
27 91 83.64 0.330
27 92 93.06 0.330
27 93 101.05 0.331
27 94 110.68 0.332
27 95 118.75 0.333
27 96 128.67 0.346
27 97 137.38 0.334
27 98 147.55 0.334
27 99 156.39 0.032
27 100 166.53 0.043
27 101 175.32 0.053
27 102 185.62 0.053
27 103 194.59 0.053
27 104 204.91 0.053
27 105 214.02 0.053
27 106 224.37 0.053
27 107 233.69 0.043
27 108 244.15 0.021
27 109 253.77 0.011
28 46 44.43 -0.267
28 47 32.10 -0.052
28 48 17.51 0.000
28 49 8.12 -0.042
28 50 -4.63 -0.011
28 51 -12.38 0.021
28 52 -23.64 0.011
28 53 -30.35 -0.021
28 54 -40.24 0.000
28 55 -45.66 0.032
28 56 -54.04 0.000
28 57 -55.98 0.021
28 58 -60.49 0.000
28 59 -61.07 0.000
28 60 -64.33 0.000
28 61 -63.54 0.107
28 62 -65.95 0.107
28 63 -64.93 0.107
28 64 -66.85 -0.094
28 65 -65.04 -0.084
28 66 -65.91 0.000
28 67 -63.49 0.000
28 68 -63.80 0.000
28 69 -60.45 -0.021
28 70 -60.07 0.000
28 71 -56.18 0.000
28 72 -55.12 0.000
28 73 -50.94 0.000
28 74 -49.35 -0.011
28 75 -44.95 0.021
28 76 -42.86 0.000
28 77 -37.97 0.032
28 78 -35.29 0.000
28 79 -28.26 -0.021
28 80 -23.58 0.000
28 81 -15.87 0.000
28 82 -10.45 0.000
28 83 -2.35 0.011
28 84 3.52 0.000
28 85 12.22 -0.124
28 86 18.19 0.000
28 87 27.50 0.294
28 88 33.87 0.328
28 89 42.47 0.328
28 90 49.05 0.328
28 91 57.60 0.340
28 92 64.55 0.341
28 93 73.99 0.342
28 94 81.33 0.331
28 95 90.91 0.333
28 96 98.33 0.333
28 97 108.15 0.346
28 98 115.99 0.347
28 99 126.20 0.335
28 100 134.42 0.000
28 101 144.61 0.011
28 102 152.67 -0.011
28 103 162.93 0.011
28 104 171.21 0.011
28 105 181.46 0.053
28 106 189.92 0.043
28 107 200.08 -0.032
28 108 208.73 0.000
28 109 219.08 0.021
28 110 228.01 0.000
28 111 240.27 -0.010
29 48 44.70 -0.063
29 49 29.92 0.011
29 50 19.60 0.065
29 51 6.40 0.021
29 52 -2.47 0.085
29 53 -13.98 0.085
29 54 -21.71 0.107
29 55 -31.91 0.064
29 56 -38.44 0.075
29 57 -46.94 0.043
29 58 -50.70 0.064
29 59 -55.72 0.106
29 60 -57.46 0.139
29 61 -60.75 0.150
29 62 -61.58 0.151
29 63 -64.28 0.151
29 64 -64.47 0.118
29 65 -66.46 -0.125
29 66 -65.67 -0.125
29 67 -66.91 -0.084
29 68 -65.43 -0.032
29 69 -65.82 -0.011
29 70 -63.50 0.053
29 71 -63.26 0.032
29 72 -60.40 0.075
29 73 -59.54 0.085
29 74 -56.11 0.128
29 75 -54.70 0.128
29 76 -51.11 0.128
29 77 -49.30 0.075
29 78 -45.37 0.064
29 79 -42.75 0.032
29 80 -36.72 0.053
29 81 -32.17 0.043
29 82 -25.29 0.053
29 83 -19.66 0.128
29 84 -12.53 0.128
29 85 -6.89 0.172
29 86 0.71 0.172
29 87 6.55 0.172
29 88 14.76 0.238
29 89 21.00 0.293
29 90 28.98 0.305
29 91 35.17 0.305
29 92 43.45 0.328
29 93 50.36 0.318
29 94 59.12 0.318
29 95 66.29 0.308
29 96 75.17 0.320
29 97 82.58 0.321
29 98 91.75 0.310
29 99 99.54 0.298
29 100 108.88 0.299
29 101 117.10 0.299
29 102 126.49 0.053
29 103 134.61 0.053
29 104 144.19 0.096
29 105 152.24 0.117
29 106 161.93 0.096
29 107 170.36 0.064
29 108 180.00 0.053
29 109 188.59 0.043
29 110 198.28 0.032
29 111 207.17 0.011
29 112 218.73 0.032
30 51 29.61 0.086
30 52 15.09 0.000
30 53 6.39 0.171
30 54 -6.28 0.171
30 55 -14.27 0.172
30 56 -25.52 0.139
30 57 -32.52 0.096
30 58 -42.36 0.000
30 59 -46.51 0.106
30 60 -53.14 0.160
30 61 -55.23 0.161
30 62 -59.80 0.195
30 63 -61.45 0.184
30 64 -64.71 0.185
30 65 -65.04 0.162
30 66 -68.14 -0.176
30 67 -67.48 -0.176
30 68 -69.80 -0.136
30 69 -68.61 -0.011
30 70 -70.05 0.000
30 71 -68.02 -0.032
30 72 -68.73 0.011
30 73 -65.83 0.128
30 74 -65.90 0.139
30 75 -62.93 0.139
30 76 -62.39 0.150
30 77 -59.04 0.128
30 78 -57.80 0.128
30 79 -54.11 0.075
30 80 -52.40 -0.010
30 81 -46.43 0.064
30 82 -42.33 0.128
30 83 -35.77 0.128
30 84 -31.40 0.171
30 85 -24.50 0.171
30 86 -19.82 0.183
30 87 -12.23 0.194
30 88 -7.16 0.205
30 89 0.65 0.238
30 90 6.15 0.271
30 91 13.76 0.305
30 92 19.47 0.305
30 93 27.69 0.328
30 94 34.01 0.306
30 95 42.54 0.307
30 96 49.03 0.308
30 97 57.75 0.320
30 98 64.44 0.310
30 99 73.29 0.335
30 100 80.49 0.311
30 101 89.94 0.299
30 102 97.37 0.276
30 103 107.18 0.229
30 104 114.61 0.117
30 105 124.15 0.117
30 106 131.58 0.117
30 107 141.15 0.117
30 108 149.03 0.118
30 109 158.63 0.096
30 110 166.55 0.053
30 111 176.10 0.043
30 112 184.32 0.000
30 113 195.99 0.032
31 53 27.99 0.106
31 54 17.52 0.183
31 55 4.66 0.194
31 56 -4.47 0.195
31 57 -15.40 0.172
31 58 -23.36 0.140
31 59 -33.73 0.000
31 60 -38.74 0.139
31 61 -45.90 0.172
31 62 -50.05 0.195
31 63 -55.48 0.195
31 64 -57.77 0.197
31 65 -61.74 0.197
31 66 -63.14 -0.256
31 67 -66.19 -0.247
31 68 -66.55 -0.207
31 69 -68.88 -0.177
31 70 -68.54 -0.177
31 71 -70.33 -0.207
31 72 -69.03 -0.207
31 73 -69.90 -0.207
31 74 -67.95 0.139
31 75 -68.33 0.139
31 76 -66.15 0.172
31 77 -65.87 0.172
31 78 -63.33 0.150
31 79 -62.47 0.129
31 80 -59.56 0.086
31 81 -57.96 0.032
31 82 -52.78 -0.104
31 83 -48.89 0.128
31 84 -43.21 0.139
31 85 -38.93 0.172
31 86 -33.09 0.183
31 87 -28.68 0.195
31 88 -21.82 0.195
31 89 -16.86 0.206
31 90 -9.70 0.217
31 91 -4.47 0.304
31 92 2.61 0.305
31 93 8.32 0.316
31 94 15.91 0.328
31 95 21.88 0.328
31 96 29.73 0.296
31 97 36.01 0.297
31 98 43.90 0.297
31 99 50.54 0.298
31 100 58.82 0.299
31 101 65.77 0.299
31 102 74.46 0.276
31 103 81.71 0.265
31 104 90.90 0.230
31 105 98.38 0.195
31 106 107.43 0.118
31 107 114.94 0.118
31 108 123.88 0.118
31 109 131.51 0.118
31 110 140.54 0.118
31 111 148.28 0.064
31 112 157.26 0.043
31 113 165.43 0.000
31 114 176.46 0.043
32 55 27.50 0.183
32 56 13.53 0.195
32 57 4.05 0.195
32 58 -8.37 0.173
32 59 -16.09 0.151
32 60 -27.20 0.075
32 61 -32.77 0.150
32 62 -40.99 0.184
32 63 -45.99 0.196
32 64 -53.08 0.207
32 65 -55.52 0.208
32 66 -60.68 0.208
32 67 -62.30 -0.276
32 68 -66.58 -0.276
32 69 -66.94 -0.237
32 70 -70.18 -0.218
32 71 -70.30 -0.207
32 72 -72.86 -0.217
32 73 -71.88 -0.227
32 74 -73.72 -0.237
32 75 -72.13 0.183
32 76 -73.04 0.161
32 77 -71.08 0.172
32 78 -71.77 0.173
32 79 -69.32 0.173
32 80 -69.34 0.140
32 81 -66.29 0.129
32 82 -65.68 0.021
32 83 -60.48 0.129
32 84 -57.69 0.128
32 85 -51.91 0.172
32 86 -49.06 0.172
32 87 -43.22 0.184
32 88 -39.39 0.195
32 89 -32.90 0.207
32 90 -28.68 0.207
32 91 -21.78 0.240
32 92 -17.24 0.316
32 93 -10.30 0.327
32 94 -5.31 0.327
32 95 2.13 0.328
32 96 7.44 0.296
32 97 15.08 0.296
32 98 20.62 0.297
32 99 28.40 0.298
32 100 34.28 0.299
32 101 42.48 0.299
32 102 48.62 0.300
32 103 57.24 0.289
32 104 63.93 0.265
32 105 73.15 0.230
32 106 79.91 0.219
32 107 88.94 0.196
32 108 96.16 0.162
32 109 105.07 0.118
32 110 112.04 0.118
32 111 120.99 0.118
32 112 128.21 0.097
32 113 137.13 0.053
32 114 144.65 0.011
32 115 155.70 0.053
32 116 165.09 0.064
33 57 26.13 0.196
33 58 15.56 0.207
33 59 2.95 0.196
33 60 -5.88 0.174
33 61 -16.92 0.129
33 62 -23.87 0.151
33 63 -32.85 0.184
33 64 -38.48 0.196
33 65 -45.90 0.208
33 66 -50.01 0.220
33 67 -55.82 0.220
33 68 -58.56 -0.287
33 69 -62.91 -0.297
33 70 -64.42 -0.267
33 71 -67.83 -0.258
33 72 -68.55 -0.258
33 73 -71.41 -0.238
33 74 -71.57 -0.238
33 75 -73.57 -0.238
33 76 -73.00 -0.248
33 77 -73.93 0.173
33 78 -72.86 0.173
33 79 -73.80 0.174
33 80 -72.24 0.173
33 81 -72.43 0.151
33 82 -70.26 0.129
33 83 -69.52 0.075
33 84 -65.38 0.129
33 85 -62.76 0.129
33 86 -57.81 0.151
33 87 -54.61 0.173
33 88 -49.87 0.184
33 89 -46.22 0.207
33 90 -40.55 0.208
33 91 -36.58 0.208
33 92 -30.36 0.208
33 93 -26.05 0.316
33 94 -19.79 0.316
33 95 -15.01 0.328
33 96 -8.22 0.329
33 97 -3.05 0.296
33 98 3.80 0.297
33 99 9.27 0.298
33 100 16.18 0.298
33 101 22.01 0.299
33 102 29.44 0.300
33 103 35.72 0.277
33 104 43.52 0.278
33 105 50.19 0.254
33 106 58.63 0.230
33 107 65.39 0.220
33 108 73.79 0.197
33 109 80.88 0.163
33 110 89.30 0.118
33 111 96.14 0.119
33 112 104.49 0.118
33 113 111.59 0.097
33 114 119.93 0.053
33 115 127.34 0.011
33 116 137.81 0.043
33 117 147.27 0.085
33 118 157.90 0.107
33 119 167.52 0.118
34 59 25.32 0.219
34 60 11.62 0.208
34 61 2.49 0.174
34 62 -9.69 -0.204
34 63 -16.82 -0.205
34 64 -26.55 0.196
34 65 -32.48 0.208
34 66 -40.98 0.220
34 67 -45.84 0.220
34 68 -53.19 0.233
34 69 -56.20 -0.307
34 70 -61.61 -0.307
34 71 -63.24 -0.297
34 72 -67.69 -0.298
34 73 -68.61 -0.278
34 74 -72.31 -0.238
34 75 -72.65 -0.238
34 76 -75.60 -0.248
34 77 -75.28 -0.258
34 78 -77.10 0.173
34 79 -76.22 0.173
34 80 -78.03 0.174
34 81 -76.68 0.174
34 82 -77.76 0.152
34 83 -75.68 0.129
34 84 -75.80 0.075
34 85 -71.71 0.129
34 86 -69.91 0.129
34 87 -65.08 0.151
34 88 -62.69 0.173
34 89 -57.98 0.196
34 90 -55.27 0.208
34 91 -49.79 0.220
34 92 -46.47 0.219
34 93 -40.81 -0.283
34 94 -37.04 0.339
34 95 -31.02 0.328
34 96 -27.03 0.340
34 97 -20.28 0.340
34 98 -15.81 0.330
34 99 -9.06 0.319
34 100 -4.43 0.298
34 101 2.42 0.299
34 102 7.36 0.300
34 103 14.70 0.312
34 104 20.22 0.301
34 105 28.08 0.278
34 106 34.07 0.266
34 107 42.06 0.244
34 108 48.53 0.231
34 109 57.08 0.209
34 110 63.50 0.186
34 111 72.14 0.163
34 112 78.36 0.119
34 113 86.64 0.119
34 114 93.15 0.097
34 115 101.38 0.053
34 116 108.10 0.000
34 117 118.53 -0.032
34 118 127.34 0.021
34 119 138.12 0.096
34 120 147.19 0.107
35 61 24.01 0.185
35 62 13.89 0.174
35 63 1.10 -0.272
35 64 -6.87 -0.264
35 65 -16.42 -0.275
35 66 -23.82 -0.286
35 67 -32.58 -0.286
35 68 -38.44 -0.297
35 69 -46.15 -0.307
35 70 -50.53 -0.327
35 71 -56.64 -0.357
35 72 -59.27 -0.357
35 73 -63.76 0.366
35 74 -65.66 0.401
35 75 -69.44 -0.278
35 76 -70.62 -0.278
35 77 -73.79 -0.268
35 78 -74.35 -0.278
35 79 -76.33 -0.278
35 80 -76.48 0.140
35 81 -78.46 0.140
35 82 -77.91 0.140
35 83 -79.27 0.129
35 84 -78.13 0.097
35 85 -78.56 -0.042
35 86 -75.40 -0.094
35 87 -73.54 -0.105
35 88 -69.36 0.129
35 89 -66.73 0.195
35 90 -62.89 0.206
35 91 -60.32 0.241
35 92 -55.61 0.241
35 93 -52.56 0.241
35 94 -47.60 0.317
35 95 -44.30 0.339
35 96 -39.02 0.340
35 97 -35.13 0.340
35 98 -29.17 0.340
35 99 -24.78 0.330
35 100 -18.69 0.319
35 101 -14.30 0.309
35 102 -7.91 0.310
35 103 -3.12 0.310
35 104 3.53 0.324
35 105 8.95 0.312
35 106 16.11 0.301
35 107 22.20 0.277
35 108 29.71 0.277
35 109 36.02 0.231
35 110 43.91 0.219
35 111 50.17 -0.155
35 112 57.88 -0.155
35 113 64.27 0.119
35 114 71.92 0.097
35 115 78.26 0.097
35 116 85.76 0.043
35 117 92.30 0.000
35 118 102.24 -0.032
35 119 111.00 0.011
35 120 121.26 0.064
35 121 130.37 0.096
35 122 140.73 0.107
35 123 149.99 0.118
36 63 23.50 -0.135
36 64 9.91 -0.135
36 65 1.63 -0.146
36 66 -9.32 -0.275
36 67 -16.57 -0.275
36 68 -26.29 -0.306
36 69 -32.35 -0.327
36 70 -41.15 -0.327
36 71 -46.22 -0.357
36 72 -53.76 -0.366
36 73 -56.76 -0.366
36 74 -62.38 0.401
36 75 -64.63 0.402
36 76 -69.16 0.403
36 77 -70.48 0.355
36 78 -74.29 -0.248
36 79 -75.02 -0.258
36 80 -78.28 -0.268
36 81 -78.35 0.129
36 82 -81.21 0.129
36 83 -80.82 0.129
36 84 -83.14 0.086
36 85 -82.09 0.075
36 86 -83.43 0.000
36 87 -80.40 -0.073
36 88 -79.24 -0.105
36 89 -75.12 0.129
36 90 -73.38 0.173
36 91 -69.53 0.206
36 92 -67.73 0.241
36 93 -63.19 0.242
36 94 -60.85 0.306
36 95 -56.26 0.328
36 96 -53.77 0.340
36 97 -48.64 0.340
36 98 -45.56 0.352
36 99 -39.96 0.341
36 100 -36.22 0.342
36 101 -30.15 0.331
36 102 -26.39 0.332
36 103 -20.15 0.333
36 104 -15.93 0.322
36 105 -9.29 0.334
36 106 -4.51 0.324
36 107 2.64 0.312
36 108 8.05 0.300
36 109 15.64 0.278
36 110 21.33 0.231
36 111 29.10 -0.155
36 112 34.68 -0.155
36 113 42.10 -0.124
36 114 47.81 -0.124
36 115 55.74 0.097
36 116 61.41 0.053
36 117 68.75 0.043
36 118 74.63 0.000
36 119 84.58 -0.032
36 120 92.69 0.000
36 121 103.02 0.043
36 122 111.59 0.064
36 123 121.94 0.086
36 124 130.52 0.109
37 66 13.05 -0.136
37 67 1.92 0.308
37 68 -6.14 -0.277
37 69 -16.13 -0.327
37 70 -23.34 -0.348
37 71 -32.36 -0.357
37 72 -38.38 -0.366
37 73 -46.19 -0.366
37 74 -50.86 0.366
37 75 -57.43 0.402
37 76 -60.65 0.403
37 77 -65.40 0.403
37 78 -67.45 0.367
37 79 -71.31 0.355
37 80 -72.70 -0.247
37 81 -76.18 -0.237
37 82 -77.30 0.086
37 83 -80.29 0.086
37 84 -80.71 0.096
37 85 -83.12 0.064
37 86 -82.95 0.075
37 87 -84.43 -0.021
37 88 -82.21 -0.073
37 89 -81.17 -0.094
37 90 -77.81 -0.105
37 91 -76.21 -0.135
37 92 -72.92 0.240
37 93 -71.33 0.252
37 94 -67.62 0.284
37 95 -65.68 0.318
37 96 -61.92 0.329
37 97 -59.54 0.340
37 98 -55.25 0.341
37 99 -52.21 0.352
37 100 -47.28 0.353
37 101 -43.79 0.353
37 102 -38.53 0.342
37 103 -34.64 0.343
37 104 -29.04 0.344
37 105 -24.91 0.345
37 106 -18.95 0.334
37 107 -14.18 0.334
37 108 -7.62 0.323
37 109 -2.24 0.323
37 110 4.95 0.322
37 111 10.54 0.299
37 112 17.43 -0.154
37 113 22.79 -0.124
37 114 29.56 -0.123
37 115 35.29 -0.124
37 116 42.55 0.053
37 117 48.11 0.043
37 118 54.82 0.032
37 119 60.63 0.011
37 120 69.97 -0.032
37 121 78.11 0.011
37 122 87.77 0.032
37 123 96.33 0.032
37 124 106.15 0.087
37 125 114.73 0.099
37 126 124.62 0.121
37 127 133.33 0.121
37 128 144.02 0.273
38 68 10.97 0.401
38 69 2.38 0.297
38 70 -8.56 0.320
38 71 -15.94 -0.297
38 72 -25.87 -0.327
38 73 -31.94 0.400
38 74 -41.14 0.401
38 75 -46.61 0.402
38 76 -54.57 0.402
38 77 -58.06 0.403
38 78 -63.72 0.403
38 79 -65.89 0.403
38 80 -70.39 0.403
38 81 -71.69 0.403
38 82 -76.23 0.000
38 83 -77.45 0.000
38 84 -81.47 0.011
38 85 -82.18 -0.053
38 86 -85.55 0.000
38 87 -85.48 0.043
38 88 -87.89 0.000
38 89 -85.73 -0.032
38 90 -85.52 0.000
38 91 -82.41 0.021
38 92 -81.36 -0.135
38 93 -78.08 0.239
38 94 -77.21 0.263
38 95 -73.68 0.308
38 96 -72.56 0.341
38 97 -68.91 0.352
38 98 -67.42 0.352
38 99 -63.16 0.352
38 100 -60.92 0.353
38 101 -56.13 0.365
38 102 -53.33 0.353
38 103 -48.18 0.355
38 104 -45.02 0.355
38 105 -39.51 0.356
38 106 -36.07 0.345
38 107 -30.20 0.346
38 108 -26.03 0.346
38 109 -19.42 0.346
38 110 -14.68 0.346
38 111 -7.75 0.345
38 112 -2.69 -0.165
38 113 3.84 -0.154
38 114 8.78 -0.154
38 115 15.42 -0.123
38 116 20.45 -0.124
38 117 27.44 -0.124
38 118 32.67 0.000
38 119 39.35 0.021
38 120 44.47 0.000
38 121 53.85 -0.021
38 122 61.34 0.000
38 123 71.03 0.011
38 124 79.00 0.000
38 125 88.86 0.055
38 126 96.88 0.078
38 127 106.81 0.111
38 128 115.02 0.111
38 129 125.84 0.261
38 130 133.48 0.284
38 131 143.26 0.294
39 70 13.59 0.400
39 71 2.53 0.401
39 72 -5.53 0.401
39 73 -15.81 0.402
39 74 -23.06 0.401
39 75 -32.46 0.402
39 76 -38.87 0.403
39 77 -47.14 0.404
39 78 -51.94 0.404
39 79 -58.21 0.417
39 80 -61.19 0.429
39 81 -65.96 0.404
39 82 -68.14 0.404
39 83 -72.67 0.000
39 84 -74.75 0.000
39 85 -78.96 0.000
39 86 -80.46 -0.011
39 87 -84.06 0.000
39 88 -84.80 0.032
39 89 -87.40 0.000
39 90 -86.03 -0.021
39 91 -85.96 0.000
39 92 -83.63 0.000
39 93 -82.60 -0.146
39 94 -80.05 0.217
39 95 -79.40 0.286
39 96 -76.65 0.308
39 97 -75.68 0.341
39 98 -72.77 0.353
39 99 -71.41 0.364
39 100 -67.89 0.376
39 101 -65.81 0.376
39 102 -61.74 0.376
39 103 -59.09 0.366
39 104 -54.60 0.366
39 105 -51.56 0.355
39 106 -46.72 0.356
39 107 -43.36 0.358
39 108 -38.22 0.359
39 109 -34.17 0.359
39 110 -28.06 0.370
39 111 -23.42 0.358
39 112 -16.93 0.357
39 113 -12.12 -0.165
39 114 -6.00 -0.165
39 115 -1.45 -0.154
39 116 4.59 -0.154
39 117 9.55 -0.124
39 118 15.93 -0.124
39 119 21.06 0.000
39 120 27.13 0.021
39 121 32.14 0.000
39 122 40.96 -0.011
39 123 48.41 0.000
39 124 57.58 0.011
39 125 65.46 0.000
39 126 74.72 0.034
39 127 82.68 0.046
39 128 92.02 0.048
39 129 100.19 0.048
39 130 109.75 0.103
39 131 118.14 0.272
39 132 127.29 0.283
39 133 135.46 0.283
39 134 144.95 0.294
40 72 11.18 -0.248
40 73 2.85 -0.268
40 74 -8.03 0.403
40 75 -15.44 0.402
40 76 -25.75 0.404
40 77 -32.33 0.404
40 78 -41.48 0.417
40 79 -46.88 0.417
40 80 -54.44 0.430
40 81 -57.63 0.442
40 82 -63.23 0.443
40 83 -65.93 -0.234
40 84 -71.37 -0.235
40 85 -73.58 -0.011
40 86 -78.65 0.011
40 87 -80.34 -0.011
40 88 -84.76 -0.011
40 89 -85.78 0.032
40 90 -89.15 0.000
40 91 -87.92 -0.021
40 92 -88.69 0.000
40 93 -86.46 0.011
40 94 -86.08 -0.156
40 95 -83.87 -0.176
40 96 -83.91 0.240
40 97 -81.09 0.296
40 98 -80.72 0.342
40 99 -77.85 0.353
40 100 -77.24 0.364
40 101 -73.89 0.376
40 102 -72.53 0.376
40 103 -68.58 0.377
40 104 -66.66 0.378
40 105 -62.28 0.367
40 106 -59.90 0.368
40 107 -55.20 0.357
40 108 -52.46 0.358
40 109 -47.42 0.359
40 110 -44.04 0.359
40 111 -38.11 0.371
40 112 -34.08 0.359
40 113 -27.75 0.370
40 114 -23.94 -0.185
40 115 -18.29 -0.164
40 116 -14.03 -0.164
40 117 -8.02 -0.154
40 118 -3.56 -0.154
40 119 2.63 -0.124
40 120 7.19 0.000
40 121 13.18 0.021
40 122 17.56 0.000
40 123 26.34 -0.021
40 124 33.21 0.000
40 125 42.37 0.011
40 126 49.69 0.000
40 127 59.00 0.022
40 128 66.37 0.035
40 129 75.68 0.037
40 130 83.29 0.038
40 131 93.00 0.049
40 132 100.73 0.261
40 133 109.96 0.272
40 134 117.60 0.283
40 135 127.13 0.305
40 136 134.97 0.305
40 137 144.60 0.317
41 74 14.24 -0.268
41 75 3.22 -0.269
41 76 -4.93 0.402
41 77 -15.33 0.426
41 78 -22.79 0.427
41 79 -32.17 0.428
41 80 -38.48 0.441
41 81 -46.27 0.455
41 82 -50.83 0.467
41 83 -57.21 -0.234
41 84 -60.96 -0.234
41 85 -66.56 -0.234
41 86 -69.52 -0.235
41 87 -74.60 0.011
41 88 -77.11 0.011
41 89 -81.70 0.011
41 90 -83.48 0.032
41 91 -87.09 0.011
41 92 -86.59 0.021
41 93 -87.57 0.011
41 94 -86.12 0.021
41 95 -86.16 -0.176
41 96 -84.49 0.172
41 97 -84.57 0.240
41 98 -82.59 0.262
41 99 -82.41 0.296
41 100 -79.82 0.412
41 101 -79.40 0.400
41 102 -76.83 0.400
41 103 -75.59 0.388
41 104 -72.36 0.389
41 105 -70.48 0.390
41 106 -66.64 0.379
41 107 -64.37 0.380
41 108 -60.38 0.333
41 109 -57.79 0.334
41 110 -53.40 0.335
41 111 -50.20 0.336
41 112 -45.01 0.323
41 113 -41.18 0.312
41 114 -35.67 -0.217
41 115 -32.10 -0.195
41 116 -26.91 -0.184
41 117 -23.05 -0.164
41 118 -17.28 -0.164
41 119 -12.96 -0.154
41 120 -7.25 -0.154
41 121 -2.78 0.011
41 122 2.55 0.021
41 123 6.87 0.011
41 124 15.12 -0.021
41 125 21.90 0.011
41 126 30.47 0.011
41 127 37.76 0.011
41 128 46.50 0.033
41 129 53.91 0.034
41 130 62.69 0.016
41 131 70.21 0.006
41 132 79.43 0.227
41 133 86.79 0.227
41 134 95.52 0.261
41 135 103.04 0.271
41 136 111.99 0.282
41 137 119.95 0.294
41 138 129.03 0.306
41 139 137.03 0.318
41 140 146.28 0.318
42 77 3.68 -0.278
42 78 -7.13 0.403
42 79 -14.89 0.403
42 80 -24.99 0.428
42 81 -31.42 0.440
42 82 -40.07 0.465
42 83 -45.28 0.492
42 84 -53.47 -0.234
42 85 -57.44 -0.234
42 86 -63.91 -0.234
42 87 -67.04 -0.234
42 88 -72.94 0.000
42 89 -75.63 -0.021
42 90 -81.05 0.000
42 91 -83.00 0.032
42 92 -87.46 0.000
42 93 -87.22 -0.011
42 94 -88.94 0.000
42 95 -87.68 0.000
42 96 -88.36 0.150
42 97 -86.92 0.172
42 98 -87.64 0.206
42 99 -85.61 0.239
42 100 -85.94 0.251
42 101 -83.71 0.295
42 102 -83.78 0.329
42 103 -81.23 0.376
42 104 -80.69 0.377
42 105 -77.35 0.389
42 106 -76.23 0.354
42 107 -72.66 0.343
42 108 -71.12 0.333
42 109 -67.11 0.333
42 110 -65.34 0.334
42 111 -60.94 0.335
42 112 -58.41 0.323
42 113 -53.42 0.312
42 114 -50.44 -0.227
42 115 -45.51 -0.227
42 116 -42.38 -0.195
42 117 -37.35 -0.184
42 118 -34.05 -0.164
42 119 -28.39 -0.164
42 120 -24.68 -0.154
42 121 -19.14 -0.124
42 122 -15.38 0.000
42 123 -10.09 0.021
42 124 -6.42 0.000
42 125 1.77 -0.011
42 126 8.02 0.000
42 127 16.54 0.000
42 128 23.26 0.000
42 129 32.04 0.000
42 130 38.94 0.000
42 131 47.71 0.025
42 132 54.79 0.004
42 133 63.93 0.216
42 134 70.86 0.227
42 135 79.60 0.227
42 136 86.67 0.260
42 137 95.72 0.271
42 138 103.11 0.271
42 139 112.16 0.294
42 140 119.57 0.306
42 141 128.75 0.306
42 142 136.41 0.318
42 143 145.86 0.319
42 144 153.71 0.320
43 79 3.86 -0.277
43 80 -4.24 -0.247
43 81 -14.47 0.415
43 82 -21.76 0.428
43 83 -30.96 -0.234
43 84 -37.27 -0.234
43 85 -45.60 -0.243
43 86 -50.78 -0.243
43 87 -57.79 -0.243
43 88 -61.54 -0.244
43 89 -67.72 0.032
43 90 -71.17 0.053
43 91 -76.77 0.021
43 92 -79.53 0.043
43 93 -84.15 0.000
43 94 -84.58 0.021
43 95 -86.47 0.021
43 96 -85.45 0.128
43 97 -86.96 0.150
43 98 -86.30 0.172
43 99 -87.16 0.194
43 100 -85.80 0.206
43 101 -86.28 0.228
43 102 -84.61 0.272
43 103 -84.64 0.294
43 104 -82.62 0.306
43 105 -82.21 0.318
43 106 -79.79 0.318
43 107 -78.86 0.308
43 108 -76.03 0.308
43 109 -74.60 0.309
43 110 -71.17 0.309
43 111 -69.19 0.310
43 112 -65.58 0.311
43 113 -63.24 -0.258
43 114 -59.14 -0.258
43 115 -56.45 -0.227
43 116 -52.06 -0.227
43 117 -49.06 -0.195
43 118 -44.37 -0.185
43 119 -41.29 -0.164
43 120 -36.62 -0.164
43 121 -32.69 -0.164
43 122 -27.64 -0.154
43 123 -24.02 0.000
43 124 -19.35 0.021
43 125 -15.74 0.000
43 126 -8.15 -0.021
43 127 -1.95 0.000
43 128 6.02 -0.010
43 129 12.68 0.000
43 130 20.92 0.000
43 131 27.78 0.000
43 132 36.14 0.034
43 133 43.28 0.161
43 134 51.47 0.194
43 135 58.24 0.216
43 136 66.51 0.227
43 137 73.56 0.249
43 138 82.15 0.271
43 139 89.42 0.271
43 140 98.01 0.283
43 141 105.41 0.294
43 142 114.09 0.306
43 143 121.69 0.307
43 144 130.66 0.319
43 145 138.55 0.308
43 146 147.76 0.320
43 147 155.86 0.310
44 81 4.44 -0.247
44 82 -6.54 -0.235
44 83 -14.01 -0.234
44 84 -24.10 -0.234
44 85 -30.68 -0.234
44 86 -39.76 -0.243
44 87 -45.38 -0.243
44 88 -53.36 -0.243
44 89 -57.43 -0.243
44 90 -64.86 0.011
44 91 -68.53 -0.021
44 92 -74.97 0.000
44 93 -77.88 0.032
44 94 -83.28 0.000
44 95 -83.92 -0.021
44 96 -86.59 0.000
44 97 -85.70 0.107
44 98 -87.66 0.139
44 99 -87.00 0.161
44 100 -89.00 0.183
44 101 -87.65 0.195
44 102 -88.69 0.206
44 103 -87.12 0.228
44 104 -87.83 0.261
44 105 -85.94 0.283
44 106 -86.14 0.284
44 107 -83.81 0.284
44 108 -83.59 0.285
44 109 -80.78 0.285
44 110 -80.10 -0.248
44 111 -76.88 -0.248
44 112 -75.62 -0.258
44 113 -72.10 -0.258
44 114 -70.51 -0.258
44 115 -66.53 -0.258
44 116 -64.47 -0.227
44 117 -60.16 -0.227
44 118 -57.78 -0.195
44 119 -53.31 -0.184
44 120 -50.69 -0.164
44 121 -45.87 -0.164
44 122 -43.00 -0.124
44 123 -38.15 -0.124
44 124 -35.26 0.000
44 125 -30.67 0.021
44 126 -27.72 0.000
44 127 -20.12 -0.011
44 128 -14.52 0.000
44 129 -6.52 0.011
44 130 -0.43 0.000
44 131 7.77 0.000
44 132 14.12 0.000
44 133 22.69 0.118
44 134 29.13 0.150
44 135 37.54 0.161
44 136 43.83 0.205
44 137 52.07 0.227
44 138 58.58 0.227
44 139 67.24 0.249
44 140 73.80 0.260
44 141 82.42 0.271
44 142 89.41 0.271
44 143 98.10 0.283
44 144 105.21 0.295
44 145 113.99 0.307
44 146 121.50 0.308
44 147 130.71 0.309
44 148 138.40 0.310
44 149 147.99 0.287
44 150 155.89 0.287
45 83 4.70 -0.235
45 84 -3.53 -0.234
45 85 -13.97 -0.234
45 86 -21.40 -0.234
45 87 -30.61 -0.243
45 88 -36.98 -0.243
45 89 -45.21 -0.243
45 90 -50.65 0.107
45 91 -58.43 0.075
45 92 -62.87 0.085
45 93 -69.61 0.000
45 94 -73.31 0.032
45 95 -78.87 0.000
45 96 -80.10 0.053
45 97 -82.96 0.043
45 98 -83.06 0.107
45 99 -85.11 0.139
45 100 -85.21 0.161
45 101 -87.38 0.184
45 102 -86.91 0.184
45 103 -88.07 0.195
45 104 -86.82 0.217
45 105 -87.64 0.217
45 106 -86.32 0.250
45 107 -86.74 0.250
45 108 -85.00 0.250
45 109 -84.96 0.262
45 110 -82.88 -0.248
45 111 -82.23 -0.248
45 112 -79.75 -0.248
45 113 -78.67 -0.248
45 114 -75.74 -0.258
45 115 -74.30 -0.258
45 116 -70.95 -0.258
45 117 -69.02 -0.237
45 118 -65.31 -0.227
45 119 -63.04 -0.195
45 120 -59.08 -0.185
45 121 -56.59 -0.164
45 122 -52.41 -0.164
45 123 -49.71 -0.124
45 124 -45.44 -0.032
45 125 -42.83 -0.021
45 126 -38.67 0.021
45 127 -35.83 0.000
45 128 -28.78 -0.011
45 129 -23.25 0.000
45 130 -15.80 0.011
45 131 -9.76 0.000
45 132 -2.11 0.000
45 133 4.17 0.000
45 134 12.18 0.118
45 135 18.38 0.150
45 136 26.49 0.161
45 137 32.85 0.161
45 138 40.47 0.227
45 139 46.88 0.227
45 140 54.90 0.227
45 141 61.63 0.249
45 142 69.75 0.271
45 143 76.65 0.283
45 144 84.82 0.283
45 145 91.92 0.295
45 146 100.36 0.296
45 147 107.69 0.296
45 148 116.42 0.309
45 149 124.02 0.297
45 150 133.09 0.275
45 151 140.90 0.276
45 152 149.98 0.265
45 153 157.88 0.266
46 86 -5.80 -0.235
46 87 -13.37 -0.235
46 88 -23.40 -0.234
46 89 -29.93 -0.234
46 90 -39.75 0.000
46 91 -45.66 -0.011
46 92 -54.45 0.000
46 93 -59.07 -0.021
46 94 -66.49 0.011
46 95 -70.35 0.032
46 96 -76.73 0.000
46 97 -78.23 -0.021
46 98 -81.79 -0.011
46 99 -81.88 0.107
46 100 -84.71 0.128
46 101 -84.91 0.150
46 102 -87.35 0.162
46 103 -86.97 0.173
46 104 -89.18 0.173
46 105 -88.23 0.174
46 106 -89.65 0.185
46 107 -88.09 0.195
46 108 -89.16 0.217
46 109 -87.54 0.239
46 110 -88.17 0.240
46 111 -86.07 -0.248
46 112 -86.18 -0.248
46 113 -83.78 -0.248
46 114 -83.60 -0.258
46 115 -80.74 -0.258
46 116 -79.93 -0.258
46 117 -76.65 -0.258
46 118 -75.42 -0.227
46 119 -71.73 -0.206
46 120 -70.18 -0.165
46 121 -66.39 -0.165
46 122 -64.74 -0.124
46 123 -60.76 -0.124
46 124 -58.65 0.021
46 125 -54.65 0.011
46 126 -52.86 0.000
46 127 -48.60 0.021
46 128 -46.21 0.000
46 129 -39.42 -0.011
46 130 -34.45 0.000
46 131 -27.04 0.000
46 132 -21.55 0.000
46 133 -13.93 0.000
46 134 -8.16 0.032
46 135 -0.11 0.118
46 136 5.59 0.118
46 137 13.67 0.150
46 138 19.54 0.161
46 139 27.56 0.216
46 140 33.30 0.216
46 141 41.22 0.227
46 142 47.51 0.249
46 143 55.61 0.260
46 144 62.00 0.271
46 145 70.02 0.271
46 146 76.65 0.283
46 147 85.25 0.284
46 148 92.08 0.284
46 149 100.76 0.285
46 150 107.95 0.286
46 151 116.91 0.275
46 152 124.25 0.264
46 153 133.36 0.253
46 154 140.79 0.242
46 155 150.00 0.231
46 156 157.60 0.231
47 88 -3.14 0.053
47 89 -13.71 0.032
47 90 -21.05 0.075
47 91 -30.89 0.053
47 92 -37.48 0.085
47 93 -46.47 0.075
47 94 -52.23 0.075
47 95 -60.06 0.064
47 96 -64.79 0.064
47 97 -71.35 -0.032
47 98 -73.55 0.053
47 99 -77.14 0.075
47 100 -78.26 0.107
47 101 -81.22 0.117
47 102 -82.12 0.139
47 103 -84.58 0.151
47 104 -84.90 0.151
47 105 -86.86 0.162
47 106 -86.64 0.162
47 107 -88.07 0.174
47 108 -87.59 0.184
47 109 -88.60 0.184
47 110 -87.46 0.207
47 111 -88.16 0.206
47 112 -86.65 -0.238
47 113 -86.95 -0.248
47 114 -85.19 -0.238
47 115 -85.10 -0.248
47 116 -82.93 -0.248
47 117 -82.26 -0.248
47 118 -79.53 -0.248
47 119 -78.41 -0.227
47 120 -75.42 0.174
47 121 -74.29 -0.124
47 122 -71.08 -0.124
47 123 -69.57 -0.124
47 124 -66.22 -0.124
47 125 -64.46 -0.011
47 126 -61.02 0.021
47 127 -59.13 0.000
47 128 -55.40 0.032
47 129 -53.15 0.000
47 130 -46.95 -0.021
47 131 -42.01 0.000
47 132 -35.17 0.000
47 133 -29.74 0.000
47 134 -22.63 0.000
47 135 -16.93 0.021
47 136 -9.48 0.096
47 137 -3.79 0.117
47 138 3.63 0.139
47 139 9.69 0.150
47 140 17.15 0.161
47 141 23.30 0.216
47 142 30.49 0.227
47 143 36.63 0.227
47 144 44.20 0.260
47 145 50.57 0.271
47 146 58.12 0.271
47 147 64.82 0.272
47 148 72.80 0.273
47 149 79.61 0.284
47 150 87.89 0.274
47 151 94.91 0.274
47 152 103.44 0.264
47 153 110.67 0.254
47 154 119.40 0.253
47 155 126.71 0.231
47 156 135.36 0.231
47 157 143.00 0.231
47 158 151.68 0.220
47 159 159.45 0.220
47 160 168.13 -0.235
48 90 -5.82 -0.010
48 91 -13.36 0.043
48 92 -23.94 0.043
48 93 -30.82 0.043
48 94 -40.60 0.043
48 95 -46.80 0.053
48 96 -55.92 -0.021
48 97 -60.70 0.043
48 98 -68.05 -0.021
48 99 -70.47 -0.032
48 100 -74.90 -0.032
48 101 -75.95 0.075
48 102 -79.48 0.107
48 103 -80.44 0.118
48 104 -83.60 0.129
48 105 -84.07 0.140
48 106 -86.73 0.151
48 107 -86.71 0.141
48 108 -88.84 0.151
48 109 -88.28 0.140
48 110 -89.97 0.152
48 111 -88.90 0.162
48 112 -90.20 0.174
48 113 -88.74 0.185
48 114 -89.67 0.196
48 115 -87.88 -0.228
48 116 -88.40 -0.238
48 117 -86.29 -0.238
48 118 -86.25 -0.238
48 119 -83.70 0.174
48 120 -83.47 0.140
48 121 -80.61 0.140
48 122 -80.54 -0.104
48 123 -77.48 -0.104
48 124 -76.66 0.000
48 125 -73.41 0.000
48 126 -72.46 -0.021
48 127 -69.01 -0.011
48 128 -67.84 0.000
48 129 -64.22 0.021
48 130 -62.56 0.000
48 131 -56.36 -0.011
48 132 -52.02 0.000
48 133 -45.17 0.011
48 134 -40.31 0.000
48 135 -33.25 0.000
48 136 -28.11 0.000
48 137 -20.74 0.011
48 138 -15.30 0.096
48 139 -7.86 0.118
48 140 -2.53 0.117
48 141 5.28 0.150
48 142 10.82 0.161
48 143 18.17 0.227
48 144 23.85 0.227
48 145 31.38 0.249
48 146 37.25 0.260
48 147 44.83 0.271
48 148 51.03 0.272
48 149 58.97 0.273
48 150 65.29 0.273
48 151 73.48 0.273
48 152 80.14 0.274
48 153 88.57 0.263
48 154 95.44 0.252
48 155 103.96 0.230
48 156 110.98 0.230
48 157 119.66 0.220
48 158 126.63 0.220
48 159 135.54 0.209
48 160 142.63 0.197
48 161 151.74 0.198
48 162 159.28 0.164
48 163 168.27 0.164
49 92 -3.69 0.043
49 93 -14.48 0.032
49 94 -22.14 0.043
49 95 -32.13 0.032
49 96 -39.11 0.043
49 97 -48.33 0.032
49 98 -54.26 0.043
49 99 -62.01 0.021
49 100 -65.14 0.032
49 101 -69.73 0.032
49 102 -71.71 0.043
49 103 -75.37 0.053
49 104 -76.83 0.085
49 105 -80.04 0.085
49 106 -81.11 0.107
49 107 -83.79 0.118
49 108 -84.46 0.107
49 109 -86.60 0.107
49 110 -86.64 0.097
49 111 -88.38 0.108
49 112 -87.96 0.108
49 113 -89.43 0.086
49 114 -88.65 0.086
49 115 -89.54 -0.115
49 116 -88.31 -0.146
49 117 -89.04 -0.125
49 118 -87.53 -0.125
49 119 -87.82 -0.125
49 120 -86.02 -0.105
49 121 -85.99 -0.104
49 122 -83.82 -0.094
49 123 -83.47 -0.094
49 124 -81.03 -0.094
49 125 -80.35 0.043
49 126 -77.62 0.043
49 127 -76.89 0.011
49 128 -73.89 0.032
49 129 -72.98 0.011
49 130 -69.80 0.021
49 131 -68.06 0.011
49 132 -62.50 0.021
49 133 -58.22 0.011
49 134 -51.95 0.032
49 135 -47.11 0.021
49 136 -40.64 0.021
49 137 -35.54 0.032
49 138 -28.71 0.032
49 139 -23.45 0.043
49 140 -16.47 0.096
49 141 -11.11 0.107
49 142 -4.02 0.118
49 143 1.44 0.118
49 144 8.94 0.216
49 145 14.55 0.216
49 146 21.44 0.249
49 147 27.28 0.249
49 148 34.47 0.260
49 149 40.57 0.272
49 150 47.95 0.273
49 151 54.22 0.273
49 152 61.95 0.274
49 153 68.50 0.274
49 154 76.40 0.252
49 155 83.22 0.252
49 156 91.36 0.253
49 157 98.25 0.230
49 158 106.47 0.230
49 159 113.60 0.219
49 160 121.97 0.197
49 161 129.35 0.163
49 162 137.74 0.163
49 163 145.04 0.163
49 164 153.48 0.164
49 165 160.89 0.119
49 166 169.55 0.119
50 94 -6.50 0.000
50 95 -14.31 0.000
50 96 -25.08 0.000
50 97 -32.23 -0.011
50 98 -42.26 0.000
50 99 -48.53 0.021
50 100 -57.50 0.000
50 101 -60.71 -0.011
50 102 -66.07 0.000
50 103 -68.16 0.000
50 104 -72.54 0.000
50 105 -74.14 0.000
50 106 -77.97 0.000
50 107 -79.03 0.000
50 108 -82.20 0.064
50 109 -82.88 0.086
50 110 -85.87 0.000
50 111 -86.09 -0.010
50 112 -88.62 0.000
50 113 -88.31 0.032
50 114 -90.45 0.000
50 115 -89.70 0.021
50 116 -91.45 0.000
50 117 -90.24 -0.073
50 118 -91.54 -0.094
50 119 -90.12 -0.105
50 120 -91.10 -0.084
50 121 -89.29 -0.094
50 122 -90.05 0.000
50 123 -87.93 0.000
50 124 -88.37 0.000
50 125 -85.99 0.000
50 126 -86.15 0.000
50 127 -83.53 -0.011
50 128 -83.41 0.000
50 129 -80.57 -0.011
50 130 -80.15 0.011
50 131 -76.92 0.011
50 132 -75.94 0.000
50 133 -70.36 -0.011
50 134 -66.65 0.000
50 135 -60.40 0.000
50 136 -56.13 0.000
50 137 -49.65 0.000
50 138 -45.11 0.000
50 139 -38.32 0.000
50 140 -33.57 0.000
50 141 -26.45 0.000
50 142 -21.61 0.000
50 143 -14.54 0.075
50 144 -9.55 0.096
50 145 -1.99 0.216
50 146 3.07 0.226
50 147 9.91 0.226
50 148 15.32 0.249
50 149 22.51 0.260
50 150 28.06 0.261
50 151 35.44 0.261
50 152 41.26 0.261
50 153 48.89 0.273
50 154 54.99 0.262
50 155 62.97 0.262
50 156 69.30 0.252
50 157 77.46 0.252
50 158 83.90 0.229
50 159 92.14 0.230
50 160 98.84 0.196
50 161 107.33 0.196
50 162 114.03 0.163
50 163 122.49 0.163
50 164 129.11 0.119
50 165 137.63 0.119
50 166 144.44 0.108
50 167 153.06 0.108
50 168 160.08 0.108
50 169 168.93 0.086
51 97 -12.43 -0.021
51 98 -20.31 0.021
51 99 -30.41 0.011
51 100 -37.45 0.032
51 101 -46.48 0.011
51 102 -50.75 0.032
51 103 -56.57 0.021
51 104 -59.25 0.075
51 105 -63.85 0.086
51 106 -66.28 0.107
51 107 -70.35 0.117
51 108 -72.30 0.117
51 109 -75.85 0.128
51 110 -77.34 0.118
51 111 -80.39 0.118
51 112 -81.31 0.118
51 113 -83.96 0.107
51 114 -84.15 -0.135
51 115 -86.45 -0.135
51 116 -86.54 -0.135
51 117 -88.38 -0.145
51 118 -88.05 -0.156
51 119 -89.45 -0.146
51 120 -88.61 -0.146
51 121 -89.75 -0.125
51 122 -88.61 -0.125
51 123 -89.33 -0.115
51 124 -87.86 -0.105
51 125 -88.26 -0.105
51 126 -86.51 -0.104
51 127 -86.73 -0.052
51 128 -84.74 -0.042
51 129 -84.67 -0.032
51 130 -82.42 -0.032
51 131 -82.11 -0.021
51 132 -79.34 0.032
51 133 -78.40 -0.011
51 134 -73.56 -0.021
51 135 -69.82 -0.021
51 136 -64.16 0.021
51 137 -60.01 -0.021
51 138 -54.09 -0.032
51 139 -49.76 0.054
51 140 -43.64 0.065
51 141 -39.02 0.097
51 142 -32.74 0.107
51 143 -27.99 0.118
51 144 -21.40 0.140
51 145 -16.48 0.161
51 146 -9.96 0.216
51 147 -4.97 0.216
51 148 1.34 0.226
51 149 6.59 0.226
51 150 13.43 0.249
51 151 18.89 0.227
51 152 25.87 0.250
51 153 31.63 0.250
51 154 38.77 0.262
51 155 44.86 0.250
51 156 52.24 0.263
51 157 58.55 0.252
51 158 66.23 0.252
51 159 72.63 0.229
51 160 80.47 0.229
51 161 87.08 0.196
51 162 94.93 0.196
51 163 101.93 0.162
51 164 109.93 0.163
51 165 116.50 -0.146
51 166 124.68 0.118
51 167 131.48 0.119
51 168 139.58 0.108
51 169 146.56 0.108
51 170 154.49 0.108
51 171 162.11 0.086
51 172 170.25 -0.063
52 99 -10.12 -0.011
52 100 -20.95 0.000
52 101 -28.09 0.021
52 102 -37.84 0.000
52 103 -42.54 -0.021
52 104 -49.36 0.000
52 105 -52.23 0.086
52 106 -57.53 0.119
52 107 -60.24 0.128
52 108 -65.09 0.139
52 109 -67.17 0.139
52 110 -71.52 0.150
52 111 -73.02 0.172
52 112 -76.82 0.183
52 113 -78.02 0.194
52 114 -81.42 0.194
52 115 -82.03 0.205
52 116 -84.83 0.216
52 117 -85.01 0.216
52 118 -87.31 -0.165
52 119 -87.27 -0.176
52 120 -89.18 -0.176
52 121 -88.65 -0.176
52 122 -90.10 -0.166
52 123 -89.03 -0.146
52 124 -90.35 -0.125
52 125 -88.98 -0.125
52 126 -90.01 -0.105
52 127 -88.33 -0.105
52 128 -89.01 -0.094
52 129 -87.06 -0.094
52 130 -87.81 0.000
52 131 -85.54 0.011
52 132 -85.95 0.000
52 133 -83.22 0.021
52 134 -82.90 0.000
52 135 -78.06 -0.011
52 136 -75.00 0.000
52 137 -69.37 0.011
52 138 -65.76 0.000
52 139 -59.89 0.087
52 140 -56.13 0.097
52 141 -50.19 0.118
52 142 -46.36 0.118
52 143 -40.19 0.150
52 144 -36.12 0.161
52 145 -29.95 0.194
52 146 -25.65 0.194
52 147 -19.59 0.205
52 148 -15.10 0.215
52 149 -8.62 0.226
52 150 -3.84 0.226
52 151 2.88 0.227
52 152 7.90 0.227
52 153 14.87 0.250
52 154 20.02 0.261
52 155 27.20 0.262
52 156 32.71 0.263
52 157 40.17 0.251
52 158 45.93 0.252
52 159 53.63 0.252
52 160 59.60 0.229
52 161 67.41 0.230
52 162 73.62 0.218
52 163 81.60 0.196
52 164 88.10 0.185
52 165 96.16 0.162
52 166 102.31 0.163
52 167 110.41 -0.156
52 168 116.81 0.119
52 169 124.91 0.119
52 170 131.48 0.119
52 171 139.79 0.108
52 172 146.65 -0.125
52 173 154.85 -0.073
52 174 161.50 -0.063
52 175 169.81 -0.063
52 176 176.83 -0.042
53 101 -8.10 0.011
53 102 -15.96 0.032
53 103 -25.77 0.000
53 104 -31.27 0.054
53 105 -38.16 0.087
53 106 -42.31 0.129
53 107 -48.40 0.129
53 108 -51.88 0.150
53 109 -56.98 0.162
53 110 -59.78 0.173
53 111 -64.34 0.173
53 112 -66.94 0.183
53 113 -70.89 0.205
53 114 -72.67 0.216
53 115 -76.11 0.216
53 116 -77.48 0.227
53 117 -80.43 0.228
53 118 -81.29 0.239
53 119 -83.75 0.239
53 120 -84.10 0.239
53 121 -86.15 -0.186
53 122 -86.22 -0.196
53 123 -87.79 -0.187
53 124 -87.33 0.183
53 125 -88.55 -0.166
53 126 -87.45 0.162
53 127 -88.36 -0.125
53 128 -87.35 -0.125
53 129 -88.22 -0.115
53 130 -86.87 -0.125
53 131 -87.44 0.032
53 132 -85.91 0.032
53 133 -86.22 0.021
53 134 -84.13 0.032
53 135 -83.83 0.000
53 136 -79.53 0.032
53 137 -76.58 0.011
53 138 -71.60 0.032
53 139 -67.97 0.097
53 140 -62.99 0.107
53 141 -59.43 0.118
53 142 -54.19 0.141
53 143 -50.48 0.151
53 144 -45.10 0.152
53 145 -41.29 0.172
53 146 -35.55 0.194
53 147 -31.65 0.194
53 148 -25.93 0.215
53 149 -21.55 0.215
53 150 -15.58 0.226
53 151 -10.99 0.226
53 152 -4.84 0.226
53 153 0.20 0.227
53 154 6.55 0.250
53 155 11.72 0.261
53 156 18.29 0.262
53 157 23.85 0.263
53 158 30.72 0.251
53 159 36.51 0.252
53 160 43.72 0.252
53 161 49.64 0.229
53 162 56.98 0.230
53 163 63.17 0.219
53 164 70.63 0.219
53 165 76.98 0.196
53 166 84.61 0.185
53 167 91.23 0.163
53 168 98.76 0.163
53 169 105.25 0.140
53 170 112.95 0.119
53 171 119.50 0.119
53 172 127.40 0.108
53 173 134.21 -0.125
53 174 142.08 -0.125
53 175 148.72 -0.063
53 176 156.59 -0.063
53 177 163.52 -0.052
53 178 171.55 0.011
53 179 178.73 0.000
54 103 -5.38 0.053
54 104 -15.92 0.000
54 105 -21.45 0.076
54 106 -29.19 0.129
54 107 -34.05 0.140
54 108 -41.15 0.162
54 109 -44.96 0.162
54 110 -50.87 0.173
54 111 -54.28 0.185
54 112 -59.46 0.195
54 113 -61.88 0.206
54 114 -66.53 0.237
54 115 -68.57 0.237
54 116 -72.74 0.238
54 117 -74.18 0.238
54 118 -77.80 0.238
54 119 -78.84 0.250
54 120 -81.99 0.250
54 121 -82.43 0.251
54 122 -85.03 0.252
54 123 -85.07 0.252
54 124 -87.17 0.229
54 125 -86.91 0.217
54 126 -88.80 0.195
54 127 -87.90 0.172
54 128 -89.28 0.173
54 129 -88.24 0.162
54 130 -89.14 -0.125
54 131 -88.04 -0.125
54 132 -88.90 -0.125
54 133 -87.61 0.053
54 134 -88.55 0.000
54 135 -86.51 0.032
54 136 -86.86 0.000
54 137 -82.68 -0.021
54 138 -80.21 0.000
54 139 -75.14 0.086
54 140 -72.50 0.097
54 141 -67.68 0.129
54 142 -64.84 0.141
54 143 -59.85 0.152
54 144 -56.74 0.162
54 145 -51.68 0.174
54 146 -48.28 0.194
54 147 -43.01 0.216
54 148 -39.43 0.216
54 149 -33.88 0.215
54 150 -29.96 0.226
54 151 -24.12 0.226
54 152 -20.01 0.226
54 153 -13.89 0.249
54 154 -9.45 0.249
54 155 -3.23 0.261
54 156 1.54 0.261
54 157 8.06 0.262
54 158 13.02 0.263
54 159 19.96 0.251
54 160 25.19 0.252
54 161 32.38 0.253
54 162 37.89 0.229
54 163 45.24 0.230
54 164 50.93 0.230
54 165 58.43 0.219
54 166 64.42 0.196
54 167 72.00 0.197
54 168 78.08 0.162
54 169 85.96 0.163
54 170 92.07 0.163
54 171 99.82 0.141
54 172 105.76 0.119
54 173 113.68 0.119
54 174 120.15 -0.125
54 175 128.06 -0.125
54 176 134.29 -0.063
54 177 142.14 -0.063
54 178 148.67 -0.063
54 179 156.66 0.000
54 180 163.44 0.000
54 181 173.72 -0.011
54 182 182.42 0.000
55 106 -9.38 0.096
55 107 -17.51 0.129
55 108 -23.19 0.162
55 109 -30.68 0.173
55 110 -36.04 0.174
55 111 -42.40 0.185
55 112 -46.09 0.196
55 113 -51.49 0.207
55 114 -54.62 0.228
55 115 -59.45 0.260
55 116 -62.20 0.260
55 117 -66.48 0.260
55 118 -68.60 0.260
55 119 -72.23 0.261
55 120 -73.95 0.250
55 121 -77.28 0.250
55 122 -78.41 0.262
55 123 -81.06 0.252
55 124 -81.78 0.252
55 125 -83.89 0.240
55 126 -84.15 0.241
55 127 -86.00 0.206
55 128 -85.90 0.206
55 129 -87.16 0.184
55 130 -86.64 0.173
55 131 -87.48 0.151
55 132 -86.72 0.140
55 133 -87.74 -0.125
55 134 -86.81 -0.125
55 135 -87.79 0.000
55 136 -86.34 0.053
55 137 -86.77 0.000
55 138 -83.17 -0.021
55 139 -80.81 -0.011
55 140 -76.44 0.097
55 141 -73.94 0.119
55 142 -69.96 0.141
55 143 -67.32 0.153
55 144 -62.99 0.163
55 145 -59.97 0.163
55 146 -55.56 0.174
55 147 -52.17 0.206
55 148 -47.50 0.216
55 149 -43.97 0.227
55 150 -39.02 0.237
55 151 -35.14 0.226
55 152 -29.97 0.248
55 153 -25.83 0.249
55 154 -20.26 0.260
55 155 -15.89 0.261
55 156 -10.24 0.261
55 157 -5.63 0.262
55 158 0.52 0.262
55 159 5.41 0.263
55 160 11.87 0.263
55 161 17.08 0.252
55 162 23.77 0.253
55 163 29.22 0.230
55 164 36.10 0.230
55 165 41.80 0.230
55 166 48.84 0.219
55 167 54.74 0.208
55 168 62.00 0.197
55 169 68.02 0.197
55 170 75.49 0.163
55 171 81.57 0.163
55 172 88.94 0.140
55 173 94.98 0.119
55 174 102.46 0.119
55 175 109.06 0.108
55 176 116.48 -0.125
55 177 122.71 -0.073
55 178 130.15 -0.073
55 179 136.64 -0.063
55 180 144.21 -0.011
55 181 151.02 0.000
55 182 160.82 -0.011
55 183 169.50 -0.011
55 184 179.68 0.021
55 185 188.61 -0.011
56 108 -7.76 0.140
56 109 -13.73 0.163
56 110 -22.49 0.185
56 111 -27.80 0.186
56 112 -35.19 0.197
56 113 -39.13 0.208
56 114 -45.26 0.218
56 115 -48.62 0.261
56 116 -54.34 0.282
56 117 -57.24 0.282
56 118 -62.25 0.293
56 119 -64.41 0.283
56 120 -68.64 0.283
56 121 -70.43 0.284
56 122 -74.40 0.273
56 123 -75.68 0.274
56 124 -78.94 0.263
56 125 -79.77 0.264
56 126 -82.47 0.264
56 127 -82.77 0.253
56 128 -85.07 0.229
56 129 -85.02 0.218
56 130 -86.99 0.195
56 131 -86.38 0.184
56 132 -87.71 0.162
56 133 -86.93 0.151
56 134 -88.34 -0.125
56 135 -87.41 -0.125
56 136 -89.00 0.021
56 137 -87.70 0.053
56 138 -88.69 0.000
56 139 -85.20 -0.032
56 140 -83.44 0.000
56 141 -79.16 0.097
56 142 -77.30 0.130
56 143 -73.53 0.152
56 144 -71.52 0.163
56 145 -67.34 0.175
56 146 -65.20 0.174
56 147 -60.66 0.185
56 148 -57.99 0.228
56 149 -53.53 0.239
56 150 -50.54 0.237
56 151 -45.63 0.249
56 152 -42.34 0.249
56 153 -37.23 0.259
56 154 -33.67 0.259
56 155 -28.18 0.271
56 156 -24.39 0.260
56 157 -18.71 0.272
56 158 -14.59 0.273
56 159 -8.64 0.273
56 160 -4.08 0.274
56 161 2.22 0.263
56 162 7.08 0.263
56 163 13.69 0.253
56 164 18.82 0.253
56 165 25.61 0.230
56 166 30.91 0.230
56 167 37.94 0.230
56 168 43.47 0.219
56 169 50.63 0.220
56 170 56.28 0.197
56 171 63.85 0.185
56 172 69.43 0.163
56 173 76.75 0.163
56 174 82.54 0.141
56 175 90.02 0.119
56 176 96.18 0.119
56 177 103.60 -0.125
56 178 109.63 -0.073
56 179 116.84 -0.063
56 180 122.92 -0.063
56 181 130.56 0.000
56 182 136.94 -0.011
56 183 146.67 -0.021
56 184 154.98 0.000
56 185 165.12 0.021
56 186 173.64 -0.011
56 187 183.37 0.109
56 188 191.57 0.121
56 189 201.14 0.121
57 110 -2.27 0.184
57 111 -10.78 0.196
57 112 -16.89 0.196
57 113 -24.59 0.219
57 114 -29.48 0.228
57 115 -36.21 0.261
57 116 -40.54 0.271
57 117 -46.47 0.282
57 118 -50.07 0.293
57 119 -55.15 0.293
57 120 -58.00 0.293
57 121 -62.33 0.294
57 122 -64.76 0.295
57 123 -68.77 0.284
57 124 -70.58 0.285
57 125 -73.93 0.286
57 126 -75.31 0.286
57 127 -78.05 0.275
57 128 -78.91 0.264
57 129 -81.17 0.241
57 130 -81.64 0.229
57 131 -83.52 0.206
57 132 -83.47 0.185
57 133 -85.10 0.174
57 134 -84.73 0.151
57 135 -86.12 0.129
57 136 -85.68 0.107
57 137 -87.15 0.053
57 138 -86.55 0.053
57 139 -87.56 0.000
57 140 -84.60 0.053
57 141 -82.90 0.053
57 142 -79.36 0.108
57 143 -77.71 0.131
57 144 -74.57 0.153
57 145 -72.70 0.174
57 146 -69.39 0.175
57 147 -67.03 0.185
57 148 -63.19 0.228
57 149 -60.88 0.239
57 150 -56.97 0.239
57 151 -54.05 0.249
57 152 -49.70 0.260
57 153 -46.54 0.259
57 154 -41.95 0.259
57 155 -38.44 0.271
57 156 -33.47 0.271
57 157 -29.76 0.271
57 158 -24.55 0.272
57 159 -20.47 0.273
57 160 -14.99 0.273
57 161 -10.44 0.273
57 162 -4.60 0.274
57 163 0.23 0.263
57 164 6.42 0.264
57 165 11.53 0.253
57 166 17.94 0.253
57 167 23.15 0.230
57 168 29.75 0.231
57 169 35.19 0.220
57 170 41.83 0.220
57 171 47.56 0.197
57 172 54.57 0.186
57 173 60.25 0.163
57 174 67.10 0.163
57 175 72.92 0.152
57 176 80.01 0.119
57 177 86.04 0.119
57 178 93.14 0.108
57 179 99.24 -0.073
57 180 106.00 -0.063
57 181 112.06 -0.063
57 182 119.31 0.011
57 183 125.70 0.011
57 184 134.96 -0.021
57 185 143.26 0.011
57 186 152.96 0.021
57 187 161.50 0.011
57 188 170.75 0.109
57 189 178.89 0.121
57 190 188.10 0.121
57 191 196.38 0.143
57 192 205.61 0.153
58 113 -7.33 0.217
58 114 -15.76 0.228
58 115 -21.27 0.249
58 116 -29.11 0.282
58 117 -33.69 0.282
58 118 -40.43 0.304
58 119 -44.16 0.304
58 120 -49.92 0.304
58 121 -52.94 0.305
58 122 -58.00 0.305
58 123 -60.47 0.306
58 124 -64.97 0.295
58 125 -66.89 0.296
58 126 -70.81 0.297
58 127 -72.22 0.297
58 128 -75.51 0.286
58 129 -76.38 0.275
58 130 -79.17 0.252
58 131 -79.68 0.229
58 132 -82.18 0.207
58 133 -82.19 0.196
58 134 -84.27 0.185
58 135 -84.08 0.162
58 136 -85.81 0.129
58 137 -85.45 0.129
58 138 -87.40 0.064
58 139 -86.92 0.053
58 140 -88.51 0.000
58 141 -85.67 -0.032
58 142 -84.55 0.011
58 143 -81.06 0.130
58 144 -79.99 0.141
58 145 -76.93 0.163
58 146 -75.93 0.174
58 147 -72.37 0.185
58 148 -70.64 0.206
58 149 -67.28 0.228
58 150 -65.55 0.239
58 151 -61.73 0.249
58 152 -59.49 0.259
58 153 -55.27 0.259
58 154 -52.66 0.270
58 155 -48.17 0.270
58 156 -45.19 0.271
58 157 -40.35 0.282
58 158 -37.05 0.282
58 159 -31.90 0.283
58 160 -28.26 0.284
58 161 -22.84 0.285
58 162 -18.72 0.273
58 163 -12.91 0.274
58 164 -8.54 0.275
58 165 -2.38 0.264
58 166 2.20 0.264
58 167 8.60 0.254
58 168 13.48 0.230
58 169 19.94 0.231
58 170 25.04 0.231
58 171 31.68 0.220
58 172 36.93 0.209
58 173 43.78 0.197
58 174 49.22 0.163
58 175 56.05 0.163
58 176 61.51 0.152
58 177 68.74 0.141
58 178 74.29 0.119
58 179 81.47 0.108
58 180 87.10 -0.073
58 181 93.84 -0.063
58 182 99.46 -0.063
58 183 106.67 0.000
58 184 112.61 0.000
58 185 121.94 -0.011
58 186 129.75 0.000
58 187 139.47 0.011
58 188 147.57 0.000
58 189 156.74 0.110
58 190 164.54 0.120
58 191 173.68 0.131
58 192 181.49 0.143
58 193 190.80 0.153
58 194 198.68 0.164
58 195 207.75 0.196
59 115 -4.40 0.260
59 116 -10.77 0.282
59 117 -18.96 0.293
59 118 -24.52 0.293
59 119 -31.61 0.304
59 120 -36.03 0.315
59 121 -41.96 0.316
59 122 -45.67 0.316
59 123 -50.72 0.316
59 124 -53.88 0.317
59 125 -58.36 0.318
59 126 -60.86 0.307
59 127 -64.80 0.307
59 128 -66.79 0.296
59 129 -70.14 0.297
59 130 -71.53 0.285
59 131 -74.28 0.263
59 132 -75.32 0.240
59 133 -77.80 0.229
59 134 -78.32 0.207
59 135 -80.47 0.185
59 136 -80.86 0.163
59 137 -82.60 0.140
59 138 -82.75 0.129
59 139 -84.65 0.075
59 140 -84.71 0.064
59 141 -86.38 0.000
59 142 -84.11 -0.032
59 143 -83.05 0.032
59 144 -80.29 0.130
59 145 -79.29 0.141
59 146 -76.99 0.163
59 147 -75.85 0.184
59 148 -72.99 0.205
59 149 -71.63 0.227
59 150 -68.90 0.238
59 151 -67.27 0.249
59 152 -64.01 0.260
59 153 -61.91 0.259
59 154 -58.30 0.270
59 155 -55.70 0.270
59 156 -51.71 0.282
59 157 -48.81 0.282
59 158 -44.52 0.282
59 159 -41.24 0.282
59 160 -36.67 0.294
59 161 -33.06 0.295
59 162 -28.07 0.296
59 163 -24.01 0.285
59 164 -18.59 0.285
59 165 -14.23 0.274
59 166 -8.55 0.275
59 167 -3.96 0.264
59 168 1.98 0.264
59 169 6.88 0.253
59 170 12.95 0.231
59 171 17.99 0.231
59 172 24.20 0.231
59 173 29.47 0.209
59 174 35.72 0.197
59 175 41.28 0.163
59 176 47.56 0.163
59 177 53.03 0.152
59 178 59.90 0.141
59 179 65.49 0.119
59 180 72.32 -0.125
59 181 77.87 -0.073
59 182 84.15 -0.063
59 183 89.76 -0.063
59 184 96.56 -0.021
59 185 102.54 -0.011
59 186 111.40 -0.021
59 187 119.22 -0.011
59 188 128.46 0.021
59 189 136.36 0.077
59 190 145.17 0.099
59 191 152.91 0.110
59 192 161.68 0.121
59 193 169.50 0.143
59 194 178.35 0.153
59 195 185.97 0.186
59 196 194.79 0.196
59 197 202.55 0.207
59 198 211.66 0.228
60 118 -10.44 0.304
60 119 -16.43 0.304
60 120 -24.61 0.326
60 121 -29.22 0.326
60 122 -35.74 0.327
60 123 -39.50 0.327
60 124 -45.25 0.328
60 125 -48.42 0.328
60 126 -53.56 0.318
60 127 -56.12 0.318
60 128 -60.65 0.319
60 129 -62.67 0.319
60 130 -66.56 0.320
60 131 -67.93 0.330
60 132 -71.19 0.285
60 133 -72.30 0.251
60 134 -75.38 0.229
60 135 -75.97 0.218
60 136 -78.61 0.185
60 137 -79.06 0.174
60 138 -81.35 0.140
60 139 -81.44 0.129
60 140 -84.02 0.043
60 141 -84.11 0.053
60 142 -86.36 0.000
60 143 -84.10 0.032
60 144 -83.68 0.000
60 145 -80.89 0.109
60 146 -80.44 0.152
60 147 -78.18 0.173
60 148 -77.65 0.194
60 149 -75.01 0.216
60 150 -74.39 0.237
60 151 -71.73 0.249
60 152 -70.77 0.260
60 153 -67.68 0.259
60 154 -66.12 0.270
60 155 -62.56 0.270
60 156 -60.61 0.281
60 157 -56.72 0.281
60 158 -54.40 0.293
60 159 -50.14 0.294
60 160 -47.39 0.294
60 161 -42.84 0.294
60 162 -39.73 0.306
60 163 -34.77 0.296
60 164 -31.13 0.296
60 165 -25.74 0.285
60 166 -21.80 0.285
60 167 -16.19 0.275
60 168 -12.06 0.275
60 169 -6.14 0.264
60 170 -1.73 0.253
60 171 4.41 0.254
60 172 8.92 0.231
60 173 15.13 0.231
60 174 19.90 0.220
60 175 26.25 0.197
60 176 31.33 0.186
60 177 37.65 0.164
60 178 42.74 0.163
60 179 49.66 0.152
60 180 54.83 0.119
60 181 61.58 -0.125
60 182 66.82 -0.084
60 183 73.09 -0.063
60 184 78.24 -0.063
60 185 85.06 0.000
60 186 90.58 0.000
60 187 99.47 -0.011
60 188 106.83 0.000
60 189 116.12 0.011
60 190 123.50 0.077
60 191 132.30 0.099
60 192 139.69 0.110
60 193 148.46 0.121
60 194 155.90 0.143
60 195 164.77 0.153
60 196 171.95 0.196
60 197 180.74 0.206
60 198 188.12 0.216
60 199 196.96 0.228
60 200 204.43 0.227
60 201 213.49 0.237
61 120 -5.73 0.315
61 121 -14.06 0.326
61 122 -19.57 0.326
61 123 -26.51 0.338
61 124 -30.90 0.339
61 125 -36.75 0.340
61 126 -40.54 0.341
61 127 -45.78 0.329
61 128 -48.92 0.330
61 129 -53.55 0.330
61 130 -56.16 0.319
61 131 -60.16 0.320
61 132 -62.17 0.343
61 133 -65.54 0.342
61 134 -66.94 0.330
61 135 -69.90 0.229
61 136 -71.16 0.229
61 137 -73.89 0.207
61 138 -74.83 0.185
61 139 -77.19 0.151
61 140 -77.80 -0.156
61 141 -80.44 0.000
61 142 -80.92 0.053
61 143 -83.25 0.000
61 144 -81.57 -0.032
61 145 -81.21 0.000
61 146 -79.03 0.098
61 147 -78.74 0.172
61 148 -77.05 0.184
61 149 -76.66 0.205
61 150 -74.63 0.227
61 151 -74.13 0.248
61 152 -72.01 0.249
61 153 -71.23 0.259
61 154 -68.64 0.270
61 155 -67.25 0.281
61 156 -64.23 0.281
61 157 -62.39 0.281
61 158 -59.08 0.293
61 159 -56.83 0.293
61 160 -53.07 0.294
61 161 -50.41 0.306
61 162 -46.46 0.306
61 163 -43.35 0.306
61 164 -38.87 0.307
61 165 -35.35 0.296
61 166 -30.34 0.297
61 167 -26.42 0.285
61 168 -21.24 0.275
61 169 -17.16 0.275
61 170 -11.68 0.276
61 171 -7.22 0.264
61 172 -1.58 0.254
61 173 2.96 0.231
61 174 8.72 0.231
61 175 13.42 0.220
61 176 19.39 0.208
61 177 24.23 0.197
61 178 30.48 0.163
61 179 35.41 0.163
61 180 41.99 0.152
61 181 47.31 -0.176
61 182 53.39 -0.125
61 183 58.64 -0.084
61 184 64.51 -0.063
61 185 69.68 -0.063
61 186 76.07 0.011
61 187 81.57 0.000
61 188 90.05 -0.011
61 189 97.39 0.000
61 190 106.19 0.043
61 191 113.43 0.077
61 192 121.80 0.089
61 193 129.21 0.110
61 194 137.65 0.121
61 195 145.04 0.132
61 196 153.58 0.143
61 197 160.59 0.196
61 198 168.96 0.206
61 199 176.25 0.217
61 200 184.85 0.227
61 201 192.25 0.227
61 202 200.80 0.237
61 203 208.40 0.248
61 204 216.96 0.248
61 205 224.87 0.259
62 123 -10.85 0.338
62 124 -18.69 0.350
62 125 -23.23 0.339
62 126 -29.69 0.340
62 127 -33.59 0.341
62 128 -39.46 0.341
62 129 -42.73 0.331
62 130 -47.99 0.331
62 131 -50.75 0.320
62 132 -55.35 0.320
62 133 -57.45 0.343
62 134 -61.40 0.343
62 135 -62.88 0.330
62 136 -66.46 0.241
62 137 -67.81 0.218
62 138 -71.11 0.218
62 139 -72.06 0.185
62 140 -75.02 -0.166
62 141 -75.61 -0.156
62 142 -78.80 0.000
62 143 -79.33 0.043
62 144 -82.24 0.000
62 145 -80.63 -0.032
62 146 -80.83 0.000
62 147 -78.62 0.140
62 148 -79.02 0.172
62 149 -77.26 0.183
62 150 -77.42 0.205
62 151 -75.47 0.227
62 152 -75.48 0.237
62 153 -73.44 0.259
62 154 -73.19 0.270
62 155 -70.69 0.270
62 156 -69.82 0.282
62 157 -66.95 0.281
62 158 -65.66 0.293
62 159 -62.45 0.293
62 160 -60.78 0.293
62 161 -57.10 0.294
62 162 -55.03 0.306
62 163 -51.07 0.306
62 164 -48.58 0.307
62 165 -44.17 0.307
62 166 -41.10 0.297
62 167 -36.21 0.297
62 168 -32.92 0.286
62 169 -27.75 0.275
62 170 -24.14 0.276
62 171 -18.75 0.277
62 172 -14.79 0.265
62 173 -9.15 0.265
62 174 -5.02 0.254
62 175 0.75 0.231
62 176 5.02 0.231
62 177 10.95 0.220
62 178 15.43 0.197
62 179 21.64 0.164
62 180 26.17 0.163
62 181 32.68 0.163
62 182 37.52 -0.177
62 183 43.85 -0.146
62 184 48.53 -0.125
62 185 54.48 -0.063
62 186 59.22 -0.063
62 187 65.62 0.000
62 188 70.70 0.000
62 189 79.21 -0.011
62 190 86.12 0.000
62 191 94.83 0.044
62 192 101.72 0.077
62 193 110.04 0.089
62 194 117.03 0.100
62 195 125.51 0.110
62 196 132.59 0.132
62 197 141.01 0.185
62 198 147.62 0.196
62 199 155.98 0.206
62 200 162.96 0.217
62 201 171.39 0.227
62 202 178.37 0.227
62 203 186.99 0.237
62 204 194.04 0.248
62 205 202.83 0.248
62 206 210.08 0.259
62 207 219.02 0.259
62 208 226.38 0.259
63 125 -7.49 0.339
63 126 -12.88 0.340
63 127 -19.78 0.341
63 128 -24.18 0.330
63 129 -30.23 0.331
63 130 -34.33 0.331
63 131 -39.74 0.320
63 132 -43.12 0.320
63 133 -47.87 0.321
63 134 -50.49 0.332
63 135 -54.51 0.332
63 136 -56.68 0.320
63 137 -60.41 0.252
63 138 -62.12 0.229
63 139 -65.42 0.218
63 140 -66.94 0.196
63 141 -69.86 -0.176
63 142 -71.05 -0.166
63 143 -73.81 -0.135
63 144 -75.28 -0.063
63 145 -78.09 0.011
63 146 -77.06 -0.032
63 147 -77.34 0.043
63 148 -75.78 0.151
63 149 -76.33 0.183
63 150 -75.11 0.194
63 151 -75.40 0.215
63 152 -73.97 0.226
63 153 -74.07 0.249
63 154 -72.51 0.249
63 155 -72.31 0.270
63 156 -70.32 0.270
63 157 -69.55 0.282
63 158 -67.19 0.282
63 159 -65.98 0.282
63 160 -63.38 0.293
63 161 -61.83 0.294
63 162 -58.69 0.294
63 163 -56.73 0.306
63 164 -53.28 0.307
63 165 -50.89 0.307
63 166 -47.01 0.308
63 167 -44.04 0.297
63 168 -39.67 0.297
63 169 -36.45 0.286
63 170 -31.75 0.287
63 171 -28.20 0.276
63 172 -23.24 0.277
63 173 -19.33 0.265
63 174 -14.12 0.265
63 175 -10.00 0.254
63 176 -4.61 0.231
63 177 -0.37 0.231
63 178 5.13 0.220
63 179 9.61 0.197
63 180 15.46 0.186
63 181 20.01 0.163
63 182 25.94 0.163
63 183 30.74 -0.177
63 184 36.66 -0.146
63 185 41.37 -0.125
63 186 46.99 -0.084
63 187 51.73 -0.063
63 188 57.69 0.000
63 189 62.77 0.000
63 190 70.86 -0.011
63 191 77.75 0.000
63 192 85.88 0.045
63 193 92.77 0.067
63 194 100.64 0.078
63 195 107.64 0.089
63 196 115.76 0.110
63 197 122.79 0.121
63 198 130.84 0.185
63 199 137.44 0.185
63 200 145.48 0.206
63 201 152.30 0.217
63 202 160.43 0.227
63 203 167.42 0.238
63 204 175.52 0.237
63 205 182.58 0.248
63 206 190.86 0.248
63 207 198.14 0.259
63 208 206.61 0.259
63 209 213.95 0.259
63 210 222.66 0.271
63 211 230.54 0.271
64 128 -11.26 0.341
64 129 -15.88 0.331
64 130 -22.62 0.331
64 131 -27.01 0.320
64 132 -33.10 0.320
64 133 -36.57 0.321
64 134 -41.98 0.322
64 135 -44.73 0.299
64 136 -49.36 0.298
64 137 -51.67 0.264
64 138 -55.93 0.252
64 139 -57.74 0.230
64 140 -61.63 0.218
64 141 -63.19 0.207
64 142 -66.66 -0.176
64 143 -67.97 -0.166
64 144 -71.31 -0.146
64 145 -72.78 -0.063
64 146 -76.18 0.000
64 147 -75.19 -0.032
64 148 -76.04 0.000
64 149 -74.40 0.140
64 150 -75.34 0.172
64 151 -74.33 0.194
64 152 -75.08 0.205
64 153 -73.71 0.226
64 154 -74.29 0.237
64 155 -72.75 0.249
64 156 -73.04 0.260
64 157 -71.13 0.271
64 158 -70.92 0.282
64 159 -68.62 0.282
64 160 -68.00 0.282
64 161 -65.44 0.294
64 162 -64.43 0.294
64 163 -61.45 0.294
64 164 -60.01 0.295
64 165 -56.65 0.307
64 166 -54.82 0.308
64 167 -50.97 0.309
64 168 -48.64 0.298
64 169 -44.40 0.298
64 170 -41.68 0.287
64 171 -37.16 0.287
64 172 -34.07 0.276
64 173 -29.23 0.277
64 174 -25.81 0.277
64 175 -20.61 0.265
64 176 -17.00 0.254
64 177 -11.55 0.231
64 178 -7.74 0.231
64 179 -2.32 0.220
64 180 1.84 0.208
64 181 7.47 0.186
64 182 11.85 0.163
64 183 17.86 -0.187
64 184 22.05 -0.177
64 185 28.01 -0.156
64 186 32.31 -0.125
64 187 37.93 -0.084
64 188 42.29 -0.063
64 189 48.31 0.000
64 190 52.97 0.000
64 191 61.01 -0.021
64 192 67.51 0.000
64 193 75.65 0.045
64 194 82.16 0.056
64 195 90.04 0.079
64 196 96.61 0.089
64 197 104.71 0.110
64 198 111.36 0.131
64 199 119.42 0.174
64 200 125.64 0.185
64 201 133.52 0.196
64 202 140.03 0.206
64 203 148.16 0.227
64 204 154.73 0.238
64 205 162.81 0.237
64 206 169.55 0.237
64 207 177.79 0.248
64 208 184.62 0.259
64 209 193.06 0.260
64 210 200.24 0.260
64 211 208.99 0.271
64 212 216.41 0.271
64 213 225.37 0.272
64 214 233.07 0.273
65 130 -5.37 0.331
65 131 -12.73 0.320
65 132 -17.52 0.321
65 133 -23.93 0.321
65 134 -28.10 0.322
65 135 -33.56 0.322
65 136 -36.88 0.310
65 137 -41.61 0.299
65 138 -44.40 0.275
65 139 -48.75 0.252
65 140 -51.13 0.241
65 141 -54.99 0.230
65 142 -57.06 0.207
65 143 -60.46 -0.176
65 144 -62.36 -0.166
65 145 -65.73 -0.156
65 146 -67.65 -0.063
65 147 -71.00 -0.021
65 148 -70.65 -0.042
65 149 -71.51 -0.052
65 150 -70.58 0.151
65 151 -71.65 0.172
65 152 -71.17 0.194
65 153 -72.05 0.216
65 154 -71.21 0.227
65 155 -71.84 0.238
65 156 -70.79 0.249
65 157 -71.14 0.260
65 158 -69.73 0.271
65 159 -69.59 0.271
65 160 -67.80 0.283
65 161 -67.29 0.283
65 162 -65.24 0.283
65 163 -64.38 0.295
65 164 -61.90 0.295
65 165 -60.53 0.296
65 166 -57.68 0.297
65 167 -55.93 0.297
65 168 -52.69 0.298
65 169 -50.45 0.298
65 170 -46.77 0.298
65 171 -44.05 0.287
65 172 -40.10 0.287
65 173 -37.10 0.277
65 174 -32.69 0.277
65 175 -29.29 0.277
65 176 -24.59 0.266
65 177 -20.92 0.266
65 178 -16.00 0.254
65 179 -12.14 0.231
65 180 -7.12 0.220
65 181 -3.03 0.209
65 182 2.23 0.197
65 183 6.63 0.163
65 184 12.13 -0.187
65 185 16.29 -0.177
65 186 21.83 -0.156
65 187 26.18 -0.125
65 188 31.40 -0.084
65 189 35.75 -0.063
65 190 41.48 0.011
65 191 46.13 0.000
65 192 53.72 -0.021
65 193 60.21 0.011
65 194 67.98 0.033
65 195 74.41 0.077
65 196 81.89 0.078
65 197 88.42 0.089
65 198 96.07 0.120
65 199 102.69 0.142
65 200 110.10 0.174
65 201 116.42 0.185
65 202 124.02 0.195
65 203 130.53 0.206
65 204 138.19 0.216
65 205 144.72 0.238
65 206 152.41 0.237
65 207 159.19 0.237
65 208 166.98 0.248
65 209 173.94 0.248
65 210 181.84 0.260
65 211 189.07 0.260
65 212 197.30 0.260
65 213 204.71 0.261
65 214 213.25 0.261
65 215 220.91 0.262
65 216 229.64 0.273
65 217 237.74 0.274
65 218 246.74 0.275
66 133 -9.29 0.321
66 134 -16.25 0.322
66 135 -20.61 0.323
66 136 -26.81 0.311
66 137 -30.23 0.300
66 138 -35.56 0.299
66 139 -38.47 0.276
66 140 -43.29 0.253
66 141 -45.80 0.241
66 142 -50.16 0.230
66 143 -52.26 0.208
66 144 -56.18 -0.176
66 145 -58.37 -0.176
66 146 -62.26 -0.156
66 147 -64.27 -0.073
66 148 -68.20 0.011
66 149 -67.88 -0.042
66 150 -69.37 0.000
66 151 -68.30 0.118
66 152 -69.79 0.172
66 153 -69.37 0.183
66 154 -70.68 0.205
66 155 -69.89 0.227
66 156 -71.01 0.238
66 157 -69.96 0.249
66 158 -70.81 0.260
66 159 -69.42 0.260
66 160 -69.81 0.272
66 161 -68.13 0.271
66 162 -68.16 0.283
66 163 -66.15 0.283
66 164 -65.83 0.296
66 165 -63.48 0.296
66 166 -62.69 0.297
66 167 -59.93 0.297
66 168 -58.72 0.298
66 169 -55.56 0.298
66 170 -53.86 0.298
66 171 -50.20 0.299
66 172 -48.18 0.287
66 173 -44.31 0.288
66 174 -41.86 0.277
66 175 -37.56 0.277
66 176 -34.64 0.277
66 177 -30.01 0.266
66 178 -26.75 0.266
66 179 -21.94 0.255
66 180 -18.53 0.243
66 181 -13.40 0.220
66 182 -9.89 0.220
66 183 -4.54 0.197
66 184 -0.54 0.163
66 185 4.87 -0.187
66 186 8.61 -0.177
66 187 14.14 -0.156
66 188 18.10 -0.125
66 189 23.32 -0.094
66 190 27.29 -0.063
66 191 32.97 -0.011
66 192 37.22 0.000
66 193 44.81 -0.021
66 194 50.87 0.000
66 195 58.69 0.033
66 196 64.79 0.056
66 197 72.30 0.078
66 198 78.46 0.089
66 199 86.05 0.120
66 200 92.29 0.120
66 201 99.84 0.163
66 202 105.63 0.185
66 203 113.21 0.195
66 204 119.34 0.206
66 205 126.98 0.206
66 206 133.23 0.238
66 207 140.85 0.237
66 208 147.21 0.237
66 209 155.01 0.248
66 210 161.63 0.249
66 211 169.73 0.260
66 212 176.29 0.260
66 213 184.51 0.260
66 214 191.51 0.261
66 215 200.00 0.262
66 216 207.42 0.262
66 217 216.09 0.274
66 218 223.55 0.275
66 219 232.54 0.275
66 220 240.21 0.276
66 221 249.41 0.265
67 136 -11.12 0.311
67 137 -17.47 0.312
67 138 -21.47 0.300
67 139 -26.87 0.300
67 140 -30.30 0.289
67 141 -35.24 0.265
67 142 -38.28 0.242
67 143 -42.63 0.230
67 144 -45.11 0.219
67 145 -49.12 -0.187
67 146 -51.82 -0.176
67 147 -55.75 -0.166
67 148 -58.10 -0.084
67 149 -61.97 -0.021
67 150 -62.31 -0.063
67 151 -63.84 -0.073
67 152 -63.45 0.140
67 153 -65.05 0.161
67 154 -65.21 0.194
67 155 -66.61 0.216
67 156 -66.31 0.227
67 157 -67.50 0.238
67 158 -66.91 0.249
67 159 -67.76 0.261
67 160 -66.93 0.261
67 161 -67.41 0.272
67 162 -66.22 0.272
67 163 -66.39 0.284
67 164 -64.85 0.284
67 165 -64.71 0.284
67 166 -62.83 0.296
67 167 -62.17 0.297
67 168 -59.92 0.298
67 169 -58.83 0.299
67 170 -56.16 0.298
67 171 -54.58 0.299
67 172 -51.54 0.287
67 173 -49.55 0.289
67 174 -46.17 0.288
67 175 -43.84 0.278
67 176 -39.96 0.277
67 177 -37.15 0.278
67 178 -32.96 0.266
67 179 -29.79 0.267
67 180 -25.39 0.255
67 181 -22.04 0.243
67 182 -17.35 0.232
67 183 -13.76 0.220
67 184 -8.82 0.197
67 185 -4.80 0.163
67 186 0.15 -0.197
67 187 3.84 -0.187
67 188 9.00 -0.156
67 189 12.99 -0.136
67 190 17.76 -0.094
67 191 21.72 -0.073
67 192 27.08 -0.011
67 193 31.32 0.000
67 194 38.47 -0.021
67 195 44.49 -0.011
67 196 51.98 0.043
67 197 58.10 0.076
67 198 65.24 0.078
67 199 71.26 0.119
67 200 78.45 0.120
67 201 84.65 0.141
67 202 91.73 0.163
67 203 97.59 0.184
67 204 104.69 0.184
67 205 110.86 0.194
67 206 118.06 0.205
67 207 124.33 0.216
67 208 131.63 0.237
67 209 137.92 0.237
67 210 145.37 0.237
67 211 151.95 0.249
67 212 159.66 0.260
67 213 166.38 0.261
67 214 174.20 0.261
67 215 181.14 0.261
67 216 189.23 0.261
67 217 196.38 0.262
67 218 204.63 0.263
67 219 212.04 0.275
67 220 220.59 0.276
67 221 228.28 0.265
67 222 237.23 0.265
67 223 245.09 0.265
67 224 253.94 0.266
68 138 -9.58 0.313
68 139 -13.68 0.312
68 140 -19.66 0.301
68 141 -23.17 0.278
68 142 -28.60 0.266
68 143 -31.83 0.254
68 144 -36.87 0.231
68 145 -39.36 0.219
68 146 -44.08 -0.187
68 147 -46.85 -0.187
68 148 -51.32 -0.146
68 149 -53.64 -0.094
68 150 -58.03 0.011
68 151 -58.47 -0.063
68 152 -60.54 -0.084
68 153 -60.19 0.129
68 154 -62.25 0.150
68 155 -62.15 0.172
68 156 -64.23 0.205
68 157 -63.92 0.216
68 158 -65.52 0.227
68 159 -64.96 0.238
68 160 -66.31 0.250
68 161 -65.51 0.261
68 162 -66.52 0.273
68 163 -65.42 0.273
68 164 -66.09 0.284
68 165 -64.61 0.284
68 166 -65.04 0.285
68 167 -63.24 0.297
68 168 -63.08 0.297
68 169 -60.94 0.298
68 170 -60.37 0.298
68 171 -57.85 0.299
68 172 -56.77 0.300
68 173 -53.82 0.289
68 174 -52.40 0.288
68 175 -49.20 0.289
68 176 -47.34 0.278
68 177 -43.61 0.278
68 178 -41.25 0.278
68 179 -37.19 0.267
68 180 -34.49 0.267
68 181 -30.13 0.255
68 182 -27.24 0.243
68 183 -22.61 0.232
68 184 -19.48 0.221
68 185 -14.55 0.198
68 186 -11.06 0.164
68 187 -6.07 -0.197
68 188 -2.83 -0.187
68 189 2.32 -0.156
68 190 5.88 -0.136
68 191 10.61 -0.094
68 192 14.17 -0.073
68 193 19.45 0.000
68 194 23.35 0.000
68 195 30.50 -0.021
68 196 36.10 0.000
68 197 43.64 0.032
68 198 49.42 0.065
68 199 56.58 0.077
68 200 62.21 0.119
68 201 69.41 0.119
68 202 75.20 0.119
68 203 82.37 0.162
68 204 87.78 0.173
68 205 94.93 0.184
68 206 100.70 0.194
68 207 107.97 0.205
68 208 113.83 0.216
68 209 121.15 0.216
68 210 127.07 0.237
68 211 134.62 0.238
68 212 140.71 0.237
68 213 148.39 0.249
68 214 154.76 0.249
68 215 162.61 0.261
68 216 169.08 0.261
68 217 177.10 0.262
68 218 183.81 0.263
68 219 192.04 0.264
68 220 199.07 0.264
68 221 207.58 0.265
68 222 214.92 0.265
68 223 223.77 0.265
68 224 231.17 0.266
68 225 240.21 0.266
68 226 247.70 0.267
68 227 256.75 0.255
69 141 -10.03 0.302
69 142 -14.06 0.278
69 143 -19.61 0.266
69 144 -23.34 0.255
69 145 -28.44 0.231
69 146 -31.42 0.220
69 147 -36.13 -0.187
69 148 -39.33 -0.177
69 149 -43.91 -0.166
69 150 -46.56 -0.125
69 151 -51.06 0.021
69 152 -52.05 -0.073
69 153 -54.21 -0.104
69 154 -54.48 0.128
69 155 -56.60 0.150
69 156 -57.05 0.172
69 157 -59.22 0.194
69 158 -59.29 0.205
69 159 -60.95 0.228
69 160 -60.84 0.239
69 161 -62.23 0.250
69 162 -61.88 0.261
69 163 -62.99 0.262
69 164 -62.39 0.273
69 165 -63.15 0.274
69 166 -62.21 0.285
69 167 -62.67 0.286
69 168 -61.39 0.286
69 169 -61.36 0.298
69 170 -59.74 0.298
69 171 -59.28 0.299
69 172 -57.24 0.299
69 173 -56.30 0.289
69 174 -53.87 0.289
69 175 -52.61 0.289
69 176 -49.87 0.278
69 177 -48.15 0.278
69 178 -44.89 0.278
69 179 -42.66 0.278
69 180 -38.95 0.267
69 181 -36.42 0.268
69 182 -32.59 0.255
69 183 -29.68 0.255
69 184 -25.44 0.232
69 185 -22.33 0.221
69 186 -17.82 0.198
69 187 -14.27 0.163
69 188 -9.77 -0.197
69 189 -6.63 -0.187
69 190 -1.83 -0.156
69 191 1.66 -0.125
69 192 6.06 -0.115
69 193 9.55 -0.073
69 194 14.46 -0.011
69 195 18.27 0.000
69 196 25.05 -0.021
69 197 30.64 0.000
69 198 37.65 0.021
69 199 43.58 0.065
69 200 50.28 0.108
69 201 55.91 0.119
69 202 62.74 0.119
69 203 68.52 0.140
69 204 75.28 0.152
69 205 80.91 0.173
69 206 87.50 0.184
69 207 93.27 0.194
69 208 100.14 0.194
69 209 105.90 0.205
69 210 112.96 0.216
69 211 118.87 0.238
69 212 125.95 0.238
69 213 132.02 0.237
69 214 139.35 0.238
69 215 145.69 0.250
69 216 153.16 0.250
69 217 159.65 0.250
69 218 167.26 0.251
69 219 173.93 0.263
69 220 181.72 0.264
69 221 188.65 0.265
69 222 196.83 0.265
69 223 204.21 0.265
69 224 212.51 0.266
69 225 220.09 0.266
69 226 228.50 0.267
69 227 236.03 0.255
69 228 244.56 0.256
69 229 252.17 0.256
69 230 260.71 0.256
70 143 -5.86 0.291
70 144 -11.90 0.267
70 145 -15.78 0.255
70 146 -21.40 0.232
70 147 -24.57 0.220
70 148 -29.94 -0.187
70 149 -33.30 -0.167
70 150 -38.45 -0.167
70 151 -41.16 -0.125
70 152 -46.31 0.000
70 153 -47.30 -0.052
70 154 -49.97 -0.104
70 155 -50.26 0.118
70 156 -52.82 0.139
70 157 -53.27 0.161
70 158 -55.82 0.183
70 159 -55.97 0.194
70 160 -58.06 0.206
70 161 -57.92 0.217
70 162 -59.77 0.239
70 163 -59.43 0.250
70 164 -61.00 0.262
70 165 -60.42 0.262
70 166 -61.72 0.274
70 167 -60.83 0.274
70 168 -61.77 0.286
70 169 -60.54 0.286
70 170 -61.00 0.287
70 171 -59.46 0.299
70 172 -59.52 0.300
70 173 -57.60 0.300
70 174 -57.16 0.289
70 175 -54.91 0.289
70 176 -54.17 0.289
70 177 -51.57 0.278
70 178 -50.37 0.278
70 179 -47.26 0.278
70 180 -45.46 0.278
70 181 -42.00 0.268
70 182 -39.90 0.267
70 183 -36.13 0.255
70 184 -33.76 0.255
70 185 -29.60 0.233
70 186 -26.89 0.221
70 187 -22.44 0.198
70 188 -19.49 0.164
70 189 -14.90 -0.197
70 190 -12.21 -0.187
70 191 -7.51 -0.156
70 192 -4.47 -0.125
70 193 -0.19 -0.094
70 194 2.92 -0.073
70 195 7.82 0.000
70 196 11.20 0.000
70 197 17.96 -0.011
70 198 23.16 0.011
70 199 30.17 0.021
70 200 35.76 0.064
70 201 42.56 0.097
70 202 47.82 0.108
70 203 54.66 0.119
70 204 60.00 0.119
70 205 66.93 0.151
70 206 72.15 0.162
70 207 78.72 0.173
70 208 84.16 0.183
70 209 91.03 0.194
70 210 96.49 0.205
70 211 103.50 0.205
70 212 109.06 0.215
70 213 116.15 0.238
70 214 121.94 0.238
70 215 129.15 0.238
70 216 135.13 0.250
70 217 142.57 0.250
70 218 148.67 0.250
70 219 156.28 0.251
70 220 162.54 0.252
70 221 170.46 0.263
70 222 177.01 0.264
70 223 185.12 0.265
70 224 191.99 0.265
70 225 200.40 0.266
70 226 207.48 0.254
70 227 215.81 0.255
70 228 223.05 0.255
70 229 231.38 0.256
70 230 238.50 0.256
70 231 247.10 0.245
70 232 254.46 0.244
70 233 263.51 0.245
70 234 271.40 0.245
71 146 -6.11 0.244
71 147 -11.90 0.232
71 148 -15.68 0.209
71 149 -21.13 -0.187
71 150 -25.01 -0.176
71 151 -30.16 -0.167
71 152 -33.51 -0.105
71 153 -38.58 -0.021
71 154 -40.14 -0.084
71 155 -42.70 0.096
71 156 -43.72 0.118
71 157 -46.31 0.139
71 158 -47.30 0.161
71 159 -49.71 0.172
71 160 -50.51 0.183
71 161 -52.63 0.206
71 162 -52.99 0.206
71 163 -54.83 0.228
71 164 -54.94 0.239
71 165 -56.50 0.239
71 166 -56.37 0.250
71 167 -57.69 0.262
71 168 -57.26 0.262
71 169 -58.16 0.275
71 170 -57.40 0.286
71 171 -57.98 0.287
71 172 -56.88 0.287
71 173 -57.05 0.289
71 174 -55.62 0.289
71 175 -55.37 0.289
71 176 -53.62 0.278
71 177 -53.06 0.278
71 178 -50.96 0.278
71 179 -49.90 0.278
71 180 -47.22 0.267
71 181 -45.64 0.268
71 182 -42.52 0.268
71 183 -40.60 0.255
71 184 -37.40 0.256
71 185 -35.04 0.244
71 186 -31.40 0.232
71 187 -28.74 0.221
71 188 -24.86 0.198
71 189 -21.85 0.164
71 190 -17.56 -0.187
71 191 -14.94 -0.177
71 192 -10.68 -0.156
71 193 -7.70 -0.125
71 194 -3.82 -0.094
71 195 -0.74 -0.073
71 196 3.77 -0.032
71 197 7.21 0.000
71 198 13.43 -0.021
71 199 18.54 0.000
71 200 25.31 0.011
71 201 30.80 0.064
71 202 37.21 0.096
71 203 42.43 0.107
71 204 48.89 0.118
71 205 54.20 0.119
71 206 60.81 0.150
71 207 66.09 0.161
71 208 72.22 0.173
71 209 77.61 0.183
71 210 84.15 0.183
71 211 89.65 0.205
71 212 96.22 0.205
71 213 101.88 0.216
71 214 108.59 0.238
71 215 114.30 0.238
71 216 121.22 0.238
71 217 127.06 0.238
71 218 134.14 0.238
71 219 140.23 0.239
71 220 147.44 0.251
71 221 153.80 0.251
71 222 161.21 0.252
71 223 167.75 0.253
71 224 175.54 0.253
71 225 182.30 0.254
71 226 190.34 0.254
71 227 197.35 0.254
71 228 205.32 0.255
71 229 212.49 0.243
71 230 220.44 0.244
71 231 227.60 0.244
71 232 235.71 0.245
71 233 242.93 0.245
71 234 251.66 0.245
71 235 259.60 0.245
71 236 268.62 0.233
71 237 276.60 0.221
72 149 -7.67 0.198
72 150 -13.92 -0.176
72 151 -17.69 -0.166
72 152 -23.67 -0.156
72 153 -27.24 -0.094
72 154 -32.79 0.021
72 155 -34.48 -0.063
72 156 -37.83 -0.084
72 157 -38.52 0.118
72 158 -41.59 0.128
72 159 -42.60 0.150
72 160 -45.47 0.161
72 161 -46.32 0.172
72 162 -48.88 0.183
72 163 -49.21 0.194
72 164 -51.50 0.206
72 165 -51.59 0.217
72 166 -53.61 0.228
72 167 -53.48 0.239
72 168 -55.22 0.251
72 169 -54.83 0.262
72 170 -56.24 0.274
72 171 -55.49 0.274
72 172 -56.50 0.275
72 173 -55.45 0.287
72 174 -56.08 0.288
72 175 -54.72 0.288
72 176 -55.01 0.278
72 177 -53.34 0.277
72 178 -53.28 0.278
72 179 -51.27 0.267
72 180 -50.67 0.267
72 181 -48.10 0.267
72 182 -47.00 0.268
72 183 -44.07 0.256
72 184 -42.69 0.256
72 185 -39.51 0.244
72 186 -37.73 0.233
72 187 -34.22 0.221
72 188 -32.09 0.210
72 189 -28.36 0.198
72 190 -25.96 0.164
72 191 -21.65 0.152
72 192 -19.40 -0.177
72 193 -15.31 -0.146
72 194 -12.89 -0.115
72 195 -9.01 -0.094
72 196 -6.41 -0.073
72 197 -1.88 -0.011
72 198 1.09 0.000
72 199 7.26 -0.021
72 200 11.95 0.000
72 201 18.57 0.011
72 202 23.72 0.011
72 203 30.41 0.086
72 204 35.30 0.107
72 205 41.78 0.119
72 206 46.69 0.118
72 207 53.35 0.140
72 208 58.31 0.150
72 209 64.76 0.162
72 210 69.57 0.172
72 211 76.11 0.183
72 212 81.18 0.194
72 213 87.82 0.205
72 214 93.05 0.205
72 215 99.82 0.216
72 216 105.18 0.238
72 217 112.05 0.238
72 218 117.62 0.238
72 219 124.59 0.238
72 220 130.40 0.239
72 221 137.60 0.240
72 222 143.46 0.240
72 223 150.86 0.252
72 224 157.08 0.241
72 225 164.81 0.242
72 226 171.21 0.243
72 227 179.25 0.242
72 228 185.80 0.243
72 229 193.81 0.243
72 230 200.52 0.243
72 231 208.47 0.244
72 232 215.15 0.245
72 233 223.32 0.245
72 234 230.12 0.245
72 235 238.88 0.234
72 236 246.34 0.233
72 237 255.27 0.222
72 238 262.95 0.221
72 239 271.70 0.222
72 240 279.64 0.209
73 151 -4.19 -0.176
73 152 -8.56 -0.166
73 153 -14.61 -0.156
73 154 -18.78 -0.084
73 155 -24.31 0.021
73 156 -26.60 -0.073
73 157 -29.77 0.085
73 158 -31.24 0.107
73 159 -34.30 0.128
73 160 -35.75 0.150
73 161 -38.65 0.161
73 162 -39.78 0.172
73 163 -42.65 0.184
73 164 -43.41 0.184
73 165 -45.72 0.195
73 166 -46.32 0.206
73 167 -48.35 0.217
73 168 -48.60 0.229
73 169 -50.41 0.240
73 170 -50.42 0.240
73 171 -51.83 0.252
73 172 -51.50 0.263
73 173 -52.55 0.264
73 174 -51.97 0.264
73 175 -52.68 0.264
73 176 -51.79 0.265
73 177 -52.13 0.265
73 178 -50.95 0.266
73 179 -51.00 0.254
73 180 -49.46 0.255
73 181 -48.96 0.255
73 182 -46.92 0.256
73 183 -45.92 0.244
73 184 -43.48 0.245
73 185 -42.17 0.244
73 186 -39.46 0.233
73 187 -37.83 0.221
73 188 -34.94 0.221
73 189 -32.90 0.198
73 190 -29.47 0.186
73 191 -27.41 0.164
73 192 -23.56 0.152
73 193 -21.14 -0.177
73 194 -17.53 -0.146
73 195 -15.19 -0.115
73 196 -11.73 -0.094
73 197 -9.16 -0.073
73 198 -5.02 -0.021
73 199 -2.05 -0.011
73 200 3.69 -0.021
73 201 8.34 -0.011
73 202 14.52 0.032
73 203 19.55 -0.021
73 204 25.93 0.086
73 205 30.81 0.096
73 206 36.91 0.118
73 207 41.78 0.118
73 208 48.02 0.118
73 209 53.08 0.150
73 210 59.23 0.161
73 211 64.22 0.172
73 212 70.18 0.183
73 213 75.28 0.183
73 214 81.56 0.194
73 215 86.72 0.205
73 216 93.21 0.216
73 217 98.60 0.238
73 218 105.07 0.238
73 219 110.63 0.238
73 220 117.32 0.239
73 221 122.96 0.240
73 222 129.79 0.240
73 223 135.60 0.240
73 224 142.61 0.241
73 225 148.80 0.241
73 226 156.15 0.242
73 227 162.62 0.242
73 228 170.18 0.242
73 229 176.72 0.243
73 230 184.35 0.243
73 231 191.07 0.232
73 232 198.73 0.232
73 233 205.35 0.233
73 234 213.06 0.234
73 235 219.92 0.233
73 236 228.23 0.222
73 237 235.55 0.222
73 238 244.28 0.210
73 239 252.03 0.210
73 240 260.45 0.199
73 241 268.24 0.199
73 242 277.24 0.187
73 243 284.95 0.187
74 154 -7.26 -0.135
74 155 -11.62 -0.084
74 156 -17.78 -0.032
74 157 -20.04 -0.063
74 158 -23.67 0.085
74 159 -25.15 0.107
74 160 -28.65 0.128
74 161 -30.13 0.139
74 162 -33.52 0.150
74 163 -34.66 0.162
74 164 -37.77 0.173
74 165 -38.81 0.173
74 166 -41.58 0.184
74 167 -42.12 0.195
74 168 -44.65 0.206
74 169 -44.91 0.217
74 170 -47.10 0.217
74 171 -47.10 0.229
74 172 -48.99 0.240
74 173 -48.68 0.241
74 174 -50.17 0.241
74 175 -49.60 0.253
74 176 -50.78 0.253
74 177 -49.92 0.253
74 178 -50.80 0.254
74 179 -49.64 0.254
74 180 -50.23 0.243
74 181 -48.72 0.243
74 182 -48.73 0.232
74 183 -46.65 0.243
74 184 -46.19 0.232
74 185 -43.89 0.221
74 186 -43.12 0.221
74 187 -40.59 0.221
74 188 -39.41 0.210
74 189 -36.64 0.209
74 190 -34.99 0.187
74 191 -31.95 0.164
74 192 -30.43 0.164
74 193 -26.74 0.153
74 194 -24.65 -0.156
74 195 -21.24 -0.125
74 196 -19.32 -0.115
74 197 -15.94 -0.084
74 198 -13.82 -0.063
74 199 -9.81 0.000
74 200 -7.28 0.000
74 201 -1.52 -0.021
74 202 2.68 0.000
74 203 8.87 -0.011
74 204 13.51 0.000
74 205 19.96 0.021
74 206 24.57 0.075
74 207 30.71 0.107
74 208 35.23 0.118
74 209 41.44 0.118
74 210 46.14 0.118
74 211 52.38 0.151
74 212 57.06 0.161
74 213 63.27 0.172
74 214 67.80 0.183
74 215 74.10 0.194
74 216 78.96 0.194
74 217 85.39 0.205
74 218 90.44 0.216
74 219 96.91 0.238
74 220 102.09 0.238
74 221 108.76 0.238
74 222 114.06 0.239
74 223 120.88 0.240
74 224 126.32 0.240
74 225 133.37 0.240
74 226 139.15 0.241
74 227 146.59 0.241
74 228 152.58 0.242
74 229 160.14 0.242
74 230 166.38 0.243
74 231 174.04 0.231
74 232 180.22 0.232
74 233 187.82 0.221
74 234 194.04 0.221
74 235 201.82 0.221
74 236 208.18 0.222
74 237 216.47 0.210
74 238 223.63 0.210
74 239 232.09 0.210
74 240 239.43 0.199
74 241 247.81 0.199
74 242 255.55 0.187
74 243 263.99 0.187
74 244 271.58 0.187
74 245 280.55 0.153
74 246 288.02 0.153
74 247 296.96 0.142
75 156 -2.35 -0.084
75 157 -8.39 0.043
75 158 -11.00 0.064
75 159 -15.20 0.064
75 160 -17.04 0.107
75 161 -20.60 0.118
75 162 -22.51 0.129
75 163 -25.89 0.150
75 164 -27.51 0.151
75 165 -30.64 0.162
75 166 -31.93 0.173
75 167 -35.00 0.173
75 168 -35.99 0.184
75 169 -38.49 0.196
75 170 -39.26 0.206
75 171 -41.44 0.206
75 172 -41.88 0.217
75 173 -43.76 0.229
75 174 -43.90 0.229
75 175 -45.44 0.229
75 176 -45.34 0.230
75 177 -46.56 0.230
75 178 -46.18 0.242
75 179 -47.14 0.231
75 180 -46.47 0.231
75 181 -47.04 0.231
75 182 -46.05 0.232
75 183 -46.13 0.232
75 184 -44.59 0.221
75 185 -44.21 0.221
75 186 -42.38 0.221
75 187 -41.67 0.221
75 188 -39.53 0.209
75 189 -38.52 0.198
75 190 -36.22 0.198
75 191 -34.73 0.164
75 192 -32.30 0.164
75 193 -30.84 0.153
75 194 -27.62 0.153
75 195 -25.48 0.119
75 196 -22.57 -0.125
75 197 -20.77 -0.105
75 198 -17.79 -0.084
75 199 -15.73 -0.073
75 200 -11.92 0.021
75 201 -9.40 0.011
75 202 -4.14 -0.021
75 203 0.11 0.021
75 204 5.88 0.032
75 205 10.46 0.032
75 206 16.35 0.064
75 207 20.92 0.075
75 208 26.74 0.096
75 209 31.26 0.107
75 210 37.10 0.118
75 211 41.76 0.118
75 212 47.73 0.139
75 213 52.37 0.150
75 214 58.27 0.161
75 215 62.99 0.172
75 216 68.76 0.183
75 217 73.61 0.194
75 218 79.72 0.205
75 219 84.72 0.205
75 220 90.95 0.216
75 221 96.10 0.238
75 222 102.34 0.238
75 223 107.63 0.239
75 224 114.15 0.239
75 225 119.62 0.240
75 226 126.22 0.240
75 227 131.98 0.241
75 228 139.05 0.241
75 229 145.10 0.241
75 230 152.29 0.242
75 231 158.43 0.220
75 232 165.64 0.220
75 233 171.87 0.220
75 234 179.06 0.220
75 235 185.34 0.209
75 236 192.67 0.210
75 237 199.14 0.210
75 238 206.97 0.210
75 239 213.97 0.210
75 240 222.11 0.199
75 241 229.39 0.187
75 242 237.74 0.187
75 243 245.15 0.187
75 244 253.53 0.176
75 245 260.97 0.164
75 246 269.36 0.153
75 247 276.84 0.153
75 248 285.28 0.142
75 249 292.94 0.130
75 250 301.73 0.130
76 159 -3.94 -0.052
76 160 -8.34 0.064
76 161 -10.19 0.086
76 162 -14.11 0.107
76 163 -15.99 0.118
76 164 -19.82 0.129
76 165 -21.44 0.140
76 166 -25.03 0.151
76 167 -26.33 0.162
76 168 -29.59 0.173
76 169 -30.92 0.173
76 170 -33.85 0.184
76 171 -34.54 0.184
76 172 -37.20 0.195
76 173 -37.62 0.206
76 174 -39.99 0.217
76 175 -40.12 0.217
76 176 -42.15 0.218
76 177 -42.01 0.218
76 178 -43.74 0.219
76 179 -43.34 0.219
76 180 -44.79 0.219
76 181 -44.09 0.230
76 182 -45.22 0.220
76 183 -44.23 0.220
76 184 -44.81 0.220
76 185 -43.30 0.220
76 186 -43.40 0.209
76 187 -41.55 0.209
76 188 -41.31 0.198
76 189 -39.31 0.198
76 190 -38.58 0.187
76 191 -36.36 0.164
76 192 -35.89 0.164
76 193 -33.49 0.164
76 194 -32.58 0.153
76 195 -29.53 0.119
76 196 -28.05 0.119
76 197 -25.29 -0.115
76 198 -23.99 -0.094
76 199 -20.99 -0.073
76 200 -19.40 -0.063
76 201 -15.87 0.000
76 202 -13.78 0.000
76 203 -8.47 -0.021
76 204 -4.71 0.000
76 205 1.06 -0.011
76 206 5.25 0.000
76 207 11.29 0.021
76 208 15.56 0.053
76 209 21.46 0.086
76 210 25.62 0.096
76 211 31.49 0.118
76 212 35.77 0.118
76 213 41.73 0.118
76 214 46.12 0.139
76 215 52.08 0.150
76 216 56.47 0.161
76 217 62.28 0.172
76 218 66.77 0.183
76 219 72.89 0.194
76 220 77.53 0.205
76 221 83.77 0.216
76 222 88.56 0.238
76 223 94.81 0.238
76 224 99.79 0.239
76 225 106.25 0.239
76 226 111.37 0.239
76 227 118.02 0.240
76 228 123.46 0.241
76 229 130.50 0.241
76 230 136.16 0.241
76 231 143.39 0.219
76 232 149.18 0.219
76 233 156.41 0.208
76 234 162.20 0.209
76 235 169.49 0.208
76 236 175.32 0.209
76 237 182.67 0.210
76 238 188.84 0.210
76 239 196.69 0.198
76 240 203.39 0.198
76 241 211.41 0.187
76 242 218.43 0.187
76 243 226.58 0.187
76 244 233.76 0.164
76 245 242.09 0.164
76 246 248.95 0.153
76 247 257.25 0.153
76 248 264.52 0.130
76 249 272.90 0.130
76 250 279.95 0.130
76 251 289.21 -0.125
76 252 296.45 -0.125
76 253 304.92 -0.115
77 162 -1.72 -0.073
77 163 -5.69 -0.084
77 164 -7.59 0.107
77 165 -11.42 0.118
77 166 -13.44 0.129
77 167 -17.01 0.140
77 168 -18.76 0.140
77 169 -21.99 0.151
77 170 -23.38 0.162
77 171 -26.34 0.162
77 172 -27.46 0.173
77 173 -30.14 0.173
77 174 -31.31 0.184
77 175 -33.63 0.195
77 176 -34.21 0.239
77 177 -36.21 0.240
77 178 -36.49 0.240
77 179 -38.28 0.207
77 180 -38.27 0.240
77 181 -39.80 0.207
77 182 -39.49 0.241
77 183 -40.72 0.208
77 184 -40.17 0.208
77 185 -40.80 0.208
77 186 -39.70 0.209
77 187 -39.93 0.198
77 188 -38.62 0.198
77 189 -38.14 0.186
77 190 -36.62 0.163
77 191 -36.44 0.164
77 192 -34.78 0.164
77 193 -34.34 0.141
77 194 -32.45 0.153
77 195 -31.71 0.141
77 196 -29.30 0.119
77 197 -28.14 -0.125
77 198 -25.78 -0.115
77 199 -24.57 -0.084
77 200 -21.98 -0.073
77 201 -20.44 -0.063
77 202 -17.32 0.000
77 203 -15.26 0.000
77 204 -10.33 -0.011
77 205 -6.65 0.000
77 206 -1.27 -0.011
77 207 2.87 0.000
77 208 8.50 0.011
77 209 12.56 -0.042
77 210 18.20 -0.063
77 211 22.55 0.096
77 212 28.04 0.108
77 213 32.33 0.118
77 214 37.92 0.118
77 215 42.28 0.118
77 216 47.97 0.139
77 217 52.38 0.150
77 218 58.08 0.172
77 219 62.41 0.172
77 220 68.15 0.194
77 221 72.80 0.205
77 222 78.68 0.205
77 223 83.52 0.205
77 224 89.46 0.238
77 225 94.38 0.239
77 226 100.47 0.239
77 227 105.56 0.239
77 228 111.86 0.240
77 229 117.32 0.240
77 230 123.97 0.241
77 231 129.70 0.241
77 232 136.61 0.241
77 233 142.42 0.219
77 234 149.26 0.219
77 235 155.17 0.208
77 236 162.10 0.208
77 237 168.02 0.197
77 238 175.05 0.198
77 239 181.20 0.198
77 240 188.57 0.198
77 241 195.16 0.187
77 242 203.15 0.187
77 243 209.88 0.175
77 244 217.70 0.164
77 245 224.66 0.164
77 246 232.68 0.153
77 247 239.72 0.130
77 248 247.42 0.130
77 249 254.39 0.130
77 250 262.44 0.130
77 251 269.98 -0.125
77 252 278.02 -0.125
77 253 285.25 -0.115
77 254 293.42 -0.105
77 255 300.84 -0.105
77 256 309.60 -0.094
78 165 -0.49 -0.094
78 166 -4.68 -0.105
78 167 -6.38 0.107
78 168 -10.38 0.118
78 169 -12.13 0.129
78 170 -15.79 0.129
78 171 -17.19 0.140
78 172 -20.57 0.140
78 173 -21.72 0.151
78 174 -24.81 0.162
78 175 -25.64 0.173
78 176 -28.62 0.239
78 177 -29.30 0.250
78 178 -31.79 0.250
78 179 -32.17 0.250
78 180 -34.27 0.251
78 181 -34.36 0.240
78 182 -36.27 0.219
78 183 -36.04 0.230
78 184 -37.66 0.219
78 185 -37.15 0.219
78 186 -38.21 0.208
78 187 -37.12 0.208
78 188 -37.77 0.186
78 189 -36.45 0.175
78 190 -36.78 0.163
78 191 -35.39 0.152
78 192 -35.77 0.141
78 193 -34.12 0.141
78 194 -34.22 0.130
78 195 -32.30 0.130
78 196 -32.14 0.119
78 197 -30.14 -0.125
78 198 -29.77 -0.115
78 199 -27.46 -0.115
78 200 -26.76 -0.084
78 201 -24.21 -0.073
78 202 -23.08 -0.063
78 203 -19.98 0.000
78 204 -18.33 0.000
78 205 -13.44 -0.021
78 206 -10.15 0.000
78 207 -4.80 0.011
78 208 -1.06 0.000
78 209 4.54 0.011
78 210 8.19 -0.042
78 211 13.81 -0.052
78 212 17.69 -0.063
78 213 23.44 0.097
78 214 27.35 0.096
78 215 33.01 0.118
78 216 37.01 0.118
78 217 42.74 0.118
78 218 46.85 0.139
78 219 52.59 0.172
78 220 56.56 0.183
78 221 62.32 0.194
78 222 66.61 0.205
78 223 72.47 0.205
78 224 76.95 0.216
78 225 82.86 0.238
78 226 87.42 0.238
78 227 93.55 0.239
78 228 98.31 0.239
78 229 104.62 0.239
78 230 109.71 0.240
78 231 116.42 0.240
78 232 121.77 0.241
78 233 128.66 0.241
78 234 134.17 0.207
78 235 141.06 0.207
78 236 146.57 0.208
78 237 153.50 0.208
78 238 159.09 0.197
78 239 166.12 0.209
78 240 171.93 0.198
78 241 179.42 0.187
78 242 185.66 0.186
78 243 193.59 0.175
78 244 199.98 0.165
78 245 207.72 0.164
78 246 214.50 0.141
78 247 222.26 0.130
78 248 228.89 -0.135
78 249 236.64 -0.135
78 250 243.15 -0.135
78 251 250.98 -0.125
78 252 257.70 -0.125
78 253 265.75 -0.125
78 254 272.52 -0.105
78 255 280.66 -0.105
78 256 287.80 -0.105
78 257 296.51 -0.094
78 258 303.95 -0.073
78 259 312.70 -0.073
78 260 320.52 0.000
79 167 4.26 -0.084
79 168 1.96 -0.105
79 169 -1.96 -0.105
79 170 -3.86 -0.105
79 171 -7.54 -0.115
79 172 -9.38 0.118
79 173 -12.78 0.129
79 174 -14.32 0.129
79 175 -17.41 0.129
79 176 -18.67 0.140
79 177 -21.47 0.140
79 178 -22.45 0.239
79 179 -24.96 0.239
79 180 -25.63 0.262
79 181 -27.82 0.262
79 182 -28.38 0.263
79 183 -30.20 0.218
79 184 -30.52 0.252
79 185 -32.06 0.218
79 186 -32.00 0.218
79 187 -33.01 -0.156
79 188 -32.46 -0.156
79 189 -33.43 -0.156
79 190 -32.74 -0.146
79 191 -33.56 -0.146
79 192 -32.66 -0.146
79 193 -33.14 -0.125
79 194 -31.94 -0.125
79 195 -32.06 -0.125
79 196 -30.83 -0.125
79 197 -30.83 -0.125
79 198 -29.17 -0.115
79 199 -28.84 -0.115
79 200 -27.05 -0.094
79 201 -26.35 -0.084
79 202 -24.19 -0.073
79 203 -23.12 -0.063
79 204 -20.50 0.000
79 205 -18.88 0.000
79 206 -14.41 -0.021
79 207 -11.15 0.000
79 208 -6.09 0.011
79 209 -2.48 0.011
79 210 2.70 0.011
79 211 6.47 0.021
79 212 11.57 0.043
79 213 15.44 -0.052
79 214 20.87 0.075
79 215 24.79 0.086
79 216 30.14 0.097
79 217 34.14 0.107
79 218 39.57 0.118
79 219 43.67 0.118
79 220 49.17 0.161
79 221 53.34 0.172
79 222 58.58 0.183
79 223 62.88 0.194
79 224 68.37 0.205
79 225 72.85 0.205
79 226 78.51 0.216
79 227 83.03 0.238
79 228 88.75 0.239
79 229 93.49 0.239
79 230 99.42 0.240
79 231 104.57 0.240
79 232 110.91 0.240
79 233 116.28 0.241
79 234 122.83 0.241
79 235 128.40 0.207
79 236 134.93 0.207
79 237 140.47 0.196
79 238 147.04 0.208
79 239 152.64 0.208
79 240 159.42 0.197
79 241 165.18 0.209
79 242 172.29 0.198
79 243 178.55 0.186
79 244 186.15 0.175
79 245 192.73 0.141
79 246 200.05 0.130
79 247 206.27 -0.135
79 248 213.52 -0.135
79 249 219.77 -0.135
79 250 227.20 -0.135
79 251 233.59 -0.125
79 252 241.19 -0.125
79 253 247.92 -0.125
79 254 255.55 -0.105
79 255 262.37 -0.105
79 256 270.19 -0.105
79 257 277.34 -0.105
79 258 285.74 -0.084
79 259 293.12 -0.073
79 260 301.55 -0.073
79 261 309.27 0.000
79 262 317.57 -0.011
79 263 325.29 0.000
80 170 5.37 -0.094
80 171 3.32 -0.105
80 172 -0.76 -0.105
80 173 -2.50 -0.105
80 174 -6.32 -0.105
80 175 -7.79 -0.115
80 176 -11.32 -0.115
80 177 -12.61 -0.115
80 178 -15.84 -0.125
80 179 -16.83 -0.135
80 180 -19.80 -0.135
80 181 -20.52 -0.146
80 182 -23.28 -0.146
80 183 -23.70 -0.146
80 184 -26.20 -0.146
80 185 -26.38 -0.146
80 186 -28.50 -0.146
80 187 -28.36 -0.146
80 188 -30.18 -0.146
80 189 -29.75 -0.146
80 190 -31.31 -0.125
80 191 -30.62 -0.125
80 192 -31.89 -0.125
80 193 -30.98 -0.125
80 194 -31.97 -0.125
80 195 -30.84 -0.125
80 196 -31.60 -0.115
80 197 -30.23 -0.125
80 198 -30.70 -0.115
80 199 -29.08 -0.115
80 200 -29.23 -0.094
80 201 -27.52 -0.084
80 202 -27.31 -0.073
80 203 -25.20 -0.073
80 204 -24.52 -0.052
80 205 -22.09 0.000
80 206 -20.88 0.000
80 207 -16.41 -0.011
80 208 -13.63 0.000
80 209 -8.57 0.011
80 210 -5.40 0.000
80 211 -0.25 0.000
80 212 3.12 0.000
80 213 8.42 0.000
80 214 11.82 -0.042
80 215 17.30 0.055
80 216 20.85 0.065
80 217 26.19 0.076
80 218 29.86 0.086
80 219 35.35 0.097
80 220 39.18 0.107
80 221 44.67 0.161
80 222 48.28 0.172
80 223 53.70 0.183
80 224 57.65 0.194
80 225 63.16 0.205
80 226 67.28 0.205
80 227 72.88 0.216
80 228 77.09 0.238
80 229 82.79 0.238
80 230 87.19 0.239
80 231 93.14 0.240
80 232 97.90 0.240
80 233 104.30 0.240
80 234 109.34 0.240
80 235 115.87 0.241
80 236 121.10 0.218
80 237 127.67 0.207
80 238 132.85 0.207
80 239 139.46 0.208
80 240 144.78 0.197
80 241 151.52 0.208
80 242 157.01 0.197
80 243 164.07 0.187
80 244 170.00 0.175
80 245 177.54 0.175
80 246 183.34 -0.136
80 247 190.49 -0.136
80 248 196.26 -0.135
80 249 203.51 -0.135
80 250 209.42 -0.135
80 251 216.85 -0.135
80 252 222.95 -0.125
80 253 230.52 -0.125
80 254 236.87 -0.105
80 255 244.48 -0.105
80 256 250.95 -0.105
80 257 258.77 -0.105
80 258 265.60 -0.105
80 259 273.97 -0.084
80 260 281.02 -0.073
80 261 289.65 0.000
80 262 296.61 0.000
80 263 304.95 0.000
80 264 312.36 0.000
80 265 322.35 -0.011
80 266 330.65 0.000
81 173 8.64 0.064
81 174 6.37 0.075
81 175 2.50 0.075
81 176 0.53 0.075
81 177 -3.05 0.075
81 178 -4.73 0.075
81 179 -8.06 0.086
81 180 -9.48 0.032
81 181 -12.44 0.000
81 182 -13.58 -0.052
81 183 -16.26 -0.084
81 184 -17.14 -0.094
81 185 -19.63 -0.094
81 186 -20.24 -0.094
81 187 -22.43 -0.094
81 188 -22.64 -0.094
81 189 -24.65 -0.094
81 190 -24.67 -0.094
81 191 -26.34 -0.084
81 192 -26.12 -0.084
81 193 -27.52 -0.073
81 194 -27.06 -0.073
81 195 -28.17 -0.073
81 196 -27.49 -0.063
81 197 -28.34 -0.063
81 198 -27.38 -0.063
81 199 -27.97 -0.063
81 200 -26.84 -0.063
81 201 -27.04 -0.053
81 202 -25.71 -0.053
81 203 -25.60 -0.052
81 204 -23.91 -0.042
81 205 -23.41 0.000
81 206 -21.59 0.000
81 207 -20.41 0.000
81 208 -16.34 -0.011
81 209 -13.60 0.000
81 210 -8.96 0.000
81 211 -5.81 0.000
81 212 -1.04 0.000
81 213 2.29 0.000
81 214 7.20 0.000
81 215 10.68 0.000
81 216 15.70 0.022
81 217 19.28 0.033
81 218 24.32 0.055
81 219 28.01 0.065
81 220 33.13 0.076
81 221 36.95 0.076
81 222 42.25 0.162
81 223 46.05 0.172
81 224 50.93 0.172
81 225 54.88 0.183
81 226 60.08 0.183
81 227 64.23 0.205
81 228 69.46 0.216
81 229 73.68 0.216
81 230 79.01 0.238
81 231 83.40 0.239
81 232 88.99 0.239
81 233 93.73 0.240
81 234 99.80 0.240
81 235 104.82 0.240
81 236 111.03 0.241
81 237 116.21 0.206
81 238 122.44 0.207
81 239 127.72 0.196
81 240 133.96 0.207
81 241 139.19 0.197
81 242 145.69 0.197
81 243 151.12 0.197
81 244 157.90 0.186
81 245 163.95 0.175
81 246 170.78 -0.135
81 247 176.31 -0.135
81 248 183.15 -0.135
81 249 188.86 -0.135
81 250 195.77 -0.135
81 251 201.67 -0.135
81 252 208.76 -0.135
81 253 214.95 -0.135
81 254 222.18 -0.125
81 255 228.58 -0.125
81 256 235.92 -0.105
81 257 242.40 -0.105
81 258 249.95 -0.105
81 259 256.77 -0.084
81 260 264.61 -0.073
81 261 271.75 0.000
81 262 279.50 0.000
81 263 286.48 0.000
81 264 294.52 0.000
81 265 301.95 0.000
81 266 311.64 -0.011
81 267 319.93 0.000
81 268 329.96 0.011
81 269 338.60 0.000
82 175 14.32 0.000
82 176 9.98 0.000
82 177 8.00 0.000
82 178 3.92 0.011
82 179 2.22 0.011
82 180 -1.64 0.000
82 181 -3.03 0.022
82 182 -6.60 0.011
82 183 -7.68 -0.010
82 184 -10.94 0.000
82 185 -11.79 -0.010
82 186 -14.70 0.000
82 187 -15.29 0.011
82 188 -17.92 0.000
82 189 -18.27 0.000
82 190 -20.61 0.000
82 191 -20.68 0.000
82 192 -22.81 0.000
82 193 -22.53 0.021
82 194 -24.49 0.000
82 195 -23.92 0.032
82 196 -25.66 0.000
82 197 -24.94 0.011
82 198 -26.29 0.000
82 199 -25.34 0.011
82 200 -26.38 0.000
82 201 -25.26 0.000
82 202 -25.96 0.000
82 203 -24.59 0.000
82 204 -25.00 0.000
82 205 -23.43 -0.010
82 206 -23.54 0.000
82 207 -21.69 0.000
82 208 -20.92 0.000
82 209 -16.87 -0.011
82 210 -14.56 0.000
82 211 -9.94 0.000
82 212 -7.21 0.000
82 213 -2.46 0.000
82 214 0.46 0.000
82 215 5.33 0.000
82 216 8.41 0.011
82 217 13.29 0.023
82 218 16.49 0.012
82 219 21.57 0.034
82 220 24.84 0.013
82 221 30.05 0.034
82 222 33.48 0.013
82 223 38.78 0.162
82 224 42.20 0.173
82 225 47.23 0.172
82 226 50.63 0.183
82 227 55.83 0.194
82 228 59.54 0.204
82 229 64.79 0.216
82 230 68.67 0.238
82 231 74.00 0.238
82 232 78.06 0.238
82 233 83.61 0.239
82 234 88.02 0.240
82 235 94.04 0.240
82 236 98.78 0.240
82 237 105.07 0.240
82 238 109.92 0.206
82 239 116.19 0.207
82 240 121.09 0.196
82 241 127.35 0.207
82 242 132.29 0.196
82 243 138.72 0.197
82 244 143.81 0.197
82 245 150.58 0.186
82 246 156.00 0.000
82 247 162.70 -0.011
82 248 168.02 0.000
82 249 175.01 0.021
82 250 180.46 -0.021
82 251 187.27 -0.135
82 252 192.84 -0.135
82 253 199.91 -0.135
82 254 205.78 -0.135
82 255 213.08 -0.125
82 256 219.19 -0.011
82 257 226.50 -0.125
82 258 232.71 0.000
82 259 240.30 0.021
82 260 246.78 0.000
82 261 254.42 0.000
82 262 260.88 0.000
82 263 268.65 0.000
82 264 275.33 0.000
82 265 283.40 0.000
82 266 290.53 0.000
82 267 300.24 -0.011
82 268 308.19 0.000
82 269 318.18 0.011
82 270 326.47 0.012
82 271 335.99 0.024
82 272 344.15 0.035
82 273 353.63 0.035
83 178 18.48 0.077
83 179 14.46 0.077
83 180 12.28 0.055
83 181 8.55 0.055
83 182 6.38 0.294
83 183 2.84 0.306
83 184 1.00 0.307
83 185 -2.04 0.307
83 186 -3.53 0.296
83 187 -6.13 0.297
83 188 -7.35 -0.196
83 189 -9.99 -0.196
83 190 -10.84 -0.196
83 191 -13.11 -0.196
83 192 -13.66 0.085
83 193 -15.76 0.075
83 194 -16.02 0.064
83 195 -18.26 -0.052
83 196 -17.88 0.053
83 197 -19.87 -0.052
83 198 -19.65 -0.052
83 199 -20.96 -0.052
83 200 -20.47 -0.042
83 201 -21.51 -0.052
83 202 -20.88 -0.052
83 203 -21.52 -0.042
83 204 -20.68 -0.052
83 205 -20.98 -0.042
83 206 -19.70 -0.032
83 207 -19.80 -0.021
83 208 -18.33 -0.011
83 209 -17.59 -0.011
83 210 -14.06 -0.021
83 211 -11.73 -0.010
83 212 -7.64 -0.011
83 213 -4.88 -0.010
83 214 -0.56 -0.010
83 215 2.24 -0.021
83 216 6.61 0.046
83 217 9.55 0.045
83 218 13.96 0.056
83 219 17.08 0.056
83 220 21.52 0.077
83 221 24.79 0.088
83 222 29.50 0.098
83 223 32.91 0.141
83 224 37.43 0.151
83 225 40.85 0.162
83 226 45.54 0.172
83 227 48.88 0.183
83 228 53.66 0.193
83 229 57.40 0.204
83 230 62.34 0.216
83 231 66.16 0.238
83 232 71.13 0.238
83 233 75.23 0.238
83 234 80.44 0.239
83 235 84.83 0.239
83 236 90.51 0.240
83 237 95.22 0.240
83 238 101.17 0.240
83 239 106.06 0.195
83 240 111.96 0.195
83 241 116.79 0.196
83 242 122.81 0.185
83 243 127.68 0.185
83 244 133.77 0.197
83 245 138.91 0.185
83 246 145.31 0.185
83 247 150.88 0.174
83 248 157.33 -0.032
83 249 162.49 -0.032
83 250 169.10 -0.032
83 251 174.44 -0.104
83 252 180.97 -0.104
83 253 186.57 -0.104
83 254 193.28 -0.125
83 255 199.10 -0.125
83 256 205.99 -0.104
83 257 212.07 -0.052
83 258 219.11 -0.105
83 259 225.29 -0.084
83 260 232.60 -0.052
83 261 239.03 -0.032
83 262 246.55 -0.032
83 263 253.11 -0.021
83 264 260.61 -0.011
83 265 267.33 -0.011
83 266 275.07 -0.011
83 267 282.26 0.000
83 268 291.57 -0.010
83 269 299.57 -0.011
83 270 309.21 0.011
83 271 317.51 0.001
83 272 326.68 0.035
83 273 334.75 0.046
83 274 343.79 0.047
83 275 352.00 0.048
83 276 361.28 0.048
84 181 20.67 0.294
84 182 16.09 0.294
84 183 13.69 0.306
84 184 9.66 0.318
84 185 7.79 0.318
84 186 4.28 0.330
84 187 2.86 0.319
84 188 -0.22 0.308
84 189 -1.37 0.297
84 190 -4.17 -0.217
84 191 -5.06 -0.217
84 192 -7.75 -0.217
84 193 -8.30 -0.217
84 194 -10.65 -0.207
84 195 -10.89 -0.207
84 196 -12.99 0.085
84 197 -13.05 0.085
84 198 -15.03 0.075
84 199 -14.85 0.075
84 200 -16.97 -0.063
84 201 -16.18 0.053
84 202 -18.02 -0.063
84 203 -17.40 -0.063
84 204 -18.46 -0.042
84 205 -17.63 -0.052
84 206 -18.22 0.000
84 207 -17.03 0.021
84 208 -17.69 0.000
84 209 -16.31 0.000
84 210 -15.98 0.000
84 211 -12.40 -0.011
84 212 -10.58 0.000
84 213 -6.41 0.000
84 214 -4.16 0.000
84 215 0.12 0.000
84 216 2.57 0.000
84 217 6.61 0.046
84 218 9.12 0.056
84 219 13.33 0.088
84 220 15.97 0.099
84 221 20.30 0.099
84 222 23.18 0.110
84 223 27.73 0.141
84 224 30.56 0.141
84 225 35.02 0.151
84 226 38.07 0.162
84 227 42.73 0.183
84 228 45.66 0.194
84 229 50.37 0.204
84 230 53.76 0.204
84 231 58.46 0.237
84 232 61.96 0.237
84 233 66.93 0.238
84 234 70.72 0.238
84 235 75.87 0.238
84 236 79.96 0.239
84 237 85.64 0.240
84 238 89.97 0.240
84 239 96.00 0.240
84 240 100.52 0.206
84 241 106.47 0.206
84 242 111.06 0.195
84 243 116.99 0.196
84 244 121.50 0.196
84 245 127.64 0.197
84 246 132.40 0.197
84 247 138.85 0.185
84 248 144.11 0.174
84 249 150.54 0.085
84 250 155.50 0.075
84 251 161.94 -0.104
84 252 167.08 -0.104
84 253 173.60 -0.104
84 254 178.85 -0.104
84 255 185.58 -0.104
84 256 191.12 -0.104
84 257 198.01 -0.104
84 258 203.75 -0.104
84 259 210.83 -0.105
84 260 216.71 -0.052
84 261 223.98 -0.084
84 262 230.11 -0.032
84 263 237.74 0.011
84 264 243.92 0.011
84 265 251.34 0.000
84 266 257.75 0.000
84 267 265.50 0.000
84 268 272.33 0.000
84 269 281.72 -0.011
84 270 289.34 0.000
84 271 298.97 0.011
84 272 306.89 0.012
84 273 315.96 0.035
84 274 323.72 0.035
84 275 332.74 0.047
84 276 340.57 0.048
84 277 349.80 0.049
84 278 357.84 0.048
84 279 367.36 0.038
85 184 23.04 0.317
85 185 18.97 0.318
85 186 16.66 0.330
85 187 13.10 0.330
85 188 11.27 0.353
85 189 8.17 0.364
85 190 6.77 0.364
85 191 3.88 -0.227
85 192 2.52 -0.227
85 193 -0.20 -0.227
85 194 -1.19 -0.227
85 195 -3.54 -0.217
85 196 -4.20 -0.217
85 197 -6.23 -0.207
85 198 -6.64 -0.207
85 199 -8.33 0.096
85 200 -8.47 0.096
85 201 -10.45 0.086
85 202 -10.15 0.086
85 203 -12.15 -0.083
85 204 -11.93 -0.084
85 205 -13.02 -0.073
85 206 -12.60 -0.073
85 207 -13.31 -0.053
85 208 -12.52 -0.042
85 209 -12.89 0.011
85 210 -11.76 0.011
85 211 -11.48 0.000
85 212 -8.44 0.011
85 213 -6.59 -0.011
85 214 -3.03 -0.010
85 215 -0.74 0.011
85 216 2.87 0.057
85 217 5.03 0.068
85 218 8.53 0.090
85 219 10.86 0.100
85 220 14.49 0.110
85 221 17.05 0.110
85 222 20.99 0.110
85 223 23.82 0.120
85 224 27.85 0.142
85 225 30.68 0.152
85 226 34.71 0.162
85 227 37.72 0.172
85 228 41.76 0.183
85 229 44.81 0.193
85 230 49.15 0.204
85 231 52.41 0.215
85 232 56.83 0.237
85 233 60.33 0.237
85 234 64.96 0.238
85 235 68.66 0.238
85 236 73.52 0.238
85 237 77.62 0.239
85 238 82.91 0.239
85 239 87.32 0.240
85 240 92.99 0.240
85 241 97.60 0.195
85 242 103.12 0.195
85 243 107.66 0.184
85 244 113.36 0.185
85 245 117.80 0.185
85 246 123.58 0.185
85 247 128.41 0.197
85 248 134.45 0.185
85 249 139.69 0.174
85 250 145.86 0.129
85 251 150.81 0.085
85 252 156.90 -0.135
85 253 161.97 -0.135
85 254 168.15 -0.135
85 255 173.50 -0.104
85 256 179.89 -0.135
85 257 185.43 -0.135
85 258 192.01 -0.104
85 259 197.74 -0.104
85 260 204.47 -0.105
85 261 210.35 -0.094
85 262 217.33 -0.094
85 263 223.44 -0.084
85 264 230.83 -0.053
85 265 237.18 -0.032
85 266 244.38 0.011
85 267 250.87 0.000
85 268 258.32 0.011
85 269 265.16 0.000
85 270 274.20 -0.011
85 271 281.82 0.000
85 272 291.13 0.011
85 273 299.00 0.023
85 274 307.62 0.046
85 275 315.29 0.047
85 276 323.90 0.058
85 277 331.71 0.059
85 278 340.61 0.059
85 279 348.52 0.059
85 280 357.91 0.102
85 281 366.10 0.113
85 282 375.19 0.112
86 186 26.61 0.329
86 187 24.22 0.329
86 188 20.21 0.330
86 189 18.33 0.353
86 190 14.80 0.364
86 191 13.41 0.308
86 192 10.25 0.364
86 193 9.08 0.274
86 194 6.01 -0.237
86 195 4.97 -0.237
86 196 2.20 -0.227
86 197 1.52 -0.227
86 198 -0.91 -0.227
86 199 -1.35 -0.217
86 200 -3.48 -0.207
86 201 -3.66 -0.207
86 202 -5.75 -0.115
86 203 -5.76 -0.115
86 204 -7.68 -0.115
86 205 -7.50 -0.104
86 206 -9.03 -0.094
86 207 -8.68 -0.084
86 208 -9.78 -0.063
86 209 -9.00 -0.063
86 210 -9.67 0.000
86 211 -8.74 0.000
86 212 -8.85 0.000
86 213 -5.74 -0.010
86 214 -4.39 0.000
86 215 -0.72 -0.011
86 216 1.09 0.000
86 217 4.28 0.068
86 218 5.96 0.079
86 219 9.22 0.100
86 220 11.11 0.110
86 221 14.62 0.110
86 222 16.77 0.110
86 223 20.60 0.143
86 224 22.93 0.142
86 225 26.88 0.163
86 226 29.26 0.163
86 227 33.25 0.173
86 228 35.55 0.183
86 229 39.74 0.194
86 230 42.41 0.204
86 231 46.63 0.215
86 232 49.51 0.226
86 233 53.89 0.237
86 234 57.06 0.237
86 235 61.67 0.237
86 236 65.00 0.238
86 237 69.88 0.238
86 238 73.55 0.238
86 239 78.95 0.239
86 240 83.03 0.239
86 241 88.64 0.240
86 242 92.92 0.217
86 243 98.46 0.206
86 244 102.67 0.195
86 245 108.36 0.196
86 246 112.63 0.196
86 247 118.32 0.196
86 248 122.79 0.197
86 249 128.83 0.185
86 250 133.68 0.174
86 251 140.02 0.174
86 252 144.74 0.129
86 253 150.78 0.129
86 254 155.57 -0.135
86 255 161.73 -0.135
86 256 166.75 -0.135
86 257 173.21 -0.135
86 258 178.49 -0.125
86 259 184.95 -0.104
86 260 190.37 -0.104
86 261 197.11 -0.104
86 262 202.67 -0.094
86 263 209.64 -0.094
86 264 215.51 -0.084
86 265 222.78 -0.073
86 266 228.98 -0.042
86 267 236.33 0.000
86 268 242.44 0.000
86 269 249.89 0.000
86 270 256.43 0.000
86 271 265.47 -0.011
86 272 272.75 0.000
86 273 281.99 0.012
86 274 289.49 0.023
86 275 298.06 0.046
86 276 305.39 0.047
86 277 313.95 0.058
86 278 321.20 0.059
86 279 330.13 0.059
86 280 337.86 0.060
86 281 347.04 0.113
86 282 354.75 0.113
86 283 364.10 0.121
86 284 371.82 0.112
86 285 380.72 0.121
86 286 388.77 0.153
87 189 29.83 0.341
87 190 27.46 0.352
87 191 23.86 0.363
87 192 21.99 0.364
87 193 18.82 0.364
87 194 17.38 0.297
87 195 14.56 0.353
87 196 13.12 -0.247
87 197 10.32 -0.247
87 198 9.23 -0.237
87 199 6.78 -0.237
87 200 5.96 -0.227
87 201 3.82 -0.217
87 202 3.22 -0.217
87 203 1.28 -0.207
87 204 1.04 -0.197
87 205 -1.08 -0.125
87 206 -1.24 -0.125
87 207 -2.79 -0.115
87 208 -2.78 -0.094
87 209 -3.87 -0.084
87 210 -3.48 -0.063
87 211 -4.11 0.011
87 212 -3.49 0.000
87 213 -3.65 0.000
87 214 -0.95 -0.010
87 215 0.34 0.000
87 216 3.48 0.011
87 217 4.91 0.079
87 218 7.51 0.090
87 219 9.02 0.100
87 220 11.74 0.111
87 221 13.52 0.111
87 222 16.58 0.122
87 223 18.62 0.132
87 224 21.93 0.143
87 225 24.25 0.153
87 226 27.76 0.163
87 227 30.14 0.163
87 228 33.47 0.173
87 229 35.98 0.194
87 230 39.71 0.205
87 231 42.41 0.215
87 232 46.17 0.226
87 233 49.11 0.226
87 234 53.14 0.237
87 235 56.26 0.237
87 236 60.52 0.237
87 237 63.87 0.238
87 238 68.38 0.250
87 239 72.05 0.238
87 240 77.13 0.239
87 241 81.18 0.239
87 242 86.54 0.240
87 243 90.73 0.217
87 244 95.92 0.206
87 245 100.18 0.195
87 246 105.49 0.195
87 247 109.81 0.196
87 248 115.18 0.196
87 249 119.66 0.197
87 250 125.36 0.185
87 251 130.18 0.174
87 252 136.22 0.174
87 253 140.99 0.129
87 254 146.75 0.129
87 255 151.51 -0.176
87 256 157.35 -0.176
87 257 162.35 -0.135
87 258 168.48 -0.135
87 259 173.60 -0.125
87 260 179.95 -0.125
87 261 185.37 -0.104
87 262 191.80 -0.104
87 263 197.39 -0.105
87 264 204.01 -0.094
87 265 209.88 -0.084
87 266 216.81 -0.073
87 267 223.04 -0.042
87 268 230.18 0.000
87 269 236.30 0.000
87 270 243.45 0.000
87 271 249.99 0.000
87 272 258.72 -0.011
87 273 265.98 0.000
87 274 274.93 0.012
87 275 282.37 0.034
87 276 290.51 0.056
87 277 297.74 0.058
87 278 305.77 0.069
87 279 313.19 0.069
87 280 321.76 0.070
87 281 329.51 0.060
87 282 338.07 0.112
87 283 345.76 0.112
87 284 354.67 0.133
87 285 362.45 0.133
87 286 371.40 0.142
87 287 379.09 0.153
87 288 387.90 0.163
87 289 395.67 0.163
88 192 31.52 0.363
88 193 29.62 0.364
88 194 26.02 0.364
88 195 24.61 0.285
88 196 21.29 0.353
88 197 20.24 0.342
88 198 17.10 -0.247
88 199 15.96 -0.247
88 200 13.08 -0.237
88 201 12.25 -0.237
88 202 9.68 -0.227
88 203 9.07 -0.217
88 204 6.66 -0.207
88 205 6.25 -0.197
88 206 3.96 -0.125
88 207 3.75 -0.125
88 208 1.87 -0.125
88 209 1.85 -0.104
88 210 0.33 -0.084
88 211 0.70 -0.073
88 212 -0.39 -0.053
88 213 0.34 0.000
88 214 -0.22 0.000
88 215 2.39 -0.021
88 216 3.30 0.000
88 217 6.34 0.056
88 218 7.21 0.078
88 219 9.67 0.090
88 220 10.70 0.111
88 221 13.32 0.111
88 222 14.63 0.122
88 223 17.56 0.132
88 224 19.13 0.143
88 225 22.35 0.154
88 226 24.19 0.164
88 227 27.64 0.174
88 228 29.36 0.174
88 229 32.81 0.184
88 230 34.85 0.194
88 231 38.45 0.205
88 232 40.75 0.215
88 233 44.53 0.226
88 234 47.08 0.237
88 235 51.08 0.237
88 236 53.83 0.237
88 237 58.08 0.237
88 238 61.06 0.249
88 239 65.55 0.250
88 240 68.86 0.250
88 241 73.89 0.238
88 242 77.63 0.239
88 243 82.96 0.240
88 244 86.87 0.239
88 245 92.07 0.217
88 246 96.00 0.206
88 247 101.36 0.195
88 248 105.28 0.207
88 249 110.72 0.196
88 250 114.86 0.208
88 251 120.59 0.197
88 252 125.08 0.174
88 253 131.12 0.174
88 254 135.71 0.129
88 255 141.46 0.129
88 256 145.96 0.129
88 257 151.74 -0.135
88 258 156.43 -0.135
88 259 162.57 -0.135
88 260 167.45 -0.176
88 261 173.79 -0.125
88 262 178.89 -0.104
88 263 185.30 -0.104
88 264 190.55 -0.105
88 265 197.22 -0.105
88 266 202.74 -0.094
88 267 209.76 -0.073
88 268 215.79 -0.042
88 269 222.85 0.000
88 270 228.67 0.000
88 271 235.82 0.000
88 272 242.07 0.000
88 273 250.79 -0.011
88 274 257.72 0.000
88 275 266.57 0.023
88 276 273.64 0.035
88 277 281.71 0.057
88 278 288.42 0.069
88 279 296.58 0.069
88 280 303.71 0.069
88 281 312.25 0.070
88 282 319.63 0.113
88 283 328.14 0.112
88 284 335.55 0.112
88 285 344.28 0.133
88 286 351.70 0.144
88 287 360.98 0.433
88 288 368.03 0.153
88 289 376.77 0.163
88 290 384.24 0.163
88 291 392.87 0.173
88 292 400.56 0.172
89 195 35.60 0.352
89 196 33.72 0.341
89 197 30.47 0.341
89 198 28.94 0.330
89 199 26.01 0.342
89 200 24.45 -0.247
89 201 21.64 -0.247
89 202 20.34 -0.247
89 203 17.78 -0.237
89 204 16.82 -0.217
89 205 14.46 -0.217
89 206 13.58 -0.207
89 207 11.40 -0.197
89 208 10.77 -0.125
89 209 8.85 -0.125
89 210 8.52 -0.115
89 211 7.06 -0.094
89 212 7.02 -0.084
89 213 5.99 -0.063
89 214 6.34 0.000
89 215 5.74 0.000
89 216 7.95 -0.021
89 217 8.79 0.000
89 218 11.00 0.078
89 219 11.70 0.090
89 220 13.69 0.100
89 221 14.59 0.111
89 222 16.77 0.122
89 223 17.94 0.133
89 224 20.40 0.144
89 225 21.90 0.143
89 226 24.69 0.154
89 227 26.44 0.164
89 228 29.26 0.174
89 229 31.11 0.185
89 230 34.11 0.195
89 231 36.09 0.205
89 232 39.30 0.215
89 233 41.58 0.226
89 234 44.98 0.226
89 235 47.46 0.237
89 236 51.11 0.237
89 237 53.87 0.237
89 238 57.75 0.249
89 239 60.74 0.249
89 240 64.86 0.249
89 241 68.17 0.250
89 242 72.84 0.238
89 243 76.58 0.239
89 244 81.60 0.239
89 245 85.51 0.239
89 246 90.35 0.217
89 247 94.26 0.206
89 248 99.35 0.206
89 249 103.36 0.207
89 250 108.35 0.207
89 251 112.55 0.207
89 252 117.95 0.197
89 253 122.47 0.174
89 254 128.15 0.174
89 255 132.85 0.129
89 256 138.27 0.129
89 257 142.80 -0.186
89 258 148.18 -0.176
89 259 152.85 -0.176
89 260 158.62 -0.176
89 261 163.60 -0.176
89 262 169.65 -0.125
89 263 174.85 -0.125
89 264 180.86 -0.104
89 265 186.13 -0.105
89 266 192.46 -0.105
89 267 198.03 -0.094
89 268 204.72 -0.084
89 269 210.80 -0.042
89 270 217.55 0.011
89 271 223.38 0.011
89 272 230.23 0.011
89 273 236.47 0.000
89 274 244.85 -0.011
89 275 251.78 0.000
89 276 260.33 0.012
89 277 267.21 0.046
89 278 274.75 0.068
89 279 281.57 0.069
89 280 289.42 0.069
89 281 296.54 0.069
89 282 304.77 0.070
89 283 311.98 0.112
89 284 320.25 0.112
89 285 327.84 0.432
89 286 336.10 0.420
89 287 343.44 0.420
89 288 352.05 0.433
89 289 359.41 0.434
89 290 367.77 0.434
89 291 374.82 0.173
89 292 383.20 0.173
89 293 391.02 0.183
89 294 399.51 0.193
89 295 407.26 0.193
90 198 37.92 0.285
90 199 36.37 0.330
90 200 33.16 0.342
90 201 31.72 0.183
90 202 28.57 0.172
90 203 27.21 0.161
90 204 24.27 -0.237
90 205 23.25 0.150
90 206 20.62 -0.217
90 207 19.70 -0.207
90 208 17.20 -0.197
90 209 16.50 -0.146
90 210 14.19 -0.135
90 211 13.83 -0.115
90 212 11.96 -0.094
90 213 11.91 -0.084
90 214 10.47 -0.063
90 215 10.88 0.000
90 216 9.88 0.000
90 217 12.03 -0.021
90 218 12.47 0.000
90 219 14.50 0.078
90 220 14.78 0.090
90 221 16.69 0.110
90 222 17.17 0.111
90 223 19.26 0.133
90 224 19.97 0.144
90 225 22.34 0.143
90 226 23.41 0.154
90 227 26.08 0.164
90 228 27.29 0.174
90 229 30.06 0.184
90 230 31.36 0.195
90 231 34.27 0.195
90 232 35.75 0.205
90 233 38.95 0.215
90 234 40.85 0.226
90 235 44.21 0.226
90 236 46.36 0.237
90 237 49.94 0.237
90 238 52.34 0.237
90 239 56.20 0.237
90 240 58.81 0.237
90 241 62.91 0.249
90 242 65.85 0.250
90 243 70.51 0.238
90 244 73.88 0.238
90 245 78.88 0.239
90 246 82.43 0.239
90 247 87.37 0.228
90 248 90.89 0.217
90 249 95.94 0.218
90 250 99.67 0.218
90 251 104.64 0.207
90 252 108.44 0.207
90 253 113.96 0.196
90 254 118.17 0.185
90 255 123.70 0.174
90 256 128.31 0.140
90 257 133.87 0.129
90 258 137.95 0.129
90 259 143.47 -0.176
90 260 147.79 -0.176
90 261 153.58 -0.176
90 262 158.27 -0.135
90 263 164.26 -0.125
90 264 169.14 -0.125
90 265 175.20 -0.104
90 266 180.12 -0.105
90 267 186.46 -0.105
90 268 191.71 -0.094
90 269 198.47 -0.084
90 270 204.18 -0.053
90 271 210.97 0.000
90 272 216.48 0.000
90 273 223.36 0.000
90 274 229.30 0.000
90 275 237.70 -0.011
90 276 244.28 0.000
90 277 252.66 0.023
90 278 259.23 0.046
90 279 266.75 0.068
90 280 273.24 0.069
90 281 281.05 0.069
90 282 287.83 0.070
90 283 296.06 0.070
90 284 303.25 0.419
90 285 311.30 0.419
90 286 318.12 0.420
90 287 326.39 0.420
90 288 333.43 0.420
90 289 341.85 0.434
90 290 349.20 0.434
90 291 357.37 0.434
90 292 364.21 0.184
90 293 372.75 0.184
90 294 380.06 0.193
90 295 388.55 0.193
90 296 395.90 0.193
90 297 404.66 0.204
90 298 412.15 0.204
90 299 421.01 0.204
91 200 45.75 0.330
91 201 42.42 0.330
91 202 40.75 0.194
91 203 37.70 0.183
91 204 36.01 0.172
91 205 33.03 0.161
91 206 31.62 0.162
91 207 28.97 0.151
91 208 27.81 -0.217
91 209 25.19 -0.207
91 210 24.27 -0.156
91 211 21.95 -0.146
91 212 21.30 -0.125
91 213 19.41 -0.105
91 214 18.98 -0.094
91 215 17.60 -0.063
91 216 17.62 0.000
91 217 16.58 0.000
91 218 18.33 -0.021
91 219 18.64 0.055
91 220 19.94 0.089
91 221 20.12 0.100
91 222 21.57 0.110
91 223 21.97 0.122
91 224 23.58 0.132
91 225 24.20 0.144
91 226 26.15 0.154
91 227 27.12 0.153
91 228 29.30 0.164
91 229 30.38 0.185
91 230 32.66 0.185
91 231 33.94 0.195
91 232 36.44 0.206
91 233 37.86 0.205
91 234 40.68 0.215
91 235 42.45 0.226
91 236 45.51 0.226
91 237 47.57 0.237
91 238 50.83 0.237
91 239 53.21 0.237
91 240 56.71 0.237
91 241 59.30 0.237
91 242 63.05 0.249
91 243 65.98 0.250
91 244 70.29 0.238
91 245 73.57 0.238
91 246 78.30 0.239
91 247 81.83 0.239
91 248 86.46 0.228
91 249 90.00 0.217
91 250 94.71 0.217
91 251 98.42 0.218
91 252 103.08 0.219
91 253 106.90 0.219
91 254 112.10 0.196
91 255 116.33 0.185
91 256 121.56 0.174
91 257 125.99 0.174
91 258 131.46 0.140
91 259 135.61 0.129
91 260 140.85 -0.176
91 261 145.11 -0.176
91 262 150.55 -0.176
91 263 155.28 -0.135
91 264 161.02 -0.135
91 265 165.85 -0.125
91 266 171.59 -0.104
91 267 176.58 -0.105
91 268 182.52 -0.105
91 269 187.79 -0.094
91 270 194.30 -0.084
91 271 200.06 -0.042
91 272 206.44 -0.032
91 273 212.06 0.011
91 274 218.62 0.011
91 275 224.57 0.000
91 276 232.64 -0.011
91 277 239.21 0.000
91 278 247.10 0.035
91 279 253.60 0.056
91 280 260.76 0.068
91 281 267.22 0.069
91 282 274.71 0.069
91 283 281.48 0.070
91 284 289.50 0.419
91 285 296.14 0.419
91 286 303.88 0.419
91 287 310.69 0.420
91 288 318.67 0.420
91 289 325.83 0.420
91 290 333.86 0.434
91 291 340.86 0.434
91 292 349.20 0.308
91 293 356.40 0.308
91 294 364.15 0.184
91 295 371.42 0.193
91 296 379.61 0.193
91 297 386.96 0.193
91 298 395.40 0.204
91 299 402.89 0.204
91 300 411.46 0.204
91 301 418.89 0.215
91 302 427.76 0.215
92 203 48.55 0.205
92 204 45.19 0.183
92 205 43.54 0.183
92 206 40.24 0.172
92 207 38.78 0.162
92 208 35.76 0.162
92 209 34.64 0.151
92 210 31.65 -0.207
92 211 30.61 -0.156
92 212 27.99 -0.146
92 213 27.31 -0.125
92 214 25.06 -0.115
92 215 24.58 -0.094
92 216 22.74 -0.073
92 217 22.84 0.000
92 218 21.40 0.000
92 219 23.10 0.022
92 220 22.93 0.056
92 221 24.24 0.089
92 222 24.03 0.100
92 223 25.44 0.110
92 224 25.43 0.132
92 225 27.01 0.143
92 226 27.20 0.143
92 227 29.06 0.153
92 228 29.52 0.186
92 229 31.46 0.185
92 230 32.00 0.185
92 231 34.22 0.195
92 232 35.00 0.206
92 233 37.43 0.206
92 234 38.45 0.215
92 235 41.21 0.215
92 236 42.63 0.226
92 237 45.67 0.226
92 238 47.36 0.236
92 239 50.53 0.237
92 240 52.52 0.237
92 241 55.99 0.237
92 242 58.27 0.237
92 243 61.98 0.249
92 244 64.53 0.250
92 245 68.82 0.238
92 246 71.75 0.238
92 247 76.39 0.239
92 248 79.58 0.239
92 249 84.23 0.239
92 250 87.46 0.228
92 251 92.15 0.218
92 252 95.34 0.218
92 253 100.12 0.219
92 254 103.62 0.219
92 255 108.77 0.207
92 256 112.78 0.196
92 257 118.08 0.174
92 258 122.14 0.174
92 259 127.57 0.173
92 260 131.55 0.129
92 261 136.88 0.129
92 262 140.85 -0.176
92 263 146.29 -0.176
92 264 150.62 -0.176
92 265 156.34 -0.125
92 266 160.91 -0.125
92 267 166.68 -0.104
92 268 171.29 -0.105
92 269 177.29 -0.105
92 270 182.24 -0.094
92 271 188.75 -0.084
92 272 194.20 -0.042
92 273 200.65 0.000
92 274 205.87 0.000
92 275 212.44 0.000
92 276 218.08 0.000
92 277 226.19 -0.011
92 278 232.41 0.000
92 279 240.21 0.035
92 280 246.25 0.056
92 281 253.54 0.068
92 282 259.71 0.068
92 283 267.18 0.069
92 284 273.79 0.431
92 285 281.33 0.419
92 286 287.75 0.419
92 287 295.40 0.420
92 288 301.96 0.420
92 289 310.12 0.420
92 290 316.69 0.421
92 291 324.65 0.421
92 292 331.60 0.296
92 293 339.63 0.296
92 294 346.49 0.296
92 295 354.42 0.205
92 296 361.26 0.205
92 297 369.52 0.193
92 298 376.48 0.204
92 299 384.88 0.204
92 300 392.15 0.204
92 301 400.44 0.215
92 302 407.84 0.215
92 303 416.69 0.215
92 304 424.34 0.215
92 305 433.32 0.215
93 206 53.06 0.183
93 207 49.74 0.183
93 208 47.92 0.172
93 209 44.89 0.162
93 210 43.39 0.162
93 211 40.45 0.151
93 212 39.09 -0.177
93 213 36.51 -0.156
93 214 35.48 -0.135
93 215 33.19 -0.115
93 216 32.35 -0.094
93 217 30.56 -0.073
93 218 30.35 0.000
93 219 28.88 0.000
93 220 29.99 0.033
93 221 29.65 0.056
93 222 30.51 0.089
93 223 30.24 0.100
93 224 31.27 0.112
93 225 31.24 0.132
93 226 32.37 0.142
93 227 32.46 0.153
93 228 33.88 0.164
93 229 33.99 0.185
93 230 35.50 0.185
93 231 35.96 0.196
93 232 37.73 0.206
93 233 38.42 0.206
93 234 40.38 0.216
93 235 41.36 0.216
93 236 43.77 0.226
93 237 45.14 0.226
93 238 47.80 0.226
93 239 49.45 0.236
93 240 52.27 0.237
93 241 54.23 0.237
93 242 57.33 0.237
93 243 59.58 0.237
93 244 62.88 0.249
93 245 65.45 0.250
93 246 69.38 0.250
93 247 72.31 0.238
93 248 76.58 0.239
93 249 79.74 0.239
93 250 84.10 0.240
93 251 87.36 0.228
93 252 91.76 0.229
93 253 95.00 0.229
93 254 99.37 0.230
93 255 102.86 0.219
93 256 107.68 0.207
93 257 111.71 0.196
93 258 116.70 0.185
93 259 120.68 0.173
93 260 125.85 0.173
93 261 129.91 0.140
93 262 134.93 0.129
93 263 139.02 -0.176
93 264 144.10 -0.176
93 265 148.42 -0.176
93 266 153.87 -0.135
93 267 158.41 -0.125
93 268 163.91 -0.115
93 269 168.46 -0.105
93 270 174.16 -0.105
93 271 179.10 -0.105
93 272 185.35 -0.084
93 273 190.68 -0.073
93 274 196.98 -0.042
93 275 202.35 0.000
93 276 208.62 0.000
93 277 214.26 0.000
93 278 221.89 0.011
93 279 228.17 0.011
93 280 235.44 0.045
93 281 241.40 0.056
93 282 248.33 0.068
93 283 254.65 0.431
93 284 261.78 0.431
93 285 267.92 0.419
93 286 275.15 0.419
93 287 281.58 0.419
93 288 288.91 0.420
93 289 295.63 0.420
93 290 303.24 0.420
93 291 309.74 0.408
93 292 317.61 0.295
93 293 324.25 0.296
93 294 332.02 0.296
93 295 338.84 0.296
93 296 346.57 0.205
93 297 353.40 0.205
93 298 361.37 0.215
93 299 368.38 0.204
93 300 376.41 0.204
93 301 383.64 0.215
93 302 391.68 0.215
93 303 399.07 0.215
93 304 407.59 0.215
93 305 415.27 0.215
93 306 423.98 0.215
93 307 431.78 0.215
93 308 440.51 0.216
94 209 55.63 0.183
94 210 52.36 0.173
94 211 50.75 0.162
94 212 47.57 0.162
94 213 46.35 0.140
94 214 43.25 -0.156
94 215 42.21 -0.135
94 216 39.52 -0.115
94 217 38.66 -0.094
94 218 36.46 -0.073
94 219 36.19 0.000
94 220 34.33 0.000
94 221 35.40 0.033
94 222 34.69 0.056
94 223 35.58 0.078
94 224 34.92 0.100
94 225 35.95 0.112
94 226 35.49 0.132
94 227 36.56 0.143
94 228 36.31 0.154
94 229 37.58 0.195
94 230 37.24 0.195
94 231 38.69 0.195
94 232 38.71 0.206
94 233 40.38 0.206
94 234 40.58 0.216
94 235 42.58 0.215
94 236 43.12 0.215
94 237 45.41 0.226
94 238 46.39 0.226
94 239 48.93 0.236
94 240 50.15 0.237
94 241 52.96 0.237
94 242 54.54 0.237
94 243 57.59 0.237
94 244 59.39 0.237
94 245 62.67 0.249
94 246 64.87 0.250
94 247 68.78 0.238
94 248 71.34 0.238
94 249 75.52 0.239
94 250 78.32 0.239
94 251 82.64 0.240
94 252 85.59 0.228
94 253 89.84 0.229
94 254 92.77 0.229
94 255 97.21 0.230
94 256 100.36 0.219
94 257 105.20 0.219
94 258 108.83 0.207
94 259 113.95 0.185
94 260 117.62 0.174
94 261 122.77 0.173
94 262 126.60 0.151
94 263 131.65 0.129
94 264 135.47 0.129
94 265 140.62 -0.176
94 266 144.61 -0.176
94 267 150.04 -0.135
94 268 154.25 -0.125
94 269 159.74 -0.115
94 270 163.96 -0.105
94 271 169.63 -0.105
94 272 174.24 -0.105
94 273 180.52 -0.084
94 274 185.70 -0.053
94 275 191.85 -0.032
94 276 196.82 0.000
94 277 203.09 0.000
94 278 208.43 0.000
94 279 216.12 0.011
94 280 222.07 0.000
94 281 229.29 0.035
94 282 234.96 0.056
94 283 241.90 0.068
94 284 247.83 0.419
94 285 254.91 0.419
94 286 260.81 0.419
94 287 268.04 0.419
94 288 274.11 0.408
94 289 281.69 0.407
94 290 287.79 0.407
94 291 295.14 0.408
94 292 301.49 0.260
94 293 309.17 0.283
94 294 315.58 0.296
94 295 323.34 0.296
94 296 329.71 0.296
94 297 337.64 0.296
94 298 344.23 0.215
94 299 352.16 0.215
94 300 358.94 0.215
94 301 366.97 0.215
94 302 373.80 0.215
94 303 381.83 0.215
94 304 388.96 0.215
94 305 397.42 0.215
94 306 404.81 0.215
94 307 413.44 0.215
94 308 420.96 0.215
94 309 429.67 0.216
94 310 437.24 0.216
94 311 445.96 0.216
94 312 453.51 0.217
95 212 60.15 0.173
95 213 56.96 0.162
95 214 55.40 0.151
95 215 52.54 -0.156
95 216 51.19 -0.146
95 217 48.42 -0.115
95 218 47.14 -0.105
95 219 44.89 -0.084
95 220 44.38 0.011
95 221 42.48 0.011
95 222 42.97 0.045
95 223 42.18 0.056
95 224 42.67 0.079
95 225 41.97 0.100
95 226 42.54 0.112
95 227 42.01 0.132
95 228 42.77 0.153
95 229 42.24 0.206
95 230 43.00 0.195
95 231 42.62 0.195
95 232 43.67 0.206
95 233 43.49 0.206
95 234 44.82 0.205
95 235 44.96 0.215
95 236 46.54 0.215
95 237 47.04 0.215
95 238 48.91 0.226
95 239 49.81 0.226
95 240 51.92 0.236
95 241 53.14 0.237
95 242 55.58 0.237
95 243 57.09 0.237
95 244 59.78 0.249
95 245 61.55 0.237
95 246 64.48 0.249
95 247 66.60 0.250
95 248 70.20 0.250
95 249 72.72 0.250
95 250 76.57 0.250
95 251 79.41 0.239
95 252 83.31 0.240
95 253 86.26 0.228
95 254 90.20 0.229
95 255 93.13 0.229
95 256 97.23 0.230
95 257 100.38 0.230
95 258 104.86 0.219
95 259 108.49 0.207
95 260 113.31 0.196
95 261 117.03 0.173
95 262 121.82 0.173
95 263 125.66 0.173
95 264 130.46 0.140
95 265 134.30 0.129
95 266 139.20 0.129
95 267 143.19 -0.176
95 268 148.33 -0.135
95 269 152.55 -0.125
95 270 157.72 -0.115
95 271 161.94 -0.105
95 272 167.30 -0.105
95 273 171.90 -0.105
95 274 177.91 -0.084
95 275 182.94 -0.073
95 276 188.98 -0.042
95 277 194.07 0.011
95 278 200.03 -0.011
95 279 205.38 0.000
95 280 212.54 0.012
95 281 218.43 0.012
95 282 225.16 0.035
95 283 230.88 0.057
95 284 237.60 0.419
95 285 243.31 0.419
95 286 250.13 0.419
95 287 255.93 0.419
95 288 262.88 0.419
95 289 268.94 0.408
95 290 276.02 0.407
95 291 282.06 0.260
95 292 289.25 0.261
95 293 295.39 0.271
95 294 302.74 0.272
95 295 309.12 0.296
95 296 316.59 0.296
95 297 322.93 0.296
95 298 330.50 0.284
95 299 337.23 0.273
95 300 345.00 0.249
95 301 351.67 0.215
95 302 359.40 0.215
95 303 366.11 0.215
95 304 374.00 0.215
95 305 381.10 0.215
95 306 389.27 0.215
95 307 396.67 0.215
95 308 405.02 0.215
95 309 412.54 0.216
95 310 420.93 0.216
95 311 428.50 0.216
95 312 436.93 0.216
95 313 444.47 0.228
95 314 453.02 0.229
95 315 460.78 0.229
96 215 63.07 0.151
96 216 59.98 -0.156
96 217 58.58 -0.146
96 218 55.42 -0.115
96 219 54.12 -0.105
96 220 51.47 -0.084
96 221 50.89 0.022
96 222 48.61 0.000
96 223 49.10 0.034
96 224 47.95 0.045
96 225 48.47 0.067
96 226 47.41 0.089
96 227 48.02 0.101
96 228 47.15 0.152
96 229 47.77 0.216
96 230 46.64 0.206
96 231 47.37 0.206
96 232 46.62 0.205
96 233 47.63 0.205
96 234 47.16 0.205
96 235 48.39 0.215
96 236 48.15 0.215
96 237 49.71 0.215
96 238 49.72 0.226
96 239 51.54 0.226
96 240 52.04 0.237
96 241 54.05 0.237
96 242 54.87 0.237
96 243 57.23 0.248
96 244 58.35 0.249
96 245 60.94 0.249
96 246 62.28 0.249
96 247 65.17 0.250
96 248 66.86 0.250
96 249 70.45 0.238
96 250 72.60 0.250
96 251 76.41 0.239
96 252 78.85 0.240
96 253 82.71 0.240
96 254 85.23 0.228
96 255 89.24 0.229
96 256 91.79 0.229
96 257 95.88 0.230
96 258 98.68 0.230
96 259 103.17 0.219
96 260 106.49 0.207
96 261 111.32 0.196
96 262 114.75 0.185
96 263 119.43 0.173
96 264 123.06 0.173
96 265 127.92 0.140
96 266 131.45 0.129
96 267 136.32 0.129
96 268 140.11 0.129
96 269 145.17 0.129
96 270 149.14 0.129
96 271 154.31 -0.115
96 272 158.21 -0.105
96 273 163.55 -0.105
96 274 167.84 -0.105
96 275 173.83 -0.084
96 276 178.55 -0.073
96 277 184.55 -0.042
96 278 189.27 0.000
96 279 195.24 0.000
96 280 200.28 0.000
96 281 207.50 0.012
96 282 213.05 0.012
96 283 219.87 0.035
96 284 225.21 0.057
96 285 231.90 0.068
96 286 237.48 0.419
96 287 244.20 0.419
96 288 249.82 0.406
96 289 256.78 0.249
96 290 262.35 0.249
96 291 269.27 0.249
96 292 274.96 0.249
96 293 282.09 0.249
96 294 287.98 0.260
96 295 295.29 0.272
96 296 301.36 0.284
96 297 308.78 0.284
96 298 314.82 0.285
96 299 322.34 0.273
96 300 328.79 0.261
96 301 336.52 0.249
96 302 342.85 0.237
96 303 350.58 0.226
96 304 357.14 0.226
96 305 365.06 0.226
96 306 371.80 0.215
96 307 379.98 0.215
96 308 387.06 0.215
96 309 395.40 0.215
96 310 402.60 0.216
96 311 410.99 0.216
96 312 418.23 0.216
96 313 426.65 0.216
96 314 433.94 0.228
96 315 442.49 0.229
96 316 449.96 0.229
96 317 458.79 0.218
96 318 466.74 0.218
97 218 68.13 -0.136
97 219 64.99 -0.115
97 220 63.31 -0.105
97 221 60.63 -0.094
97 222 59.67 0.033
97 223 57.38 0.012
97 224 57.38 0.034
97 225 56.15 0.045
97 226 56.30 0.068
97 227 55.33 0.089
97 228 55.22 0.101
97 229 53.95 0.227
97 230 54.13 0.227
97 231 53.24 0.216
97 232 53.66 0.216
97 233 52.83 0.216
97 234 53.46 0.216
97 235 52.91 0.215
97 236 53.76 0.215
97 237 53.43 0.226
97 238 54.60 0.237
97 239 54.52 0.226
97 240 55.87 0.237
97 241 56.26 0.237
97 242 57.99 0.237
97 243 58.74 0.237
97 244 60.73 0.237
97 245 61.73 0.249
97 246 63.97 0.249
97 247 65.22 0.249
97 248 67.74 0.250
97 249 69.40 0.250
97 250 72.62 0.250
97 251 74.76 0.250
97 252 78.21 0.251
97 253 80.59 0.240
97 254 84.13 0.240
97 255 86.62 0.240
97 256 90.34 0.229
97 257 92.86 0.229
97 258 96.61 0.230
97 259 99.42 0.230
97 260 103.57 0.219
97 261 106.90 0.219
97 262 111.42 0.196
97 263 114.88 0.185
97 264 119.26 0.173
97 265 122.86 0.173
97 266 127.49 0.151
97 267 131.02 0.140
97 268 135.59 0.129
97 269 139.38 0.129
97 270 144.12 0.129
97 271 148.06 0.129
97 272 153.10 0.129
97 273 156.97 -0.105
97 274 161.96 -0.105
97 275 166.27 -0.105
97 276 171.96 -0.084
97 277 176.68 -0.073
97 278 182.37 -0.052
97 279 187.23 -0.021
97 280 192.89 0.011
97 281 197.92 0.000
97 282 204.62 0.023
97 283 210.09 0.023
97 284 216.57 0.035
97 285 222.02 0.057
97 286 228.42 0.057
97 287 233.79 0.249
97 288 240.23 0.249
97 289 245.65 0.249
97 290 252.23 0.249
97 291 257.72 0.249
97 292 264.39 0.249
97 293 270.11 0.261
97 294 276.91 0.260
97 295 282.82 0.260
97 296 289.75 0.272
97 297 295.82 0.284
97 298 302.82 0.284
97 299 308.84 0.285
97 300 316.12 0.273
97 301 322.51 0.261
97 302 329.83 0.249
97 303 336.32 0.249
97 304 343.86 0.238
97 305 350.45 0.226
97 306 358.05 0.226
97 307 364.86 0.226
97 308 372.73 0.215
97 309 379.76 0.215
97 310 387.80 0.216
97 311 394.97 0.216
97 312 403.07 0.227
97 313 410.29 0.216
97 314 418.39 0.228
97 315 425.69 0.228
97 316 433.94 0.229
97 317 441.42 0.229
97 318 450.16 0.229
97 319 457.93 0.218
97 320 466.62 0.218
97 321 474.76 0.207
98 221 70.97 -0.105
98 222 67.89 -0.084
98 223 66.88 0.033
98 224 64.18 0.001
98 225 64.20 0.034
98 226 62.65 0.035
98 227 62.82 0.056
98 228 61.33 0.079
98 229 61.25 0.283
98 230 59.51 0.260
98 231 59.65 0.260
98 232 58.26 0.227
98 233 58.78 0.227
98 234 57.73 0.227
98 235 58.33 0.216
98 236 57.38 0.226
98 237 58.18 0.226
98 238 57.46 0.226
98 239 58.44 0.237
98 240 58.00 0.237
98 241 59.37 0.237
98 242 59.39 0.237
98 243 61.05 0.237
98 244 61.39 0.249
98 245 63.29 0.249
98 246 63.93 0.249
98 247 66.06 0.249
98 248 66.95 0.250
98 249 69.38 0.250
98 250 70.66 0.250
98 251 73.77 0.250
98 252 75.61 0.251
98 253 79.01 0.240
98 254 81.02 0.240
98 255 84.52 0.240
98 256 86.65 0.240
98 257 90.23 0.229
98 258 92.38 0.229
98 259 96.15 0.230
98 260 98.60 0.230
98 261 102.71 0.219
98 262 105.70 0.219
98 263 110.25 0.196
98 264 113.40 0.196
98 265 117.80 0.174
98 266 121.06 0.173
98 267 125.70 0.151
98 268 128.92 0.140
98 269 133.48 0.129
98 270 136.88 0.129
98 271 141.62 0.129
98 272 145.25 0.129
98 273 150.39 0.108
98 274 153.96 -0.105
98 275 158.96 -0.105
98 276 162.92 -0.105
98 277 168.61 -0.084
98 278 173.02 -0.073
98 279 178.73 -0.042
98 280 183.14 0.000
98 281 188.85 0.000
98 282 193.59 0.000
98 283 200.33 0.012
98 284 205.50 0.023
98 285 211.97 0.035
98 286 217.19 0.047
98 287 223.54 0.057
98 288 228.61 0.249
98 289 235.02 0.249
98 290 240.11 0.249
98 291 246.61 0.249
98 292 251.90 0.249
98 293 258.58 0.261
98 294 263.91 0.260
98 295 270.70 0.260
98 296 276.26 0.272
98 297 283.20 0.273
98 298 288.88 0.284
98 299 295.75 0.285
98 300 301.55 0.285
98 301 308.86 0.273
98 302 315.01 0.273
98 303 322.31 0.261
98 304 328.55 0.250
98 305 336.06 0.238
98 306 342.43 0.226
98 307 350.05 0.226
98 308 356.58 0.226
98 309 364.43 0.215
98 310 371.18 0.215
98 311 379.18 0.216
98 312 386.06 0.216
98 313 394.10 0.216
98 314 401.02 0.228
98 315 409.11 0.228
98 316 416.06 0.229
98 317 424.33 0.229
98 318 431.53 0.229
98 319 440.02 0.230
98 320 447.70 0.218
98 321 456.39 0.218
98 322 464.16 0.207
98 323 473.08 0.196
98 324 480.75 0.196
98 325 489.63 0.197
99 224 76.38 0.012
99 225 73.59 0.002
99 226 73.20 0.023
99 227 76.42 -0.548
99 228 75.85 -0.557
99 229 69.67 0.272
99 230 69.25 0.283
99 231 67.52 0.272
99 232 67.29 0.294
99 233 65.83 0.294
99 234 65.88 0.260
99 235 64.68 0.260
99 236 64.95 0.237
99 237 63.90 0.237
99 238 64.37 0.226
99 239 63.49 0.237
99 240 64.16 0.237
99 241 63.68 0.237
99 242 64.68 0.237
99 243 64.61 0.237
99 244 65.90 0.249
99 245 66.14 0.249
99 246 67.63 0.248
99 247 68.23 0.249
99 248 70.01 0.249
99 249 70.81 0.250
99 250 72.89 0.250
99 251 74.11 0.250
99 252 76.88 0.250
99 253 78.68 0.251
99 254 81.72 0.240
99 255 83.71 0.240
99 256 86.85 0.240
99 257 88.96 0.240
99 258 92.18 0.229
99 259 94.31 0.229
99 260 97.72 0.230
99 261 100.14 0.230
99 262 103.92 0.219
99 263 106.90 0.219
99 264 111.08 0.207
99 265 114.26 0.196
99 266 118.37 0.174
99 267 121.49 0.173
99 268 126.00 0.173
99 269 129.25 0.140
99 270 133.51 0.129
99 271 136.90 0.129
99 272 141.31 0.129
99 273 144.93 0.129
99 274 149.63 0.129
99 275 153.48 -0.115
99 276 158.14 -0.105
99 277 162.10 -0.105
99 278 167.49 -0.084
99 279 171.91 -0.073
99 280 177.34 -0.042
99 281 181.78 0.000
99 282 187.15 0.000
99 283 191.89 0.001
99 284 198.21 0.013
99 285 203.33 0.024
99 286 209.47 0.035
99 287 214.68 0.047
99 288 220.71 0.249
99 289 225.62 0.249
99 290 231.65 0.249
99 291 236.73 0.250
99 292 242.97 0.249
99 293 248.21 0.249
99 294 254.58 0.261
99 295 259.90 0.260
99 296 266.40 0.261
99 297 271.99 0.261
99 298 278.52 0.273
99 299 284.07 0.273
99 300 290.71 0.285
99 301 296.54 0.285
99 302 303.50 0.273
99 303 309.66 0.261
99 304 316.70 0.250
99 305 322.90 0.250
99 306 330.17 0.238
99 307 336.60 0.238
99 308 343.96 0.227
99 309 350.49 0.227
99 310 358.04 0.227
99 311 364.77 0.216
99 312 372.44 0.216
99 313 379.30 0.227
99 314 387.04 0.216
99 315 393.90 0.228
99 316 401.74 0.228
99 317 408.67 0.229
99 318 416.66 0.229
99 319 423.82 0.230
99 320 432.03 0.230
99 321 439.71 0.218
99 322 448.13 0.218
99 323 455.88 0.207
99 324 464.37 0.207
99 325 472.20 0.196
99 326 480.80 0.197
99 327 488.71 0.196
99 328 497.44 0.197
100 226 81.07 0.002
100 227 80.74 0.013
100 228 83.72 -0.557
100 229 83.07 -0.557
100 230 76.48 0.283
100 231 75.94 0.294
100 232 73.82 0.306
100 233 73.52 0.306
100 234 71.65 0.306
100 235 71.61 0.306
100 236 70.20 0.283
100 237 70.51 0.283
100 238 69.15 0.260
100 239 69.60 0.260
100 240 68.41 0.249
100 241 69.01 0.249
100 242 68.17 0.237
100 243 69.11 0.237
100 244 68.66 0.249
100 245 69.88 0.249
100 246 69.71 0.248
100 247 71.23 0.249
100 248 71.39 0.249
100 249 73.10 0.250
100 250 73.50 0.250
100 251 75.49 0.250
100 252 76.32 0.250
100 253 79.05 0.251
100 254 80.38 0.251
100 255 83.41 0.252
100 256 85.05 0.240
100 257 88.14 0.241
100 258 89.84 0.241
100 259 92.99 0.230
100 260 94.75 0.230
100 261 98.12 0.230
100 262 100.11 0.231
100 263 103.89 0.219
100 264 106.51 0.219
100 265 110.69 0.208
100 266 113.58 0.196
100 267 117.70 0.174
100 268 120.50 0.174
100 269 124.98 0.174
100 270 127.92 0.151
100 271 132.17 0.140
100 272 135.22 0.129
100 273 139.62 0.129
100 274 142.89 0.129
100 275 147.60 0.130
100 276 151.21 -0.105
100 277 155.87 -0.105
100 278 159.50 -0.105
100 279 164.86 -0.084
100 280 168.95 -0.073
100 281 174.33 -0.042
100 282 178.48 0.000
100 283 183.85 0.000
100 284 188.28 0.000
100 285 194.65 0.012
100 286 199.50 0.013
100 287 205.66 0.035
100 288 210.57 0.035
100 289 216.70 0.249
100 290 221.26 0.250
100 291 227.24 0.250
100 292 232.00 0.250
100 293 238.22 0.249
100 294 243.22 0.249
100 295 249.59 0.261
100 296 254.67 0.261
100 297 261.10 0.261
100 298 266.28 0.273
100 299 272.82 0.273
100 300 277.98 0.285
100 301 284.56 0.285
100 302 290.08 0.285
100 303 297.00 0.273
100 304 302.83 0.273
100 305 310.05 0.262
100 306 315.95 0.250
100 307 323.31 0.238
100 308 329.40 0.238
100 309 336.86 0.227
100 310 343.10 0.227
100 311 350.67 0.227
100 312 357.08 0.227
100 313 364.73 0.227
100 314 371.26 0.216
100 315 378.93 0.228
100 316 385.53 0.228
100 317 393.26 0.229
100 318 399.95 0.229
100 319 407.94 0.229
100 320 414.77 0.230
100 321 423.16 0.218
100 322 430.29 0.219
100 323 438.67 0.219
100 324 446.17 0.207
100 325 454.67 0.207
100 326 462.17 0.197
100 327 470.77 0.197
100 328 478.41 0.196
100 329 487.11 0.197
100 330 494.89 0.197
100 331 503.78 0.197
101 229 93.14 -0.557
101 230 92.18 -0.566
101 231 85.63 0.295
101 232 84.69 0.295
101 233 82.50 0.307
101 234 81.83 0.307
101 235 79.91 0.307
101 236 79.47 0.307
101 237 78.07 0.295
101 238 78.02 0.283
101 239 76.71 0.283
101 240 76.83 0.260
101 241 75.59 0.249
101 242 75.84 0.237
101 243 74.92 0.237
101 244 75.52 0.237
101 245 75.03 0.237
101 246 75.88 0.249
101 247 75.67 0.249
101 248 76.76 0.249
101 249 76.85 0.250
101 250 78.16 0.250
101 251 78.46 0.250
101 252 80.08 0.250
101 253 80.83 0.251
101 254 83.18 0.251
101 255 84.46 0.252
101 256 87.06 0.240
101 257 88.62 0.240
101 258 91.31 0.241
101 259 92.97 0.241
101 260 95.75 0.230
101 261 97.50 0.230
101 262 100.43 0.231
101 263 102.40 0.231
101 264 105.81 0.231
101 265 108.44 0.219
101 266 112.30 0.208
101 267 115.22 0.196
101 268 119.08 0.185
101 269 121.89 0.174
101 270 126.04 0.174
101 271 129.03 0.151
101 272 132.96 0.140
101 273 136.01 0.129
101 274 140.08 0.129
101 275 143.33 0.129
101 276 147.71 0.130
101 277 151.37 0.130
101 278 155.78 -0.105
101 279 159.41 -0.105
101 280 164.47 -0.084
101 281 168.56 -0.073
101 282 173.65 -0.042
101 283 177.80 0.000
101 284 182.86 0.011
101 285 187.26 0.001
101 286 193.23 0.013
101 287 198.05 0.014
101 288 203.87 0.025
101 289 208.81 0.036
101 290 214.60 0.249
101 291 219.07 0.250
101 292 224.78 0.250
101 293 229.53 0.250
101 294 235.43 0.250
101 295 240.36 0.250
101 296 246.46 0.261
101 297 251.54 0.261
101 298 257.58 0.261
101 299 262.79 0.273
101 300 268.91 0.273
101 301 274.19 0.273
101 302 280.52 0.285
101 303 285.92 0.285
101 304 292.57 0.273
101 305 298.42 0.262
101 306 305.29 0.262
101 307 311.37 0.250
101 308 318.33 0.238
101 309 324.42 0.238
101 310 331.58 0.227
101 311 337.85 0.227
101 312 345.13 0.227
101 313 351.51 0.227
101 314 358.88 0.216
101 315 365.34 0.228
101 316 372.73 0.217
101 317 379.27 0.229
101 318 386.72 0.229
101 319 393.38 0.230
101 320 401.04 0.230
101 321 407.90 0.230
101 322 415.96 0.230
101 323 423.10 0.219
101 324 431.19 0.219
101 325 438.72 0.219
101 326 446.89 0.208
101 327 454.45 0.197
101 328 462.78 0.197
101 329 470.41 0.196
101 330 478.84 0.197
101 331 486.73 0.197
101 332 495.26 0.197
101 333 503.14 0.186
101 334 511.76 0.186
102 232 97.63 -0.566
102 233 92.49 0.307
102 234 89.91 0.307
102 235 89.20 0.307
102 236 86.90 0.319
102 237 86.46 0.307
102 238 84.54 0.307
102 239 84.52 0.307
102 240 82.89 0.284
102 241 83.01 0.272
102 242 81.42 0.249
102 243 81.65 0.249
102 244 80.37 0.237
102 245 80.94 0.237
102 246 80.06 0.249
102 247 80.87 0.249
102 248 80.29 0.249
102 249 81.34 0.250
102 250 81.02 0.250
102 251 82.28 0.250
102 252 82.18 0.250
102 253 83.74 0.251
102 254 84.09 0.251
102 255 86.40 0.252
102 256 87.27 0.252
102 257 89.81 0.240
102 258 91.01 0.241
102 259 93.60 0.241
102 260 94.85 0.242
102 261 97.59 0.230
102 262 98.87 0.231
102 263 101.76 0.231
102 264 103.33 0.231
102 265 106.66 0.220
102 266 108.91 0.220
102 267 112.78 0.209
102 268 115.27 0.197
102 269 119.20 0.185
102 270 121.69 0.174
102 271 125.79 0.174
102 272 128.47 0.152
102 273 132.37 0.141
102 274 135.11 0.130
102 275 139.14 0.130
102 276 142.07 0.130
102 277 146.41 0.130
102 278 149.76 0.130
102 279 154.25 -0.105
102 280 157.58 -0.105
102 281 162.58 -0.084
102 282 166.44 -0.053
102 283 171.37 -0.042
102 284 175.24 0.000
102 285 180.29 0.000
102 286 184.41 0.000
102 287 190.42 0.012
102 288 194.95 0.013
102 289 200.92 0.025
102 290 205.49 0.025
102 291 211.35 0.036
102 292 215.64 0.250
102 293 221.34 0.250
102 294 225.74 0.250
102 295 231.63 0.250
102 296 236.29 0.250
102 297 242.34 0.261
102 298 247.04 0.261
102 299 253.19 0.261
102 300 257.94 0.273
102 301 264.14 0.273
102 302 269.07 0.285
102 303 275.41 0.285
102 304 280.51 0.285
102 305 287.17 0.274
102 306 292.70 0.274
102 307 299.61 0.262
102 308 305.42 0.262
102 309 312.52 0.251
102 310 318.34 0.239
102 311 325.55 0.239
102 312 331.34 0.227
102 313 338.61 0.227
102 314 344.82 0.228
102 315 352.16 0.217
102 316 358.28 0.228
102 317 365.70 0.228
102 318 371.88 0.217
102 319 379.36 0.217
102 320 385.73 0.229
102 321 393.38 0.218
102 322 399.93 0.230
102 323 407.74 0.219
102 324 414.60 0.219
102 325 422.77 0.219
102 326 429.81 0.208
102 327 438.06 0.208
102 328 445.22 0.197
102 329 453.55 0.197
102 330 460.83 0.197
102 331 469.43 0.197
102 332 476.86 0.198
102 333 485.43 0.197
102 334 492.96 0.198
102 335 501.70 0.187
102 336 509.64 0.096
102 337 518.28 0.107
102 338 525.86 0.107
103 235 99.43 0.308
103 236 98.33 0.308
103 237 95.98 0.308
103 238 95.19 0.308
103 239 93.22 0.308
103 240 92.81 0.308
103 241 91.19 0.284
103 242 90.96 0.273
103 243 89.43 0.250
103 244 89.34 0.249
103 245 87.93 0.238
103 246 88.14 0.238
103 247 87.22 0.250
103 248 87.68 0.250
103 249 86.99 0.250
103 250 87.67 0.250
103 251 87.25 0.250
103 252 88.13 0.250
103 253 87.95 0.251
103 254 89.13 0.251
103 255 89.39 0.252
103 256 91.32 0.252
103 257 92.09 0.252
103 258 94.25 0.241
103 259 95.38 0.241
103 260 97.57 0.242
103 261 98.76 0.230
103 262 101.12 0.231
103 263 102.33 0.231
103 264 104.89 0.231
103 265 106.39 0.231
103 266 109.38 0.220
103 267 111.60 0.220
103 268 115.15 0.209
103 269 117.66 0.197
103 270 121.28 0.186
103 271 123.79 0.174
103 272 127.56 0.174
103 273 130.28 0.163
103 274 133.88 0.141
103 275 136.61 0.130
103 276 140.32 0.130
103 277 143.23 0.130
103 278 147.24 0.130
103 279 150.59 0.130
103 280 154.92 -0.105
103 281 158.23 -0.105
103 282 162.89 -0.084
103 283 166.66 -0.073
103 284 171.38 -0.042
103 285 175.26 -0.032
103 286 180.01 0.000
103 287 184.08 0.001
103 288 189.74 0.002
103 289 194.23 0.002
103 290 199.89 0.014
103 291 204.47 0.026
103 292 210.06 0.036
103 293 214.39 0.250
103 294 219.73 0.250
103 295 224.17 0.250
103 296 229.77 0.250
103 297 234.34 0.250
103 298 240.08 0.250
103 299 244.77 0.261
103 300 250.54 0.262
103 301 255.37 0.262
103 302 261.21 0.273
103 303 266.08 0.274
103 304 272.11 0.274
103 305 277.26 0.286
103 306 283.56 0.274
103 307 289.09 0.274
103 308 295.82 0.262
103 309 301.45 0.263
103 310 308.30 0.251
103 311 314.16 0.251
103 312 321.04 0.240
103 313 327.01 0.240
103 314 334.00 0.228
103 315 339.99 0.228
103 316 347.02 0.228
103 317 353.15 0.228
103 318 360.23 0.229
103 319 366.40 0.229
103 320 373.62 0.218
103 321 379.96 0.230
103 322 387.37 0.218
103 323 393.86 0.230
103 324 401.39 0.219
103 325 408.24 0.219
103 326 416.09 0.219
103 327 423.12 0.208
103 328 431.10 0.208
103 329 438.25 0.197
103 330 446.24 0.197
103 331 453.71 0.197
103 332 461.90 0.197
103 333 469.32 0.198
103 334 477.63 0.197
103 335 485.15 0.198
103 336 493.65 0.187
103 337 501.35 0.198
103 338 510.11 0.107
103 339 517.80 0.107
104 238 103.79 0.320
104 239 102.99 0.320
104 240 100.64 0.320
104 241 100.12 0.308
104 242 98.23 0.284
104 243 97.97 0.273
104 244 96.11 0.250
104 245 96.02 0.250
104 246 94.23 0.250
104 247 94.42 0.238
104 248 93.12 0.238
104 249 93.55 0.238
104 250 92.50 0.250
104 251 93.12 0.250
104 252 92.32 0.251
104 253 93.16 0.251
104 254 92.57 0.252
104 255 93.68 0.252
104 256 93.57 0.252
104 257 95.37 0.252
104 258 95.79 0.252
104 259 97.89 0.242
104 260 98.57 0.242
104 261 100.72 0.242
104 262 101.53 0.231
104 263 103.73 0.231
104 264 104.62 0.232
104 265 107.08 0.231
104 266 108.19 0.232
104 267 111.13 0.232
104 268 113.00 0.221
104 269 116.55 0.209
104 270 118.74 0.198
104 271 122.33 0.186
104 272 124.50 0.175
104 273 128.27 0.175
104 274 130.59 0.152
104 275 134.17 0.141
104 276 136.54 0.130
104 277 140.22 0.130
104 278 142.77 0.130
104 279 146.77 0.130
104 280 149.79 0.130
104 281 154.15 -0.105
104 282 157.13 -0.094
104 283 161.76 -0.084
104 284 165.22 -0.053
104 285 169.83 -0.042
104 286 173.38 0.000
104 287 178.12 0.000
104 288 181.95 0.000
104 289 187.68 0.002
104 290 191.85 0.002
104 291 197.60 0.013
104 292 201.90 0.014
104 293 207.53 0.026
104 294 211.79 0.239
104 295 217.20 0.250
104 296 221.29 0.250
104 297 226.84 0.250
104 298 231.12 0.250
104 299 236.84 0.250
104 300 241.21 0.262
104 301 246.96 0.262
104 302 251.45 0.274
104 303 257.34 0.274
104 304 261.86 0.274
104 305 267.85 0.286
104 306 272.69 0.286
104 307 279.10 0.275
104 308 284.35 0.275
104 309 291.01 0.275
104 310 296.42 0.263
104 311 303.17 0.263
104 312 308.66 0.252
104 313 315.58 0.252
104 314 321.15 0.240
104 315 328.19 0.240
104 316 334.01 0.241
104 317 340.99 0.229
104 318 346.75 0.229
104 319 353.85 0.229
104 320 359.74 0.230
104 321 366.93 0.230
104 322 372.99 0.230
104 323 380.35 0.219
104 324 386.61 0.219
104 325 394.14 0.219
104 326 400.62 0.220
104 327 408.49 0.219
104 328 415.22 0.208
104 329 423.14 0.208
104 330 430.00 0.197
104 331 438.19 0.197
104 332 445.19 0.197
104 333 453.31 0.198
104 334 460.50 0.197
104 335 468.73 0.198
104 336 476.02 0.198
104 337 484.38 0.198
104 338 491.92 0.187
104 339 500.65 0.096
105 241 110.09 0.308
105 242 109.24 0.308
105 243 107.24 0.297
105 244 106.67 0.285
105 245 104.70 0.250
105 246 104.20 0.250
105 247 102.53 0.250
105 248 102.37 0.238
105 249 101.03 0.239
105 250 101.07 0.239
105 251 99.94 0.239
105 252 100.17 0.251
105 253 99.31 0.251
105 254 99.79 0.252
105 255 99.08 0.252
105 256 99.84 0.252
105 257 99.63 0.252
105 258 101.07 0.252
105 259 101.40 0.253
105 260 103.08 0.242
105 261 103.72 0.242
105 262 105.52 0.242
105 263 106.21 0.231
105 264 108.05 0.232
105 265 108.88 0.232
105 266 110.99 0.231
105 267 112.03 0.232
105 268 114.63 0.232
105 269 116.48 0.221
105 270 119.72 0.209
105 271 121.90 0.209
105 272 125.22 0.186
105 273 127.41 0.175
105 274 130.85 0.175
105 275 133.18 0.152
105 276 136.41 0.141
105 277 138.76 0.130
105 278 142.11 0.130
105 279 144.64 0.130
105 280 148.32 0.130
105 281 151.31 0.130
105 282 155.62 0.097
105 283 158.50 -0.094
105 284 162.79 -0.073
105 285 166.21 -0.053
105 286 170.52 -0.042
105 287 174.10 -0.021
105 288 178.57 0.011
105 289 182.37 0.000
105 290 187.76 0.002
105 291 191.91 0.003
105 292 205.23 -0.610
105 293 201.58 0.014
105 294 206.95 0.026
105 295 211.33 0.239
105 296 216.43 0.250
105 297 220.49 0.239
105 298 225.76 0.250
105 299 230.02 0.250
105 300 235.40 0.250
105 301 239.72 0.262
105 302 245.19 0.262
105 303 249.66 0.262
105 304 255.22 0.274
105 305 259.79 0.274
105 306 265.45 0.275
105 307 270.29 0.275
105 308 276.36 0.275
105 309 281.60 0.275
105 310 287.92 0.276
105 311 293.34 0.263
105 312 299.80 0.263
105 313 305.32 0.264
105 314 311.88 0.264
105 315 317.49 0.253
105 316 324.06 0.265
105 317 329.92 0.253
105 318 336.61 0.254
105 319 342.43 0.254
105 320 349.31 0.242
105 321 355.17 0.230
105 322 362.05 0.230
105 323 368.09 0.231
105 324 375.16 0.231
105 325 381.41 0.231
105 326 388.62 0.220
105 327 395.14 0.220
105 328 402.73 0.219
105 329 409.41 0.209
105 330 417.03 0.208
105 331 424.06 0.197
105 332 431.79 0.197
105 333 438.79 0.198
105 334 446.65 0.198
105 335 453.79 0.198
105 336 461.76 0.198
105 337 469.05 0.198
105 338 477.12 0.198
105 339 484.67 0.187
106 244 114.96 0.309
106 245 114.38 0.286
106 246 112.12 0.262
106 247 111.69 0.250
106 248 109.58 0.239
106 249 109.39 0.239
106 250 107.66 0.239
106 251 107.66 0.239
106 252 106.15 0.251
106 253 106.36 0.251
106 254 105.08 0.252
106 255 105.52 0.252
106 256 104.43 0.252
106 257 105.12 0.252
106 258 104.56 0.252
106 259 105.90 0.253
106 260 105.88 0.242
106 261 107.51 0.242
106 262 107.76 0.243
106 263 109.50 0.242
106 264 109.83 0.232
106 265 111.59 0.232
106 266 112.07 0.232
106 267 114.08 0.232
106 268 114.79 0.232
106 269 117.36 0.232
106 270 118.84 0.221
106 271 122.03 0.221
106 272 123.90 0.209
106 273 127.20 0.198
106 274 129.10 0.175
106 275 132.49 0.175
106 276 134.40 0.153
106 277 137.58 0.141
106 278 139.53 0.130
106 279 142.84 0.130
106 280 145.04 0.130
106 281 148.65 0.130
106 282 151.41 0.108
106 283 155.54 0.097
106 284 158.13 -0.094
106 285 162.37 -0.073
106 286 165.42 -0.053
106 287 169.71 -0.032
106 288 172.92 0.000
106 289 177.36 0.000
106 290 180.89 0.000
106 291 186.41 0.002
106 292 190.29 0.002
106 293 195.77 0.003
106 294 199.88 0.014
106 295 205.19 0.015
106 296 209.31 0.026
106 297 214.72 0.239
106 298 218.47 0.239
106 299 223.72 0.250
106 300 227.66 0.250
106 301 233.06 0.250
106 302 237.04 0.262
106 303 242.50 0.262
106 304 246.61 0.274
106 305 252.17 0.274
106 306 256.41 0.274
106 307 262.14 0.274
106 308 266.64 0.287
106 309 272.69 0.275
106 310 277.58 0.276
106 311 283.89 0.276
106 312 289.08 0.264
106 313 295.49 0.264
106 314 300.72 0.264
106 315 307.20 0.277
106 316 312.50 0.277
106 317 319.01 0.278
106 318 324.43 0.278
106 319 331.22 0.278
106 320 336.81 0.266
106 321 343.69 0.255
106 322 349.41 0.243
106 323 356.28 0.231
106 324 362.05 0.231
106 325 369.14 0.231
106 326 375.11 0.231
106 327 382.32 0.220
106 328 388.55 0.220
106 329 396.04 0.220
106 330 402.45 0.209
106 331 410.25 0.208
106 332 416.80 0.197
106 333 424.52 0.198
106 334 431.21 0.198
106 335 439.07 0.198
106 336 445.90 0.198
106 337 453.88 0.198
106 338 460.79 0.198
106 339 468.93 0.198
107 247 121.58 0.262
107 248 120.80 0.251
107 249 118.72 0.251
107 250 118.08 0.251
107 251 116.29 0.240
107 252 115.96 0.240
107 253 114.40 0.251
107 254 114.25 0.251
107 255 112.90 0.252
107 256 112.97 0.252
107 257 111.81 0.252
107 258 112.17 0.252
107 259 111.50 0.253
107 260 112.51 0.253
107 261 112.38 0.254
107 262 113.60 0.243
107 263 113.82 0.242
107 264 115.11 0.243
107 265 115.38 0.232
107 266 116.80 0.232
107 267 117.18 0.232
107 268 118.82 0.232
107 269 119.54 0.232
107 270 121.74 0.222
107 271 123.17 0.221
107 272 126.03 0.221
107 273 127.89 0.210
107 274 130.89 0.198
107 275 132.95 0.175
107 276 135.89 0.175
107 277 137.74 0.152
107 278 140.55 0.130
107 279 142.49 0.130
107 280 145.47 0.130
107 281 147.66 0.130
107 282 150.94 0.130
107 283 153.60 0.130
107 284 157.50 0.097
107 285 160.18 -0.084
107 286 164.05 -0.073
107 287 167.08 -0.053
107 288 171.09 0.000
107 289 174.23 0.000
107 290 178.37 0.000
107 291 181.90 0.000
107 292 187.13 0.002
107 293 190.98 -0.008
107 294 196.18 0.003
107 295 200.30 0.003
107 296 213.17 -0.630
107 297 209.49 0.015
107 298 214.69 0.026
107 299 218.56 0.250
107 300 223.49 0.250
107 301 227.44 0.251
107 302 232.52 0.262
107 303 236.53 0.262
107 304 241.63 0.262
107 305 245.78 0.263
107 306 250.99 0.274
107 307 255.23 0.274
107 308 260.62 0.287
107 309 265.13 0.287
107 310 270.98 0.275
107 311 275.83 0.275
107 312 281.83 0.276
107 313 286.93 0.276
107 314 293.01 0.277
107 315 298.18 0.277
107 316 304.37 0.277
107 317 309.58 0.278
107 318 315.89 0.278
107 319 321.27 0.279
107 320 327.67 0.279
107 321 333.32 0.267
107 322 340.01 0.267
107 323 345.66 0.255
107 324 352.40 0.243
107 325 358.24 0.231
107 326 365.02 0.231
107 327 370.90 0.220
107 328 377.83 0.220
107 329 384.05 0.220
107 330 391.18 0.220
107 331 397.74 0.209
107 332 405.09 0.208
107 333 411.60 0.197
107 334 419.01 0.198
107 335 425.69 0.198
107 336 433.25 0.198
107 337 440.07 0.198
107 338 447.78 0.198
107 339 454.65 0.198
108 250 126.65 0.251
108 251 126.09 0.240
108 252 123.91 0.240
108 253 123.48 0.240
108 254 121.55 0.240
108 255 121.37 0.240
108 256 119.63 0.241
108 257 119.69 0.253
108 258 118.18 0.253
108 259 118.52 0.253
108 260 117.50 0.253
108 261 118.39 0.254
108 262 117.88 0.243
108 263 119.06 0.242
108 264 118.82 0.243
108 265 120.08 0.243
108 266 119.96 0.232
108 267 121.32 0.232
108 268 121.29 0.232
108 269 122.96 0.232
108 270 123.28 0.222
108 271 125.35 0.221
108 272 126.43 0.221
108 273 129.26 0.221
108 274 130.80 0.209
108 275 133.80 0.198
108 276 135.51 0.175
108 277 138.38 0.164
108 278 139.79 0.130
108 279 142.53 0.130
108 280 144.11 0.130
108 281 147.06 0.130
108 282 148.89 0.130
108 283 152.18 0.108
108 284 154.42 0.097
108 285 158.14 0.086
108 286 160.54 -0.084
108 287 164.39 -0.053
108 288 167.03 -0.042
108 289 170.96 -0.032
108 290 173.85 0.000
108 291 177.99 0.000
108 292 181.22 0.000
108 293 186.61 0.001
108 294 190.20 0.001
108 295 195.50 0.002
108 296 199.35 0.003
108 297 212.33 -0.630
108 298 216.03 -0.629
108 299 213.57 0.026
108 300 217.40 0.250
108 301 222.32 0.250
108 302 225.96 0.250
108 303 231.02 0.251
108 304 234.71 0.262
108 305 239.85 0.262
108 306 243.69 0.274
108 307 248.93 0.274
108 308 252.84 0.286
108 309 258.23 0.286
108 310 262.44 0.287
108 311 268.26 0.287
108 312 272.87 0.275
108 313 278.85 0.276
108 314 283.66 0.276
108 315 289.72 0.277
108 316 294.60 0.277
108 317 300.79 0.278
108 318 305.77 0.278
108 319 311.98 0.279
108 320 317.09 0.279
108 321 323.45 0.279
108 322 328.82 0.267
108 323 335.50 0.255
108 324 340.90 0.244
108 325 347.58 0.244
108 326 353.18 0.231
108 327 359.96 0.231
108 328 365.64 0.220
108 329 372.55 0.220
108 330 378.39 0.220
108 331 385.68 0.209
108 332 391.82 0.208
108 333 399.06 0.197
108 334 405.27 0.197
108 335 412.62 0.198
108 336 418.49 0.000
108 337 426.17 -0.011
108 338 432.66 0.000
108 339 440.57 0.011
109 253 133.52 0.240
109 254 132.79 0.240
109 255 130.71 0.241
109 256 130.21 0.241
109 257 128.44 0.241
109 258 128.17 0.241
109 259 126.60 0.242
109 260 126.57 0.242
109 261 125.51 0.242
109 262 126.03 0.243
109 263 125.44 0.242
109 264 126.21 0.243
109 265 125.92 0.243
109 266 126.78 0.231
109 267 126.60 0.232
109 268 127.56 0.232
109 269 127.52 0.232
109 270 128.79 0.232
109 271 128.99 0.221
109 272 130.70 0.221
109 273 131.74 0.221
109 274 134.17 0.222
109 275 135.70 0.209
109 276 138.38 0.198
109 277 140.07 0.175
109 278 142.55 0.153
109 279 143.89 0.130
109 280 146.29 0.130
109 281 147.84 0.130
109 282 150.49 0.130
109 283 152.29 0.130
109 284 155.24 0.108
109 285 157.50 0.108
109 286 160.95 0.086
109 287 163.25 -0.084
109 288 166.77 -0.042
109 289 169.38 -0.032
109 290 172.96 -0.011
109 291 175.80 0.000
109 292 179.64 0.000
109 293 182.87 0.000
109 294 187.98 0.000
109 295 191.56 0.000
109 296 196.63 0.002
109 297 200.49 0.002
109 298 205.48 0.014
109 299 209.38 0.014
109 300 214.27 0.025
109 301 218.22 0.025
109 302 222.97 0.250
109 303 226.59 0.250
109 304 231.29 0.262
109 305 235.02 0.262
109 306 239.88 0.273
109 307 243.69 0.285
109 308 248.66 0.274
109 309 252.57 0.285
109 310 257.65 0.286
109 311 261.89 0.287
109 312 267.40 0.287
109 313 272.04 0.287
109 314 277.79 0.276
109 315 282.53 0.277
109 316 288.29 0.277
109 317 293.11 0.278
109 318 299.00 0.278
109 319 303.92 0.279
109 320 309.86 0.279
109 321 314.98 0.279
109 322 321.10 0.279
109 323 326.51 0.267
109 324 332.80 0.255
109 325 338.28 0.243
109 326 344.74 0.243
109 327 350.23 0.219
109 328 356.67 0.220
109 329 362.28 0.220
109 330 368.91 0.220
109 331 374.90 0.209
109 332 381.76 0.208
109 333 387.79 0.197
109 334 394.70 0.197
109 335 400.85 0.198
109 336 407.95 0.198
109 337 413.33 0.000
109 338 420.77 -0.011
109 339 427.28 0.000
110 256 138.88 0.229
110 257 138.36 0.229
110 258 136.12 0.241
110 259 135.81 0.229
110 260 133.94 0.241
110 261 133.88 0.242
110 262 132.47 0.242
110 263 132.96 0.242
110 264 132.00 0.242
110 265 132.71 0.243
110 266 132.01 0.231
110 267 132.87 0.231
110 268 132.26 0.232
110 269 133.19 0.232
110 270 132.79 0.232
110 271 133.94 0.221
110 272 133.77 0.221
110 273 135.45 0.221
110 274 136.08 0.222
110 275 138.55 0.222
110 276 139.64 0.210
110 277 142.25 0.198
110 278 143.53 0.175
110 279 145.80 0.130
110 280 146.76 0.130
110 281 149.15 0.130
110 282 150.37 0.130
110 283 152.96 0.108
110 284 154.37 0.097
110 285 157.21 0.097
110 286 159.06 0.097
110 287 162.41 0.075
110 288 164.38 -0.073
110 289 167.77 -0.032
110 290 170.01 -0.032
110 291 173.60 0.000
110 292 176.14 0.000
110 293 179.98 0.000
110 294 182.91 0.000
110 295 188.02 0.000
110 296 191.33 0.000
110 297 196.63 0.001
110 298 200.22 0.001
110 299 205.35 0.013
110 300 208.99 0.014
110 301 213.90 0.035
110 302 217.58 0.036
110 303 222.50 0.381
110 304 225.85 0.250
110 305 230.60 0.262
110 306 234.07 0.262
110 307 238.93 0.262
110 308 242.44 0.285
110 309 247.34 0.285
110 310 251.00 0.285
110 311 256.11 0.285
110 312 260.09 0.286
110 313 265.57 0.287
110 314 269.91 0.287
110 315 275.61 0.287
110 316 280.17 0.276
110 317 285.91 0.277
110 318 290.46 0.278
110 319 296.35 0.278
110 320 301.00 0.279
110 321 306.93 0.279
110 322 311.76 0.279
110 323 317.89 0.279
110 324 322.97 0.267
110 325 329.19 0.255
110 326 334.45 0.207
110 327 340.84 0.207
110 328 346.00 0.196
110 329 352.45 0.208
110 330 357.82 0.208
110 331 364.58 0.208
110 332 370.15 0.197
110 333 376.90 0.197
110 334 382.57 0.197
110 335 389.52 0.197
110 336 395.38 0.186
110 337 401.63 0.021
110 338 406.71 0.000
110 339 414.17 -0.011
111 259 145.85 0.218
111 260 145.20 0.218
111 261 143.38 0.219
111 262 142.94 0.230
111 263 141.59 0.230
111 264 141.73 0.219
111 265 140.66 0.219
111 266 140.97 0.220
111 267 140.21 0.219
111 268 140.66 0.220
111 269 140.02 0.220
111 270 140.58 0.220
111 271 140.13 0.220
111 272 140.98 0.221
111 273 140.78 0.221
111 274 142.04 0.222
111 275 142.71 0.222
111 276 144.68 0.198
111 277 145.65 0.198
111 278 147.85 0.175
111 279 148.91 0.164
111 280 150.77 0.130
111 281 151.71 0.130
111 282 153.76 0.108
111 283 154.89 0.097
111 284 157.12 0.097
111 285 158.48 0.086
111 286 161.00 0.086
111 287 162.86 0.086
111 288 165.76 0.075
111 289 167.72 -0.042
111 290 170.70 -0.032
111 291 172.94 -0.021
111 292 176.21 -0.011
111 293 178.74 0.000
111 294 182.32 0.000
111 295 185.23 0.000
111 296 190.00 0.000
111 297 193.31 0.000
111 298 198.35 0.001
111 299 201.93 0.000
111 300 206.87 0.012
111 301 210.57 0.012
111 302 215.36 0.035
111 303 219.07 0.035
111 304 223.62 0.036
111 305 227.19 0.381
111 306 231.65 0.262
111 307 235.14 0.262
111 308 239.72 0.273
111 309 243.26 0.285
111 310 247.86 0.297
111 311 251.51 0.285
111 312 256.32 0.285
111 313 260.31 0.286
111 314 265.55 0.286
111 315 269.88 0.286
111 316 275.27 0.287
111 317 279.86 0.276
111 318 285.32 0.288
111 319 289.91 0.289
111 320 295.45 0.289
111 321 300.19 0.289
111 322 305.86 0.289
111 323 310.71 0.289
111 324 316.52 0.279
111 325 321.64 0.207
111 326 327.62 0.207
111 327 332.59 0.196
111 328 338.64 0.196
111 329 343.83 0.196
111 330 350.05 0.196
111 331 355.55 0.197
111 332 361.88 0.197
111 333 367.32 0.197
111 334 373.74 0.197
111 335 379.98 0.054
111 336 386.18 0.053
111 337 391.17 -0.011
111 338 397.22 0.021
111 339 402.25 0.000
112 262 151.47 0.218
112 263 151.04 0.219
112 264 149.34 0.241
112 265 149.45 0.219
112 266 148.02 0.219
112 267 148.29 0.208
112 268 147.16 0.208
112 269 147.58 0.208
112 270 146.58 0.209
112 271 147.20 0.209
112 272 146.35 0.209
112 273 147.18 0.221
112 274 146.63 0.222
112 275 147.92 0.222
112 276 148.10 0.210
112 277 150.00 0.198
112 278 150.67 0.187
112 279 152.62 0.175
112 280 153.15 0.141
112 281 154.92 0.085
112 282 155.38 0.086
112 283 157.35 0.086
112 284 158.14 0.086
112 285 160.36 0.086
112 286 161.41 0.075
112 287 163.91 0.075
112 288 165.38 0.064
112 289 168.12 0.043
112 290 169.55 0.000
112 291 172.48 -0.011
112 292 174.37 0.000
112 293 177.57 0.000
112 294 179.80 0.000
112 295 183.37 0.000
112 296 185.99 0.000
112 297 190.76 0.000
112 298 193.74 0.000
112 299 198.92 0.011
112 300 202.11 0.000
112 301 207.28 0.011
112 302 210.66 0.000
112 303 215.66 0.034
112 304 219.09 0.034
112 305 223.98 0.046
112 306 227.47 0.086
112 307 229.30 0.551
112 308 234.79 0.284
112 309 239.34 0.285
112 310 242.61 0.285
112 311 247.23 0.308
112 312 250.62 0.297
112 313 255.44 0.297
112 314 259.13 0.297
112 315 264.40 0.298
112 316 268.48 0.286
112 317 273.94 0.287
112 318 278.18 0.287
112 319 283.71 0.288
112 320 288.02 0.289
112 321 293.56 0.289
112 322 298.02 0.289
112 323 303.68 0.289
112 324 308.29 0.289
112 325 314.21 0.207
112 326 318.86 0.195
112 327 324.79 0.196
112 328 329.44 0.184
112 329 335.53 0.184
112 330 340.39 0.185
112 331 346.76 0.185
112 332 351.84 0.185
112 333 358.14 0.185
112 334 363.33 0.185
112 335 370.01 0.054
112 336 374.86 0.053
112 337 381.02 0.021
112 338 385.57 0.000
112 339 391.61 0.011
113 266 158.98 0.207
113 267 157.51 0.196
113 268 157.45 0.208
113 269 156.20 0.197
113 270 156.25 0.197
113 271 155.23 0.198
113 272 155.44 0.197
113 273 154.59 0.209
113 274 155.07 0.210
113 275 154.50 0.209
113 276 155.36 0.210
113 277 155.44 0.198
113 278 156.98 0.199
113 279 156.99 0.011
113 280 158.55 0.053
113 281 158.83 0.064
113 282 160.29 0.064
113 283 160.79 0.075
113 284 162.46 0.075
113 285 163.26 0.075
113 286 165.15 0.075
113 287 166.20 0.064
113 288 168.38 0.054
113 289 169.71 0.043
113 290 172.02 0.032
113 291 173.50 -0.021
113 292 176.14 0.021
113 293 178.08 0.021
113 294 181.04 0.011
113 295 183.28 0.011
113 296 186.57 0.011
113 297 189.18 0.000
113 298 193.64 0.000
113 299 196.60 0.000
113 300 201.46 0.011
113 301 204.64 0.011
113 302 209.52 0.021
113 303 212.87 0.011
113 304 217.71 0.032
113 305 221.15 0.044
113 306 225.73 0.076
113 307 229.09 0.086
113 308 233.67 0.097
113 309 237.07 0.107
113 310 238.38 0.541
113 311 244.12 0.296
113 312 248.46 0.308
113 313 251.86 0.296
113 314 256.41 0.297
113 315 260.08 0.297
113 316 265.08 0.298
113 317 269.15 0.298
113 318 274.34 0.286
113 319 278.61 0.287
113 320 283.87 0.288
113 321 288.21 0.288
113 322 293.48 0.289
113 323 298.01 0.289
113 324 303.37 0.289
113 325 307.84 0.289
113 326 313.44 0.184
113 327 318.09 0.173
113 328 323.78 0.173
113 329 328.49 0.173
113 330 334.29 0.173
113 331 339.17 0.173
113 332 345.16 0.173
113 333 350.18 0.174
113 334 356.23 0.174
113 335 361.26 0.075
113 336 367.02 0.054
113 337 371.85 0.053
113 338 377.73 0.021
113 339 382.29 0.011
114 269 165.42 0.196
114 270 163.84 0.185
114 271 163.90 0.185
114 272 162.54 0.186
114 273 162.76 0.197
114 274 161.61 0.198
114 275 162.05 0.198
114 276 161.20 0.209
114 277 161.98 0.198
114 278 160.81 0.000
114 279 161.94 0.000
114 280 161.57 0.000
114 281 163.00 0.000
114 282 163.05 0.000
114 283 164.87 0.064
114 284 165.09 0.064
114 285 166.78 0.064
114 286 167.27 0.064
114 287 169.17 0.064
114 288 169.73 -0.021
114 289 171.84 -0.021
114 290 172.67 -0.011
114 291 175.10 0.011
114 292 176.12 0.000
114 293 178.81 0.000
114 294 180.41 0.000
114 295 183.34 0.000
114 296 185.26 0.000
114 297 188.57 0.000
114 298 190.88 0.000
114 299 195.34 0.000
114 300 197.98 0.000
114 301 202.89 0.011
114 302 205.70 0.000
114 303 210.64 0.011
114 304 213.63 0.000
114 305 218.59 0.021
114 306 221.70 0.000
114 307 226.59 -0.063
114 308 229.52 0.075
114 309 234.13 0.086
114 310 237.26 0.097
114 311 238.62 0.541
114 312 241.73 0.553
114 313 248.55 0.308
114 314 251.69 0.296
114 315 256.22 0.296
114 316 259.62 0.297
114 317 264.62 0.297
114 318 268.45 0.298
114 319 273.63 0.298
114 320 277.66 0.298
114 321 282.93 0.299
114 322 287.01 0.288
114 323 292.35 0.300
114 324 296.55 0.300
114 325 301.93 0.301
114 326 306.15 0.151
114 327 311.67 0.172
114 328 316.05 0.151
114 329 321.72 0.151
114 330 326.12 0.173
114 331 331.90 0.173
114 332 336.51 0.173
114 333 342.49 0.173
114 334 347.11 0.119
114 335 353.00 0.097
114 336 357.61 -0.011
114 337 363.26 0.054
114 338 367.68 -0.011
114 339 373.46 0.011
115 272 173.21 0.162
115 273 171.85 0.163
115 274 171.78 0.186
115 275 170.59 0.198
115 276 170.70 0.198
115 277 169.76 0.198
115 278 169.94 0.032
115 279 168.83 -0.011
115 280 169.64 0.021
115 281 169.34 0.032
115 282 170.35 0.064
115 283 170.24 0.064
115 284 171.35 0.064
115 285 171.55 0.064
115 286 172.92 0.075
115 287 173.43 0.064
115 288 175.02 0.064
115 289 175.77 0.064
115 290 177.61 0.053
115 291 178.36 -0.042
115 292 180.40 -0.042
115 293 181.57 -0.021
115 294 183.89 -0.021
115 295 185.50 -0.021
115 296 188.15 -0.011
115 297 190.09 -0.011
115 298 193.06 -0.011
115 299 195.39 0.000
115 300 199.53 0.000
115 301 202.16 0.000
115 302 206.71 0.011
115 303 209.55 0.011
115 304 214.12 0.021
115 305 217.12 -0.011
115 306 221.62 0.044
115 307 224.66 0.054
115 308 228.96 0.065
115 309 232.05 0.076
115 310 236.35 0.086
115 311 239.48 0.097
115 312 240.65 0.552
115 313 243.78 0.552
115 314 250.39 0.319
115 315 253.55 0.308
115 316 257.87 0.296
115 317 261.26 0.308
115 318 266.01 0.297
115 319 269.83 0.297
115 320 274.76 0.298
115 321 278.80 0.298
115 322 283.76 0.298
115 323 287.89 0.299
115 324 293.02 0.299
115 325 297.19 0.150
115 326 302.30 0.150
115 327 306.43 0.151
115 328 311.67 0.151
115 329 315.88 0.151
115 330 321.25 0.151
115 331 325.63 0.119
115 332 331.13 0.119
115 333 335.60 0.119
115 334 341.21 0.119
115 335 345.74 0.097
115 336 351.38 0.097
115 337 355.88 0.053
115 338 361.36 0.054
115 339 365.91 -0.011
116 275 179.87 0.174
116 276 178.33 0.186
116 277 178.42 0.186
116 278 176.77 0.000
116 279 177.11 0.032
116 280 175.68 0.000
116 281 176.49 0.032
116 282 175.85 0.053
116 283 176.65 0.064
116 284 176.21 0.064
116 285 177.27 0.075
116 286 177.15 0.075
116 287 178.49 0.075
116 288 178.71 0.075
116 289 180.30 0.075
116 290 180.76 0.064
116 291 182.61 0.064
116 292 182.97 -0.073
116 293 185.04 -0.063
116 294 186.00 -0.042
116 295 188.39 -0.021
116 296 189.72 -0.011
116 297 192.35 0.000
116 298 193.97 0.000
116 299 196.94 0.000
116 300 198.94 0.000
116 301 203.05 0.000
116 302 205.38 0.000
116 303 209.94 0.011
116 304 212.43 0.000
116 305 217.02 0.022
116 306 219.68 0.044
116 307 224.15 -0.042
116 308 226.58 0.055
116 309 230.77 0.066
116 310 233.56 0.076
116 311 237.97 0.086
116 312 240.77 0.097
116 313 245.03 0.108
116 314 247.91 0.107
116 315 248.63 0.553
116 316 254.06 0.308
116 317 258.35 0.308
116 318 261.46 0.308
116 319 266.18 0.308
116 320 269.77 0.308
116 321 274.75 0.298
116 322 278.49 0.298
116 323 283.47 0.298
116 324 287.34 0.299
116 325 292.45 0.299
116 326 296.37 0.240
116 327 301.48 0.139
116 328 305.44 0.140
116 329 310.69 0.140
116 330 314.55 0.118
116 331 319.88 0.119
116 332 323.93 0.119
116 333 329.41 0.119
116 334 333.61 0.119
116 335 339.21 0.119
116 336 343.41 0.097
116 337 349.04 0.097
116 338 353.38 0.053
116 339 358.84 0.054
117 278 187.54 0.075
117 279 185.98 0.043
117 280 185.90 0.043
117 281 184.49 0.000
117 282 184.95 0.043
117 283 184.22 0.064
117 284 184.71 0.075
117 285 184.21 0.075
117 286 184.95 0.075
117 287 184.77 0.075
117 288 185.78 0.086
117 289 185.95 0.075
117 290 187.19 0.075
117 291 187.60 0.075
117 292 189.15 0.075
117 293 189.59 -0.073
117 294 191.33 -0.073
117 295 192.32 -0.052
117 296 194.46 -0.032
117 297 195.76 -0.032
117 298 198.17 0.000
117 299 199.78 0.000
117 300 202.45 0.000
117 301 204.45 0.000
117 302 208.23 0.000
117 303 210.54 0.000
117 304 214.77 0.011
117 305 217.27 0.000
117 306 221.54 -0.032
117 307 224.21 0.000
117 308 228.03 -0.397
117 309 230.33 0.066
117 310 234.41 -0.407
117 311 237.23 -0.406
117 312 241.16 -0.406
117 313 244.01 -0.416
117 314 244.33 0.539
117 315 247.17 0.552
117 316 251.13 0.552
117 317 256.56 0.319
117 318 260.67 0.308
117 319 263.77 0.308
117 320 268.24 0.308
117 321 271.80 0.308
117 322 276.52 0.309
117 323 281.57 -0.454
117 324 285.03 0.310
117 325 288.89 0.310
117 326 293.70 0.310
117 327 297.62 0.311
117 328 302.49 0.311
117 329 306.28 0.118
117 330 311.29 0.118
117 331 314.87 0.408
117 332 320.17 0.119
117 333 324.22 0.119
117 334 329.38 0.119
117 335 333.56 0.119
117 336 338.83 0.108
117 337 342.99 0.097
117 338 348.30 0.097
117 339 352.71 0.075
118 281 194.00 0.043
118 282 192.31 0.000
118 283 192.73 0.043
118 284 191.67 0.064
118 285 192.14 0.075
118 286 191.32 0.075
118 287 192.03 0.075
118 288 191.49 0.086
118 289 192.45 0.086
118 290 192.24 0.086
118 291 193.46 0.075
118 292 193.52 0.075
118 293 195.06 0.075
118 294 195.55 0.064
118 295 196.96 -0.084
118 296 197.67 -0.063
118 297 199.85 -0.042
118 298 200.91 -0.032
118 299 203.32 -0.011
118 300 204.65 0.000
118 301 207.33 0.000
118 302 209.01 0.000
118 303 212.74 0.000
118 304 214.76 0.000
118 305 218.92 -0.021
118 306 221.14 0.000
118 307 224.89 -0.397
118 308 226.95 -0.397
118 309 230.51 -0.407
118 310 232.85 -0.407
118 311 236.54 -0.407
118 312 239.04 -0.416
118 313 242.92 -0.416
118 314 245.52 -0.416
118 315 245.94 0.551
118 316 248.51 0.552
118 317 252.44 0.552
118 318 257.79 0.319
118 319 261.90 0.308
118 320 264.70 0.308
118 321 269.18 0.308
118 322 272.44 0.308
118 323 278.50 -0.455
118 324 281.81 -0.465
118 325 286.44 -0.465
118 326 289.94 -0.474
118 327 293.79 0.310
118 328 297.55 0.239
118 329 302.34 0.172
118 330 305.96 0.313
118 331 309.87 0.408
118 332 313.74 0.408
118 333 319.05 0.408
118 334 323.13 0.408
118 335 328.65 0.119
118 336 332.55 0.119
118 337 337.71 0.097
118 338 341.58 0.097
118 339 346.91 0.097
119 284 201.99 0.032
119 285 200.97 0.064
119 286 201.12 0.064
119 287 200.01 -0.084
119 288 200.70 0.075
119 289 200.10 0.086
119 290 200.68 0.086
119 291 200.43 0.086
119 292 201.28 0.086
119 293 201.29 0.075
119 294 202.46 0.075
119 295 202.96 0.075
119 296 204.55 0.064
119 297 204.91 -0.063
119 298 206.84 -0.032
119 299 207.82 -0.032
119 300 209.91 -0.021
119 301 211.26 0.000
119 302 213.64 0.000
119 303 215.31 0.000
119 304 218.73 0.000
119 305 220.73 0.000
119 306 224.58 -0.010
119 307 226.35 -0.397
119 308 229.35 -0.407
119 309 231.39 -0.407
119 310 234.63 -0.407
119 311 236.95 -0.407
119 312 240.35 -0.406
119 313 242.81 -0.416
119 314 246.38 -0.416
119 315 249.01 -0.426
119 316 252.78 -0.426
119 317 255.50 -0.426
119 318 259.44 -0.426
119 319 262.33 -0.426
119 320 266.13 -0.435
119 321 269.15 -0.435
119 322 273.26 -0.435
119 323 276.43 -0.445
119 324 280.71 -0.445
119 325 284.01 -0.455
119 326 288.37 -0.455
119 327 291.86 -0.455
119 328 296.57 -0.474
119 329 299.43 0.323
119 330 304.05 0.311
119 331 306.20 0.409
119 332 311.02 0.408
119 333 314.91 0.409
119 334 319.91 0.409
119 335 323.94 0.409
119 336 329.09 0.409
119 337 333.24 0.421
119 338 338.27 0.097
119 339 342.13 0.097
120 287 209.11 -0.084
120 288 207.94 -0.104
120 289 208.31 -0.104
120 290 207.49 -0.125
120 291 208.32 0.086
120 292 207.69 0.086
120 293 208.52 0.086
120 294 208.15 0.086
120 295 209.34 0.075
120 296 209.53 0.075
120 297 211.13 0.064
120 298 211.21 -0.063
120 299 213.11 -0.032
120 300 213.79 -0.032
120 301 215.89 0.000
120 302 216.88 0.000
120 303 219.25 0.000
120 304 220.62 0.000
120 305 224.01 0.000
120 306 225.71 0.000
120 307 228.78 -0.397
120 308 230.14 -0.407
120 309 233.11 -0.407
120 310 234.85 -0.407
120 311 238.07 -0.407
120 312 240.08 -0.416
120 313 243.43 -0.416
120 314 245.60 -0.426
120 315 249.12 -0.426
120 316 251.40 -0.426
120 317 255.16 -0.426
120 318 257.60 -0.436
120 319 261.51 -0.436
120 320 264.08 -0.435
120 321 267.94 -0.435
120 322 270.69 -0.445
120 323 274.86 -0.445
120 324 277.90 -0.445
120 325 282.00 -0.455
120 326 285.14 -0.455
120 327 289.40 -0.465
120 328 292.63 -0.464
120 329 297.12 -0.464
120 330 300.35 -0.464
120 331 303.08 0.409
120 332 306.47 0.409
120 333 311.26 0.409
120 334 314.85 0.409
120 335 319.85 0.409
120 336 323.61 0.409
120 337 328.72 0.421
120 338 332.58 0.421
120 339 337.84 0.421
121 290 217.71 -0.125
121 291 216.78 -0.125
121 292 217.13 -0.125
121 293 216.58 -0.124
121 294 217.52 0.075
121 295 217.15 0.075
121 296 218.00 0.075
121 297 218.18 0.075
121 298 219.40 0.064
121 299 219.54 -0.021
121 300 220.92 -0.021
121 301 221.58 -0.021
121 302 223.32 -0.021
121 303 224.35 0.000
121 304 226.43 0.000
121 305 227.79 0.000
121 306 230.84 0.000
121 307 232.54 0.000
121 308 234.89 -0.407
121 309 236.21 -0.407
121 310 238.87 -0.407
121 311 240.59 -0.407
121 312 243.51 -0.417
121 313 245.46 -0.416
121 314 248.51 -0.416
121 315 250.64 -0.426
121 316 253.85 -0.426
121 317 256.10 -0.436
121 318 259.54 -0.436
121 319 261.92 -0.436
121 320 265.54 -0.435
121 321 268.08 -0.435
121 322 271.84 -0.445
121 323 274.51 -0.445
121 324 278.42 -0.455
121 325 281.21 -0.455
121 326 285.15 -0.455
121 327 288.09 -0.465
121 328 292.22 -0.464
121 329 295.23 -0.464
121 330 299.45 -0.474
121 331 300.97 0.433
121 332 305.36 0.421
121 333 308.75 0.409
121 334 313.27 0.409
121 335 316.84 0.421
121 336 321.55 0.421
121 337 325.27 0.421
121 338 330.14 0.410
121 339 333.96 0.422
122 294 224.43 -0.124
122 295 225.23 -0.125
122 296 225.05 0.075
122 297 225.87 0.075
122 298 225.73 0.075
122 299 226.39 -0.084
122 300 226.67 0.000
122 301 228.02 -0.011
122 302 228.40 0.000
122 303 230.10 0.000
122 304 230.79 0.000
122 305 232.86 0.000
122 306 233.92 0.000
122 307 236.94 0.000
122 308 238.33 0.000
122 309 240.23 -0.407
122 310 241.24 -0.407
122 311 243.88 -0.407
122 312 245.30 -0.407
122 313 248.20 -0.417
122 314 249.84 -0.416
122 315 252.92 -0.426
122 316 254.69 -0.426
122 317 257.90 -0.436
122 318 259.80 -0.436
122 319 263.21 -0.436
122 320 265.29 -0.435
122 321 268.85 -0.445
122 322 270.90 -0.445
122 323 274.40 -0.445
122 324 276.85 -0.445
122 325 279.26 0.319
122 326 283.23 -0.465
122 327 287.24 -0.465
122 328 290.09 -0.465
122 329 294.00 -0.474
122 330 296.89 -0.474
122 331 300.64 0.322
122 332 302.30 0.445
122 333 306.72 0.433
122 334 309.84 0.421
122 335 314.35 0.409
122 336 317.62 0.421
122 337 322.30 0.421
122 338 325.71 0.421
122 339 330.58 0.410
123 297 234.16 -0.165
123 298 234.84 -0.115
123 299 234.56 -0.104
123 300 235.40 -0.084
123 301 235.60 -0.011
123 302 236.67 -0.011
123 303 237.01 -0.021
123 304 238.45 0.000
123 305 239.13 0.000
123 306 240.91 0.000
123 307 241.95 0.000
123 308 244.65 0.000
123 309 246.03 0.000
123 310 247.33 -0.407
123 311 248.32 -0.407
123 312 250.65 -0.407
123 313 252.04 -0.417
123 314 254.61 -0.417
123 315 256.22 -0.426
123 316 258.96 -0.426
123 317 260.69 -0.426
123 318 263.54 -0.436
123 319 265.44 -0.436
123 320 268.54 -0.435
123 321 270.58 -0.445
123 322 273.82 -0.445
123 323 275.81 -0.445
123 324 278.95 -0.454
123 325 281.25 -0.454
123 326 284.72 -0.464
123 327 287.32 -0.464
123 328 291.10 -0.464
123 329 293.75 -0.474
123 330 297.44 -0.474
123 331 299.95 0.333
123 332 303.96 0.322
123 333 307.26 -0.474
123 334 309.71 0.445
123 335 312.80 0.434
123 336 317.06 0.421
123 337 320.29 0.421
123 338 324.69 0.421
123 339 328.10 0.422
124 300 242.46 -0.226
124 301 243.16 -0.225
124 302 242.63 -0.235
124 303 243.81 -0.255
124 304 244.65 0.000
124 305 246.05 0.000
124 306 246.43 0.000
124 307 248.19 0.000
124 308 248.93 0.000
124 309 250.49 -0.165
124 310 251.49 -0.398
124 311 253.46 -0.407
124 312 254.13 -0.407
124 313 252.88 0.441
124 314 253.91 0.441
124 315 256.55 0.429
124 316 261.42 -0.426
124 317 264.14 -0.426
124 318 265.60 -0.436
124 319 268.43 -0.436
124 320 270.01 -0.436
124 321 267.61 0.539
124 322 274.62 -0.445
124 323 277.52 -0.455
124 324 279.26 -0.454
124 325 282.36 -0.454
124 326 282.82 0.319
124 327 286.40 0.319
124 328 288.83 0.319
124 329 292.73 0.320
124 330 295.39 0.332
124 331 299.39 0.333
124 332 302.09 0.333
124 333 306.06 0.334
124 334 308.87 0.335
124 335 311.67 0.445
124 336 314.53 0.445
124 337 320.33 0.336
124 338 321.77 0.446
124 339 326.17 0.435
125 303 251.72 -0.245
125 304 252.59 -0.245
125 305 252.69 -0.255
125 306 254.14 -0.266
125 307 254.55 -0.266
125 308 257.18 0.000
125 309 257.90 0.000
125 310 254.68 0.440
125 311 255.28 0.440
125 312 256.93 0.440
125 313 257.69 0.441
125 314 259.55 0.441
125 315 260.56 0.441
125 316 262.86 0.429
125 317 264.26 0.429
125 318 266.92 0.429
125 319 272.34 -0.436
125 320 274.92 -0.436
125 321 270.56 0.538
125 322 273.10 0.539
125 323 280.53 -0.455
125 324 283.06 -0.454
125 325 284.73 -0.454
125 326 287.54 -0.464
125 327 289.53 -0.464
125 328 291.17 0.319
125 329 293.61 0.319
125 330 297.22 0.320
125 331 299.91 0.332
125 332 303.60 0.333
125 333 306.28 0.345
125 334 309.97 0.334
125 335 312.75 0.347
125 336 316.60 0.335
125 337 319.52 0.347
125 338 322.18 0.446
125 339 327.42 0.193
126 306 260.36 -0.245
126 307 261.76 -0.266
126 308 261.84 -0.266
126 309 263.53 -0.266
126 310 259.83 0.426
126 311 261.30 0.440
126 312 261.57 0.440
126 313 263.16 0.440
126 314 263.58 0.441
126 315 265.42 0.441
126 316 266.14 0.441
126 317 268.41 0.429
126 318 269.55 0.429
126 319 272.17 0.429
126 320 273.54 0.430
126 321 273.93 0.538
126 322 275.04 0.538
126 323 277.52 0.539
126 324 278.77 0.539
126 325 281.50 0.552
126 326 288.84 -0.464
126 327 291.62 -0.464
126 328 291.69 0.319
126 329 294.94 0.319
126 330 297.11 0.320
126 331 300.75 0.320
126 332 303.08 0.332
126 333 306.74 0.333
126 334 309.15 0.333
126 335 312.80 0.334
126 336 315.28 0.347
126 337 319.10 0.335
126 338 321.77 0.347
126 339 325.94 0.336
127 310 272.38 -0.266
127 311 268.40 0.440
127 312 269.51 0.440
127 313 269.71 0.440
127 314 271.01 0.441
127 315 271.38 0.441
127 316 272.92 0.441
127 317 273.61 0.429
127 318 275.60 0.429
127 319 276.69 0.429
127 320 279.01 0.430
127 321 280.35 0.430
127 322 282.84 0.430
127 323 284.32 0.430
127 324 283.77 0.539
127 325 285.08 0.552
127 326 287.41 0.552
127 327 294.98 -0.464
127 328 297.49 -0.474
127 329 297.46 0.319
127 330 300.40 0.319
127 331 302.66 0.320
127 332 305.92 0.320
127 333 308.24 0.332
127 334 311.60 0.333
127 335 314.01 0.345
127 336 317.39 0.334
127 337 319.83 0.347
127 338 323.39 0.335
127 339 326.03 0.347
128 313 276.90 0.440
128 314 276.82 0.441
128 315 278.05 0.441
128 316 278.11 0.441
128 317 279.64 0.441
128 318 280.04 0.442
128 319 282.01 0.442
128 320 282.76 0.430
128 321 285.04 0.430
128 322 286.08 0.430
128 323 288.58 0.430
128 324 289.74 0.431
128 325 292.51 0.431
128 326 289.79 0.552
128 327 292.18 0.552
128 328 293.46 0.553
128 329 302.28 -0.474
128 330 302.01 0.319
128 331 304.96 0.319
128 332 306.85 0.320
128 333 310.09 0.320
128 334 312.12 0.321
128 335 315.44 0.321
128 336 317.58 0.334
128 337 320.90 0.334
128 338 323.07 0.347
128 339 326.58 0.335
129 316 286.86 0.441
129 317 286.92 0.443
129 318 288.07 0.443
129 319 288.40 0.443
129 320 290.08 0.430
129 321 290.82 0.430
129 322 292.76 0.430
129 323 293.71 0.431
129 324 295.95 0.431
129 325 297.05 0.431
129 326 299.57 0.432
129 327 300.88 0.432
129 328 298.74 0.552
129 329 299.98 0.553
129 330 308.81 -0.483
129 331 308.52 0.319
129 332 311.21 0.320
129 333 313.00 0.320
129 334 315.96 0.320
129 335 317.96 0.321
129 336 320.99 0.321
129 337 323.13 0.334
129 338 326.17 0.334
129 339 328.33 0.335
130 319 295.62 0.443
130 320 295.67 0.442
130 321 297.25 0.430
130 322 297.74 0.430
130 323 299.69 0.431
130 324 300.32 0.431
130 325 302.54 0.431
130 326 303.42 0.432
130 327 305.73 0.432
130 328 306.74 0.432
130 329 309.23 0.433
130 330 310.35 0.433
130 331 312.64 0.319
130 332 313.73 0.319
130 333 316.37 0.320
130 334 317.88 0.320
130 335 320.85 0.321
130 336 322.52 0.321
130 337 325.55 0.322
130 338 327.34 0.322
130 339 330.40 0.322
131 323 306.51 0.431
131 324 308.12 0.431
131 325 308.78 0.431
131 326 310.72 0.432
131 327 311.45 0.432
131 328 313.47 0.432
131 329 314.49 0.433
131 330 316.59 0.433
131 331 317.79 0.433
131 332 320.11 0.435
131 333 320.98 0.308
131 334 323.24 0.320
131 335 324.73 0.320
131 336 327.39 0.321
131 337 329.05 0.321
131 338 331.77 0.322
131 339 333.55 0.322
132 326 316.11 0.432
132 327 317.92 0.432
132 328 318.40 0.432
132 329 320.39 0.433
132 330 321.02 0.433
132 331 323.20 0.433
132 332 324.05 0.435
132 333 326.27 0.434
132 334 326.85 0.308
132 335 329.13 0.308
132 336 330.39 0.308
132 337 332.95 0.321
132 338 334.33 0.321
132 339 336.99 0.322
133 329 327.15 0.433
133 330 328.77 0.433
133 331 329.48 0.433
133 332 331.31 0.435
133 333 332.06 0.435
133 334 333.99 0.434
133 335 334.90 0.434
133 336 336.65 0.308
133 337 337.89 0.308
133 338 340.38 0.422
133 339 341.68 0.422
134 332 336.78 0.435
134 333 338.50 0.435
134 334 338.97 0.434
134 335 340.87 0.434
134 336 341.50 0.434
134 337 343.26 0.296
134 338 344.14 0.309
134 339 346.47 0.309
135 336 349.30 0.434
135 337 349.90 0.434
135 338 351.39 0.296
135 339 352.48 0.422
136 339 358.58 0.296
